orden_nro,estado,finalizada,entrega,cliente,cuit,fecha_emision,fecha_entrega,deposito_origen,responsable,linea,id_articulo,codigo,articulo,marca,cantidad,cant_entregada,pendiente,um,precio,monto_pendiente,notas,notas_linea
300042564,Confirmada,False,Pendiente,ALEJANDRO N 34,,03/07/2026,03/07/2026,Depósito Terminado,patricia,1,PU7944NENE5,e3-907944-01,Puma 7944-01 Crew Heritage 2P Ne/Ne 5,Puma,30.0000,0.0000,30.0000,uni,6666.2000,199986.00000000,,"<Notas>
  <Nota>
    <CUIT />
    <Cliente>ALEJANDRO N 34</Cliente>
    <Direccion />
    <Telefono />
    <Expreso />
    <DireccionExpreso />
    <Notas />
  </Nota>
</Notas>"
300042564,Confirmada,False,Pendiente,ALEJANDRO N 34,,03/07/2026,03/07/2026,Depósito Terminado,patricia,2,PU7944BLBL5,e3-907944-02,Puma 7944-02 Crew Heritage 2P Bl/Bl 5,Puma,30.0000,0.0000,30.0000,uni,6666.2000,199986.00000000,,
300042564,Confirmada,False,Pendiente,ALEJANDRO N 34,,03/07/2026,03/07/2026,Depósito Terminado,patricia,3,PU7953NEM45,e5-907953-01,Puma 7953-01 BWT LIFESTYLE Q Ne/M4 5,Puma,30.0000,0.0000,30.0000,uni,4717.5000,141525.00000000,,
300042564,Confirmada,False,Pendiente,ALEJANDRO N 34,,03/07/2026,03/07/2026,Depósito Terminado,patricia,4,PU7953MNAZ5,e5-907953-03,Puma 7953-03 BWT LIFESTYLE Q Mn/Az 5,Puma,30.0000,0.0000,30.0000,uni,4717.5000,141525.00000000,,
300042564,Confirmada,False,Pendiente,ALEJANDRO N 34,,03/07/2026,03/07/2026,Depósito Terminado,patricia,5,PU504NENENE5,p1-906807/01,PUMA 6807-01 Inv. Sneakers 3P Ne/Ne/Ne 5,Puma,30.0000,0.0000,30.0000,uni,6153.4000,184602.00000000,,
300042564,Confirmada,False,Pendiente,ALEJANDRO N 34,,03/07/2026,03/07/2026,Depósito Terminado,patricia,6,PU504BLNEGM5,p1-906807/15,PUMA 6807-15 Inv. Sneakers 3P Bl/Ne/Gm 5,Puma,30.0000,0.0000,30.0000,uni,6153.4000,184602.00000000,,
300042564,Confirmada,False,Pendiente,ALEJANDRO N 34,,03/07/2026,03/07/2026,Depósito Terminado,patricia,7,PU595GMM4NE5,q2-7312-892574/02,PUMA 2574-02 Sport 3P Gm/M4/Ne 5,Puma,30.0000,0.0000,30.0000,uni,7179.0000,215370.00000000,,
300042564,Confirmada,False,Pendiente,ALEJANDRO N 34,,03/07/2026,03/07/2026,Depósito Terminado,patricia,8,PU595NENENE5,q3-7312-892574/03,PUMA 2574-03 Sport 3P Ne/Ne/Ne 5,Puma,30.0000,0.0000,30.0000,uni,7179.0000,215370.00000000,,
300042564,Confirmada,False,Pendiente,ALEJANDRO N 34,,03/07/2026,03/07/2026,Depósito Terminado,patricia,9,PU6512BLGRNE5,u1-6512-892576/01,PUMA 2576-01 Unisex Sneakers Half Terry 3P Bl/Gr/Ne 5,Puma,30.0000,0.0000,30.0000,uni,6922.6000,207678.00000000,,
300042573,Confirmada,False,Pendiente,ALEJANDRO N35,,10/07/2026,10/07/2026,Depósito Terminado,patricia,1,PU7944NENE5,e3-907944-01,Puma 7944-01 Crew Heritage 2P Ne/Ne 5,Puma,12.0000,0.0000,12.0000,uni,6666.2000,79994.40000000,,"<Notas>
  <Nota>
    <CUIT />
    <Cliente>ALEJANDRO N35</Cliente>
    <Direccion />
    <Telefono />
    <Expreso />
    <DireccionExpreso />
    <Notas />
  </Nota>
</Notas>"
300042573,Confirmada,False,Pendiente,ALEJANDRO N35,,10/07/2026,10/07/2026,Depósito Terminado,patricia,2,PU7944BLBL5,e3-907944-02,Puma 7944-02 Crew Heritage 2P Bl/Bl 5,Puma,12.0000,0.0000,12.0000,uni,6666.2000,79994.40000000,,
300042573,Confirmada,False,Pendiente,ALEJANDRO N35,,10/07/2026,10/07/2026,Depósito Terminado,patricia,3,PU8380NENE4,e4-938380-01,Puma 8380-01 Women Sock 2P Ne/Ne 4,Puma,6.0000,0.0000,6.0000,uni,5897.0000,35382.00000000,,
300042573,Confirmada,False,Pendiente,ALEJANDRO N35,,10/07/2026,10/07/2026,Depósito Terminado,patricia,4,PU8380BLBL4,e4-938380-02,Puma 8380-02 Women Sock 2P Bl/Bl 4,Puma,12.0000,0.0000,12.0000,uni,5897.0000,70764.00000000,,
300042573,Confirmada,False,Pendiente,ALEJANDRO N35,,10/07/2026,10/07/2026,Depósito Terminado,patricia,5,PU6245NENE4,n7-906245/01,Puma 6245-01 Footie 2P Ne/Ne 4,Puma,6.0000,0.0000,6.0000,uni,5640.6000,33843.60000000,,
300042573,Confirmada,False,Pendiente,ALEJANDRO N35,,10/07/2026,10/07/2026,Depósito Terminado,patricia,6,PU595GMM4NE5,q2-7312-892574/02,PUMA 2574-02 Sport 3P Gm/M4/Ne 5,Puma,12.0000,0.0000,12.0000,uni,7179.0000,86148.00000000,,
300042573,Confirmada,False,Pendiente,ALEJANDRO N35,,10/07/2026,10/07/2026,Depósito Terminado,patricia,7,PU595NENENE5,q3-7312-892574/03,PUMA 2574-03 Sport 3P Ne/Ne/Ne 5,Puma,12.0000,0.0000,12.0000,uni,7179.0000,86148.00000000,,
300042573,Confirmada,False,Pendiente,ALEJANDRO N35,,10/07/2026,10/07/2026,Depósito Terminado,patricia,8,PU3765NENEGM5,r1-883765/02,PUMA 3765-02 Lifestyle Sock 3P Ne/Ne/Gm 5,Puma,12.0000,0.0000,12.0000,uni,7691.8000,92301.60000000,,
300042573,Confirmada,False,Pendiente,ALEJANDRO N35,,10/07/2026,10/07/2026,Depósito Terminado,patricia,9,PU3765BLBLGM5,r1-883765/03,PUMA 3765-03 Lifestyle Sock 3P Bl/Bl/Gm 5,Puma,12.0000,0.0000,12.0000,uni,7691.8000,92301.60000000,,
300042573,Confirmada,False,Pendiente,ALEJANDRO N35,,10/07/2026,10/07/2026,Depósito Terminado,patricia,10,PU8372BLBLBL4,r10-938372-01,Puma 8372-01 New Generation Crew 3P Bl/Bl/Bl 4,Puma,12.0000,0.0000,12.0000,uni,8717.5000,104610.00000000,,
300042573,Confirmada,False,Pendiente,ALEJANDRO N35,,10/07/2026,10/07/2026,Depósito Terminado,patricia,11,PU8372NENENE4,r11-938372-02,Puma 8372-02 New Generation Crew 3P Ne/Ne/Ne 4,Puma,12.0000,0.0000,12.0000,uni,8717.5000,104610.00000000,,
300042573,Confirmada,False,Pendiente,ALEJANDRO N35,,10/07/2026,10/07/2026,Depósito Terminado,patricia,12,PU7940NENENE5,r15-907940-01,Puma 7940-01 Crew Sock Light Ne/Ne/Ne 5,Puma,12.0000,0.0000,12.0000,uni,8717.5000,104610.00000000,,
300042573,Confirmada,False,Pendiente,ALEJANDRO N35,,10/07/2026,10/07/2026,Depósito Terminado,patricia,13,PU7940BLBLBL5,r15-907940-02,Puma 7940-02 Crew Sock Light Bl/Bl/Bl 5,Puma,6.0000,0.0000,6.0000,uni,8717.5000,52305.00000000,,
300042573,Confirmada,False,Pendiente,ALEJANDRO N35,,10/07/2026,10/07/2026,Depósito Terminado,patricia,14,PU7940BLGMNE5,r15-907940-03,Puma 7940-03 Crew Sock Light Bl/Gm/Ne 5,Puma,12.0000,0.0000,12.0000,uni,8717.5000,104610.00000000,,
300042573,Confirmada,False,Pendiente,ALEJANDRO N35,,10/07/2026,10/07/2026,Depósito Terminado,patricia,15,PU8022NEGMBL6,y2-888022/02,Puma 8022-02 Sport XXL Px3 Ne/Gm/Bl 6,Puma,6.0000,0.0000,6.0000,uni,7179.0000,43074.00000000,,
300042565,Confirmada,False,Parcial,ANNEX,,03/07/2026,03/07/2026,Depósito Terminado,patricia,2,PU7944BLBL5,e3-907944-02,Puma 7944-02 Crew Heritage 2P Bl/Bl 5,Puma,750.0000,0.0000,750.0000,uni,6666.2000,4999650.00000000,,
300042560,Confirmada,False,Pendiente,Antonio Luquin (sporting),,02/07/2026,02/07/2026,Depósito Terminado,pu-noa,1,PU7953NEM45,e5-907953-01,Puma 7953-01 BWT LIFESTYLE Q Ne/M4 5,Puma,1194.0000,0.0000,1194.0000,uni,4717.5000,5632695.00000000,,"<Notas>
  <Nota>
    <CUIT />
    <Cliente>Antonio Luquin (sporting)</Cliente>
    <Direccion />
    <Telefono />
    <Expreso />
    <DireccionExpreso />
    <Notas />
  </Nota>
</Notas>"
300042560,Confirmada,False,Pendiente,Antonio Luquin (sporting),,02/07/2026,02/07/2026,Depósito Terminado,pu-noa,2,PU7953MNAZ5,e5-907953-03,Puma 7953-03 BWT LIFESTYLE Q Mn/Az 5,Puma,1182.0000,0.0000,1182.0000,uni,4717.5000,5576085.00000000,,
300042560,Confirmada,False,Pendiente,Antonio Luquin (sporting),,02/07/2026,02/07/2026,Depósito Terminado,pu-noa,3,PU8643RSBE4,e7-938643-05,Puma 8643-05 Heritage Toe Sneaker 2P Rs/Be 4,Puma,876.0000,0.0000,876.0000,uni,5127.7000,4491865.20000000,,
300042560,Confirmada,False,Pendiente,Antonio Luquin (sporting),,02/07/2026,02/07/2026,Depósito Terminado,pu-noa,4,PU7947NEGT4,j3-907947-01,Puma 7947-01 BWT SNEAKER Ne/Gt 4,Puma,648.0000,0.0000,648.0000,uni,5217.7000,3381069.60000000,,
300042560,Confirmada,False,Pendiente,Antonio Luquin (sporting),,02/07/2026,02/07/2026,Depósito Terminado,pu-noa,5,PU7947RSGR4,j3-907947-04,Puma 7947-04 BWT SNEAKER Rs/Gr 4,Puma,666.0000,0.0000,666.0000,uni,5217.7000,3474988.20000000,,
300042560,Confirmada,False,Pendiente,Antonio Luquin (sporting),,02/07/2026,02/07/2026,Depósito Terminado,pu-noa,6,PU1015BLBLBL4,n99-906978/07,Puma 6978-07 Quarter 3P Bl/Bl/Bl 4,Puma,846.0000,0.0000,846.0000,uni,6666.2000,5639605.20000000,,
300042560,Confirmada,False,Pendiente,Antonio Luquin (sporting),,02/07/2026,02/07/2026,Depósito Terminado,pu-noa,7,PU1015BLNEGM4,o0-906978/21,Puma 6978-21 Quarter 3P Bl/Ne/Gm 4,Puma,2382.0000,0.0000,2382.0000,uni,6666.2000,15878888.40000000,,
300042560,Confirmada,False,Pendiente,Antonio Luquin (sporting),,02/07/2026,02/07/2026,Depósito Terminado,pu-noa,8,PU681BLBLBL5,o1-906978/07,PUMA 6978-07 Quarter 3P  Bl/Bl/Bl 5,Puma,834.0000,0.0000,834.0000,uni,6666.2000,5559610.80000000,,
300042560,Confirmada,False,Pendiente,Antonio Luquin (sporting),,02/07/2026,02/07/2026,Depósito Terminado,pu-noa,9,PU681BLNEGM5,o2-906978/21,PUMA 6978-21 Quarter 3P Bl/Ne/Gm 5,Puma,2370.0000,0.0000,2370.0000,uni,6666.2000,15798894.00000000,,
300042560,Confirmada,False,Pendiente,Antonio Luquin (sporting),,02/07/2026,02/07/2026,Depósito Terminado,pu-noa,10,PU1025BLBLBL4,o5-906807/03,Puma 6807-03 Inv. Sneaker 3P Bl/Bl/Bl 4,Puma,1074.0000,0.0000,1074.0000,uni,6153.4000,6608751.60000000,,
300042560,Confirmada,False,Pendiente,Antonio Luquin (sporting),,02/07/2026,02/07/2026,Depósito Terminado,pu-noa,11,PU1025BLNEGM4,o7-906807/15,Puma 6807-15 Inv. Sneaker 3P Bl/Ne/Gm 4,Puma,2262.0000,0.0000,2262.0000,uni,6153.4000,13918990.80000000,,
300042560,Confirmada,False,Pendiente,Antonio Luquin (sporting),,02/07/2026,02/07/2026,Depósito Terminado,pu-noa,12,PU504BLBLBL5,p1-906807/03,PUMA 6807-03 Inv. Sneakers 3P Bl/Bl/Bl 5,Puma,1050.0000,0.0000,1050.0000,uni,6153.4000,6461070.00000000,,
300042560,Confirmada,False,Pendiente,Antonio Luquin (sporting),,02/07/2026,02/07/2026,Depósito Terminado,pu-noa,13,PU504BLNEGM5,p1-906807/15,PUMA 6807-15 Inv. Sneakers 3P Bl/Ne/Gm 5,Puma,2250.0000,0.0000,2250.0000,uni,6153.4000,13845150.00000000,,
300042560,Confirmada,False,Pendiente,Antonio Luquin (sporting),,02/07/2026,02/07/2026,Depósito Terminado,pu-noa,14,PU1025AOAEMN5,p4/906807/16,Puma 6807-16 Inv. Sneaker 3P Ao/Ae/Mn 5,Puma,726.0000,0.0000,726.0000,uni,6153.4000,4467368.40000000,,
300042560,Confirmada,False,Pendiente,Antonio Luquin (sporting),,02/07/2026,02/07/2026,Depósito Terminado,pu-noa,15,PU1025TUVEVI4,p5-906807-79,Puma 6807-79 Inv. Sneaker 3P Tu/Ve/Vi 4,Puma,846.0000,0.0000,846.0000,uni,6153.4000,5205776.40000000,,
300042560,Confirmada,False,Pendiente,Antonio Luquin (sporting),,02/07/2026,02/07/2026,Depósito Terminado,pu-noa,16,PU595GMM4NE5,q2-7312-892574/02,PUMA 2574-02 Sport 3P Gm/M4/Ne 5,Puma,1224.0000,0.0000,1224.0000,uni,7179.0000,8787096.00000000,,
300042560,Confirmada,False,Pendiente,Antonio Luquin (sporting),,02/07/2026,02/07/2026,Depósito Terminado,pu-noa,17,PU595NENENE5,q3-7312-892574/03,PUMA 2574-03 Sport 3P Ne/Ne/Ne 5,Puma,1188.0000,0.0000,1188.0000,uni,7179.0000,8528652.00000000,,
300042561,Confirmada,False,Pendiente,Antonio Luquin (woker),,02/07/2026,02/07/2026,Depósito Terminado,pu-noa,1,PU7953NEM45,e5-907953-01,Puma 7953-01 BWT LIFESTYLE Q Ne/M4 5,Puma,84.0000,0.0000,84.0000,uni,4717.5000,396270.00000000,,"<Notas>
  <Nota>
    <CUIT />
    <Cliente>Antonio Luquin (woker)</Cliente>
    <Direccion />
    <Telefono />
    <Expreso />
    <DireccionExpreso />
    <Notas />
  </Nota>
</Notas>"
300042561,Confirmada,False,Pendiente,Antonio Luquin (woker),,02/07/2026,02/07/2026,Depósito Terminado,pu-noa,2,PU7953RSM44,e5-907953-04,Puma 7953-04 BWT LIFESTYLE Q Rs/M4 4,Puma,84.0000,0.0000,84.0000,uni,4717.5000,396270.00000000,,
300042561,Confirmada,False,Pendiente,Antonio Luquin (woker),,02/07/2026,02/07/2026,Depósito Terminado,pu-noa,3,PU8643RSBE4,e7-938643-05,Puma 8643-05 Heritage Toe Sneaker 2P Rs/Be 4,Puma,24.0000,0.0000,24.0000,uni,5127.7000,123064.80000000,,
300042561,Confirmada,False,Pendiente,Antonio Luquin (woker),,02/07/2026,02/07/2026,Depósito Terminado,pu-noa,4,PU7947NEGT4,j3-907947-01,Puma 7947-01 BWT SNEAKER Ne/Gt 4,Puma,60.0000,0.0000,60.0000,uni,5217.7000,313062.00000000,,
300042561,Confirmada,False,Pendiente,Antonio Luquin (woker),,02/07/2026,02/07/2026,Depósito Terminado,pu-noa,5,PU7947BLGM4,j3-907947-02,Puma 7947-02 BWT SNEAKER Bl/Gm 4,Puma,36.0000,0.0000,36.0000,uni,5217.7000,187837.20000000,,
300042561,Confirmada,False,Pendiente,Antonio Luquin (woker),,02/07/2026,02/07/2026,Depósito Terminado,pu-noa,6,PU7947RSGR4,j3-907947-04,Puma 7947-04 BWT SNEAKER Rs/Gr 4,Puma,36.0000,0.0000,36.0000,uni,5217.7000,187837.20000000,,
300042561,Confirmada,False,Pendiente,Antonio Luquin (woker),,02/07/2026,02/07/2026,Depósito Terminado,pu-noa,7,PU7947NEGT5,j4-907947-01,Puma 7947-01 BWT SNEAKER Ne/Gt 5,Puma,12.0000,0.0000,12.0000,uni,5217.7000,62612.40000000,,
300042561,Confirmada,False,Pendiente,Antonio Luquin (woker),,02/07/2026,02/07/2026,Depósito Terminado,pu-noa,8,PU8020BLRS4,j7-938020-04,Puma 8020-04 Women Heart Short Sock Bl/Rs 4,Puma,48.0000,0.0000,48.0000,uni,6153.4000,295363.20000000,,
300042561,Confirmada,False,Pendiente,Antonio Luquin (woker),,02/07/2026,02/07/2026,Depósito Terminado,pu-noa,9,PU1015BLBLBL4,n99-906978/07,Puma 6978-07 Quarter 3P Bl/Bl/Bl 4,Puma,48.0000,0.0000,48.0000,uni,6666.2000,319977.60000000,,
300042561,Confirmada,False,Pendiente,Antonio Luquin (woker),,02/07/2026,02/07/2026,Depósito Terminado,pu-noa,10,PU1015BLNEGM4,o0-906978/21,Puma 6978-21 Quarter 3P Bl/Ne/Gm 4,Puma,186.0000,0.0000,186.0000,uni,6666.2000,1239913.20000000,,
300042561,Confirmada,False,Pendiente,Antonio Luquin (woker),,02/07/2026,02/07/2026,Depósito Terminado,pu-noa,11,PU681BLBLBL5,o1-906978/07,PUMA 6978-07 Quarter 3P  Bl/Bl/Bl 5,Puma,48.0000,0.0000,48.0000,uni,6666.2000,319977.60000000,,
300042561,Confirmada,False,Pendiente,Antonio Luquin (woker),,02/07/2026,02/07/2026,Depósito Terminado,pu-noa,12,PU681BLNEGM5,o2-906978/21,PUMA 6978-21 Quarter 3P Bl/Ne/Gm 5,Puma,186.0000,0.0000,186.0000,uni,6666.2000,1239913.20000000,,
300042561,Confirmada,False,Pendiente,Antonio Luquin (woker),,02/07/2026,02/07/2026,Depósito Terminado,pu-noa,13,PU1025BLBLBL4,o5-906807/03,Puma 6807-03 Inv. Sneaker 3P Bl/Bl/Bl 4,Puma,90.0000,0.0000,90.0000,uni,6153.4000,553806.00000000,,
300042561,Confirmada,False,Pendiente,Antonio Luquin (woker),,02/07/2026,02/07/2026,Depósito Terminado,pu-noa,14,PU1025BLNEGM4,o7-906807/15,Puma 6807-15 Inv. Sneaker 3P Bl/Ne/Gm 4,Puma,210.0000,0.0000,210.0000,uni,6153.4000,1292214.00000000,,
300042561,Confirmada,False,Pendiente,Antonio Luquin (woker),,02/07/2026,02/07/2026,Depósito Terminado,pu-noa,15,PU504BLBLBL5,p1-906807/03,PUMA 6807-03 Inv. Sneakers 3P Bl/Bl/Bl 5,Puma,90.0000,0.0000,90.0000,uni,6153.4000,553806.00000000,,
300042561,Confirmada,False,Pendiente,Antonio Luquin (woker),,02/07/2026,02/07/2026,Depósito Terminado,pu-noa,16,PU504BLNEGM5,p1-906807/15,PUMA 6807-15 Inv. Sneakers 3P Bl/Ne/Gm 5,Puma,210.0000,0.0000,210.0000,uni,6153.4000,1292214.00000000,,
300042561,Confirmada,False,Pendiente,Antonio Luquin (woker),,02/07/2026,02/07/2026,Depósito Terminado,pu-noa,17,PU1025AOAEMN5,p4/906807/16,Puma 6807-16 Inv. Sneaker 3P Ao/Ae/Mn 5,Puma,108.0000,0.0000,108.0000,uni,6153.4000,664567.20000000,,
300042561,Confirmada,False,Pendiente,Antonio Luquin (woker),,02/07/2026,02/07/2026,Depósito Terminado,pu-noa,18,PU1025TUVEVI5,p5-906807-79,Puma 6807-79 Inv. Sneaker 3P Tu/Ve/Vi 5,Puma,108.0000,0.0000,108.0000,uni,6153.4000,664567.20000000,,
300042561,Confirmada,False,Pendiente,Antonio Luquin (woker),,02/07/2026,02/07/2026,Depósito Terminado,pu-noa,19,PU595GMM4NE5,q2-7312-892574/02,PUMA 2574-02 Sport 3P Gm/M4/Ne 5,Puma,48.0000,0.0000,48.0000,uni,7179.0000,344592.00000000,,
300042561,Confirmada,False,Pendiente,Antonio Luquin (woker),,02/07/2026,02/07/2026,Depósito Terminado,pu-noa,20,PU595NENENE5,q3-7312-892574/03,PUMA 2574-03 Sport 3P Ne/Ne/Ne 5,Puma,48.0000,0.0000,48.0000,uni,7179.0000,344592.00000000,,
300042561,Confirmada,False,Pendiente,Antonio Luquin (woker),,02/07/2026,02/07/2026,Depósito Terminado,pu-noa,21,PU3765NENEGM5,r1-883765/02,PUMA 3765-02 Lifestyle Sock 3P Ne/Ne/Gm 5,Puma,132.0000,0.0000,132.0000,uni,7691.8000,1015317.60000000,,
300042561,Confirmada,False,Pendiente,Antonio Luquin (woker),,02/07/2026,02/07/2026,Depósito Terminado,pu-noa,22,PU3765BLBLGM5,r1-883765/03,PUMA 3765-03 Lifestyle Sock 3P Bl/Bl/Gm 5,Puma,120.0000,0.0000,120.0000,uni,7691.8000,923016.00000000,,
300042431,Confirmada,False,Parcial,ATOMIK-ABRIL,,23/04/2026,23/04/2026,Depósito Terminado,soledad,1,SEAT2409BLNE4,,Atomik 2409 Medias Padel Blanco/Negro 4,Atomik,1500.0000,1353.0000,147.0000,par,0.0000,0E-8,,"<Notas>
  <Nota>
    <CUIT />
    <Cliente>ATOMIK-ABRIL</Cliente>
    <Direccion />
    <Telefono />
    <Expreso />
    <DireccionExpreso />
    <Notas />
  </Nota>
</Notas>"
300042431,Confirmada,False,Parcial,ATOMIK-ABRIL,,23/04/2026,23/04/2026,Depósito Terminado,soledad,3,SEAT2409NEBL4,,Atomik 2409 Medias Padel Negro/Blanco 4,Atomik,1500.0000,1396.0000,104.0000,par,0.0000,0E-8,,
300042431,Confirmada,False,Parcial,ATOMIK-ABRIL,,23/04/2026,23/04/2026,Depósito Terminado,soledad,6,SEAT2410BLNE5,,Atomik 2410 Medias Futbol 1P Blanco/Negro 5,Atomik,600.0000,541.0000,59.0000,par,0.0000,0E-8,,
300042431,Confirmada,False,Parcial,ATOMIK-ABRIL,,23/04/2026,23/04/2026,Depósito Terminado,soledad,9,SEAT2410MNBL4,,Atomik 2410 Medias Futbol 1P Marino/Blanco 4,Atomik,300.0000,202.0000,98.0000,par,0.0000,0E-8,,
300042431,Confirmada,False,Parcial,ATOMIK-ABRIL,,23/04/2026,23/04/2026,Depósito Terminado,soledad,11,SEAT2410NEBL3,,Atomik 2410 Medias Futbol 1P Negro/Blanco 3,Atomik,300.0000,81.0000,219.0000,par,0.0000,0E-8,,
300042275,Confirmada,False,Parcial,ATOMIK-FEBRERO,,09/02/2026,09/02/2026,Depósito Terminado,soledad,1,AT2401BLBL4,,Atomik 2401(Atk-Caña)Media Liso x2 Bl/Bl 4,Atomik,3000.0000,25.0000,2975.0000,uni,0.0000,0E-8,,"<Notas>
  <Nota>
    <CUIT />
    <Cliente>ATOMIK-FEBRERO</Cliente>
    <Direccion />
    <Telefono />
    <Expreso />
    <DireccionExpreso />
    <Notas />
  </Nota>
</Notas>"
300042275,Confirmada,False,Parcial,ATOMIK-FEBRERO,,09/02/2026,09/02/2026,Depósito Terminado,soledad,2,AT2401BLBL5,,Atomik 2401(Atk-Caña)Media Liso x2 Bl/Bl 5,Atomik,3500.0000,0.0000,3500.0000,uni,0.0000,0E-8,,
300042275,Confirmada,False,Parcial,ATOMIK-FEBRERO,,09/02/2026,09/02/2026,Depósito Terminado,soledad,3,AT2401NENE4,,Atomik 2401(Atk-Caña)Media Liso x2 Ne/Ne 4,Atomik,3000.0000,0.0000,3000.0000,uni,0.0000,0E-8,,
300042275,Confirmada,False,Parcial,ATOMIK-FEBRERO,,09/02/2026,09/02/2026,Depósito Terminado,soledad,4,AT2401NENE5,,Atomik 2401(Atk-Caña)Media Liso x2 Ne/Ne 5,Atomik,3500.0000,2065.0000,1435.0000,uni,0.0000,0E-8,,
300042275,Confirmada,False,Parcial,ATOMIK-FEBRERO,,09/02/2026,09/02/2026,Depósito Terminado,soledad,5,AT2402BLBLBL4,,Atomik 2402(Atk-1025)Soquete Unisex Basico x3 Bl/Bl/Bl 4,Atomik,2000.0000,1972.0000,28.0000,uni,0.0000,0E-8,,
300042275,Confirmada,False,Parcial,ATOMIK-FEBRERO,,09/02/2026,09/02/2026,Depósito Terminado,soledad,6,AT2402BLBLBL5,,Atomik 2402(Atk-1025)Soquete Unisex Basico x3 Bl/Bl/Bl 5,Atomik,2500.0000,2157.0000,343.0000,uni,0.0000,0E-8,,
300042275,Confirmada,False,Parcial,ATOMIK-FEBRERO,,09/02/2026,09/02/2026,Depósito Terminado,soledad,7,AT2402NENENE5,,Atomik 2402(Atk-1025)Soquete Unisex Basico x3 Ne/Ne/Ne 5,Atomik,3000.0000,2740.0000,260.0000,uni,0.0000,0E-8,,
300042275,Confirmada,False,Parcial,ATOMIK-FEBRERO,,09/02/2026,09/02/2026,Depósito Terminado,soledad,9,AT2402BLGMNE4,,Atomik 2402(Atk-1025)Soquete Unisex Basico x3 Bl/Gm/Ne 4,Atomik,4000.0000,3991.0000,9.0000,uni,0.0000,0E-8,,
300042275,Confirmada,False,Parcial,ATOMIK-FEBRERO,,09/02/2026,09/02/2026,Depósito Terminado,soledad,10,AT2402BLGMNE5,,Atomik 2402(Atk-1025)Soquete Unisex Basico x3 Bl/Gm/Ne 5,Atomik,4000.0000,3830.0000,170.0000,uni,0.0000,0E-8,,
300042275,Confirmada,False,Parcial,ATOMIK-FEBRERO,,09/02/2026,09/02/2026,Depósito Terminado,soledad,11,AT2403BLBLBL4,,Atomik 2403(Atk-1930)Soquete Unisex Invisible x3 Bl/Bl/Bl 4,Atomik,1500.0000,1126.0000,374.0000,uni,0.0000,0E-8,,
300042275,Confirmada,False,Parcial,ATOMIK-FEBRERO,,09/02/2026,09/02/2026,Depósito Terminado,soledad,13,AT2403NENENE5,,Atomik 2403(Atk-1930)Soquete Unisex Invisible x3 Ne/Ne/Ne 5,Atomik,2500.0000,2041.0000,459.0000,uni,0.0000,0E-8,,
300042275,Confirmada,False,Parcial,ATOMIK-FEBRERO,,09/02/2026,09/02/2026,Depósito Terminado,soledad,14,AT2403NENENE4,,Atomik 2403(Atk-1930)Soquete Unisex Invisible x3 Ne/Ne/Ne 4,Atomik,2500.0000,2008.0000,492.0000,uni,0.0000,0E-8,,
300042275,Confirmada,False,Parcial,ATOMIK-FEBRERO,,09/02/2026,09/02/2026,Depósito Terminado,soledad,17,AT2406NENE1,,Atomik 2406(Atk-7374Liso)Soquete Liso x2 Ne/Ne 1,Atomik,1000.0000,998.0000,2.0000,uni,0.0000,0E-8,,
300042275,Confirmada,False,Parcial,ATOMIK-FEBRERO,,09/02/2026,09/02/2026,Depósito Terminado,soledad,18,AT2406NENE2,,Atomik 2406(Atk-7374Liso)Soquete Liso x2 Ne/Ne 2,Atomik,1500.0000,1498.0000,2.0000,uni,0.0000,0E-8,,
300042275,Confirmada,False,Parcial,ATOMIK-FEBRERO,,09/02/2026,09/02/2026,Depósito Terminado,soledad,20,AT2406BLBL1,,Atomik 2406(Atk-7374Liso)Soquete Liso x2 Bl/Bl 1,Atomik,1000.0000,916.0000,84.0000,uni,0.0000,0E-8,,
300042275,Confirmada,False,Parcial,ATOMIK-FEBRERO,,09/02/2026,09/02/2026,Depósito Terminado,soledad,21,AT2406BLBL2,,Atomik 2406(Atk-7374Liso)Soquete Liso x2 Bl/Bl 2,Atomik,1500.0000,1480.0000,20.0000,uni,0.0000,0E-8,,
300042275,Confirmada,False,Parcial,ATOMIK-FEBRERO,,09/02/2026,09/02/2026,Depósito Terminado,soledad,23,AT2407NENE1,,Atomik 2407(Atk-Cole)Media Liso x2 Ne/Ne 1,Atomik,2000.0000,1996.0000,4.0000,uni,0.0000,0E-8,,
300042275,Confirmada,False,Parcial,ATOMIK-FEBRERO,,09/02/2026,09/02/2026,Depósito Terminado,soledad,24,AT2407NENE2,,Atomik 2407(Atk-Cole)Media Liso x2 Ne/Ne 2,Atomik,3000.0000,2997.0000,3.0000,uni,0.0000,0E-8,,
300042275,Confirmada,False,Parcial,ATOMIK-FEBRERO,,09/02/2026,09/02/2026,Depósito Terminado,soledad,25,AT2407NENE3,,Atomik 2407(Atk-Cole)Media Liso x2 Ne/Ne 3,Atomik,4000.0000,3837.0000,163.0000,uni,0.0000,0E-8,,
300042275,Confirmada,False,Parcial,ATOMIK-FEBRERO,,09/02/2026,09/02/2026,Depósito Terminado,soledad,26,AT2407BLBL1,,Atomik 2407(Atk-Cole)Media Liso x2 Bl/Bl 1,Atomik,1000.0000,995.0000,5.0000,uni,0.0000,0E-8,,
300042275,Confirmada,False,Parcial,ATOMIK-FEBRERO,,09/02/2026,09/02/2026,Depósito Terminado,soledad,27,AT2407BLBL2,,Atomik 2407(Atk-Cole)Media Liso x2 Bl/Bl 2,Atomik,1500.0000,1284.0000,216.0000,uni,0.0000,0E-8,,
300042275,Confirmada,False,Parcial,ATOMIK-FEBRERO,,09/02/2026,09/02/2026,Depósito Terminado,soledad,28,AT2407BLBL3,,Atomik 2407(Atk-Cole)Media Liso x2 Bl/Bl 3,Atomik,2500.0000,2483.0000,17.0000,uni,0.0000,0E-8,,
300042275,Confirmada,False,Parcial,ATOMIK-FEBRERO,,09/02/2026,09/02/2026,Depósito Terminado,soledad,30,AT2407BLNE2,,Atomik 2407(Atk-Cole)Media Liso x2 Bl/Ne 2,Atomik,2000.0000,1954.0000,46.0000,uni,0.0000,0E-8,,
300042275,Confirmada,False,Parcial,ATOMIK-FEBRERO,,09/02/2026,09/02/2026,Depósito Terminado,soledad,31,AT2407BLNE3,,Atomik 2407(Atk-Cole)Media Liso x2 Bl/Ne 3,Atomik,3000.0000,1306.0000,1694.0000,uni,0.0000,0E-8,,
300042275,Confirmada,False,Parcial,ATOMIK-FEBRERO,,09/02/2026,09/02/2026,Depósito Terminado,soledad,32,AT2400NENE4,,Atomik 2400 Medias Stripe x2 Ne/Ne 4,Atomik,3000.0000,1135.0000,1865.0000,uni,0.0000,0E-8,,
300042275,Confirmada,False,Parcial,ATOMIK-FEBRERO,,09/02/2026,09/02/2026,Depósito Terminado,soledad,33,AT2400NENE5,,Atomik 2400 Medias Stripe x2 Ne/Ne 5,Atomik,3000.0000,98.0000,2902.0000,uni,0.0000,0E-8,,
300042275,Confirmada,False,Parcial,ATOMIK-FEBRERO,,09/02/2026,09/02/2026,Depósito Terminado,soledad,34,AT2400BLBL4,,Atomik 2400 Medias Stripe x2 Bl/Bl 4,Atomik,3000.0000,763.0000,2237.0000,uni,0.0000,0E-8,,
300042275,Confirmada,False,Parcial,ATOMIK-FEBRERO,,09/02/2026,09/02/2026,Depósito Terminado,soledad,35,AT2400BLBL5,,Atomik 2400 Medias Stripe x2 Bl/Bl 5,Atomik,3000.0000,0.0000,3000.0000,uni,0.0000,0E-8,,
300042275,Confirmada,False,Parcial,ATOMIK-FEBRERO,,09/02/2026,09/02/2026,Depósito Terminado,soledad,36,AT2400BLNE4,,Atomik 2400 Medias Stripe x2 Bl/Ne 4,Atomik,2000.0000,0.0000,2000.0000,uni,0.0000,0E-8,,
300042275,Confirmada,False,Parcial,ATOMIK-FEBRERO,,09/02/2026,09/02/2026,Depósito Terminado,soledad,37,AT2400BLNE5,,Atomik 2400 Medias Stripe x2 Bl/Ne 5,Atomik,2000.0000,0.0000,2000.0000,uni,0.0000,0E-8,,
300042275,Confirmada,False,Parcial,ATOMIK-FEBRERO,,09/02/2026,09/02/2026,Depósito Terminado,soledad,38,AT2408BLNE1,,Atomik 2408 Medias Stripe Kids x2 Bl/Ne 1,Atomik,1000.0000,0.0000,1000.0000,uni,0.0000,0E-8,,
300042275,Confirmada,False,Parcial,ATOMIK-FEBRERO,,09/02/2026,09/02/2026,Depósito Terminado,soledad,39,AT2408BLNE2,,Atomik 2408 Medias Stripe Kids x2 Bl/Ne 2,Atomik,2000.0000,0.0000,2000.0000,uni,0.0000,0E-8,,
300042275,Confirmada,False,Parcial,ATOMIK-FEBRERO,,09/02/2026,09/02/2026,Depósito Terminado,soledad,40,AT2408BLNE3,,Atomik 2408 Medias Stripe Kids x2 Bl/Ne 3,Atomik,2000.0000,0.0000,2000.0000,uni,0.0000,0E-8,,
300042275,Confirmada,False,Parcial,ATOMIK-FEBRERO,,09/02/2026,09/02/2026,Depósito Terminado,soledad,41,AT2408BLBL1,,Atomik 2408 Medias Stripe Kids x2 Bl/Bl 1,Atomik,1000.0000,575.0000,425.0000,uni,0.0000,0E-8,,
300042275,Confirmada,False,Parcial,ATOMIK-FEBRERO,,09/02/2026,09/02/2026,Depósito Terminado,soledad,42,AT2408BLBL2,,Atomik 2408 Medias Stripe Kids x2 Bl/Bl 2,Atomik,2000.0000,384.0000,1616.0000,uni,0.0000,0E-8,,
300042275,Confirmada,False,Parcial,ATOMIK-FEBRERO,,09/02/2026,09/02/2026,Depósito Terminado,soledad,43,AT2408BLBL3,,Atomik 2408 Medias Stripe Kids x2 Bl/Bl 3,Atomik,2000.0000,0.0000,2000.0000,uni,0.0000,0E-8,,
300042275,Confirmada,False,Parcial,ATOMIK-FEBRERO,,09/02/2026,09/02/2026,Depósito Terminado,soledad,44,AT2408NENE1,,Atomik 2408 Medias Stripe Kids x2 Ne/Ne 1,Atomik,1000.0000,447.0000,553.0000,uni,0.0000,0E-8,,
300042275,Confirmada,False,Parcial,ATOMIK-FEBRERO,,09/02/2026,09/02/2026,Depósito Terminado,soledad,45,AT2408NENE2,,Atomik 2408 Medias Stripe Kids x2 Ne/Ne 2,Atomik,2000.0000,446.0000,1554.0000,uni,0.0000,0E-8,,
300042275,Confirmada,False,Parcial,ATOMIK-FEBRERO,,09/02/2026,09/02/2026,Depósito Terminado,soledad,46,AT2408NENE3,,Atomik 2408 Medias Stripe Kids x2 Ne/Ne 3,Atomik,2000.0000,0.0000,2000.0000,uni,0.0000,0E-8,,
300042375,Confirmada,False,Parcial,BLOISE,,26/03/2026,26/03/2026,Depósito Terminado,patricia,1,VA510BLNE5,,Varios 510 SOX Bipacks LISA Bl/Ne 5,Varios,288.0000,0.0000,288.0000,uni,0.0000,0E-8,,"<Notas>
  <Nota>
    <CUIT />
    <Cliente>BLOISE</Cliente>
    <Direccion />
    <Telefono />
    <Expreso />
    <DireccionExpreso />
    <Notas />
  </Nota>
</Notas>"
300042375,Confirmada,False,Parcial,BLOISE,,26/03/2026,26/03/2026,Depósito Terminado,patricia,2,VA510NENE5,,Varios 510 SOX Bipacks LISA Ne/Ne 5,Varios,288.0000,0.0000,288.0000,uni,0.0000,0E-8,,
300042375,Confirmada,False,Parcial,BLOISE,,26/03/2026,26/03/2026,Depósito Terminado,patricia,3,VA510RORO5,,Varios 510 SOX Bipacks LISA Ro/Ro 5,Varios,180.0000,0.0000,180.0000,uni,0.0000,0E-8,,
300042375,Confirmada,False,Parcial,BLOISE,,26/03/2026,26/03/2026,Depósito Terminado,patricia,4,VA510MNMN4,,Varios 510 SOX Bipacks LISA Mn/Mn 4,Varios,120.0000,24.0000,96.0000,uni,0.0000,0E-8,,
300042375,Confirmada,False,Parcial,BLOISE,,26/03/2026,26/03/2026,Depósito Terminado,patricia,5,VA510MNMN5,,Varios 510 SOX Bipacks LISA Mn/Mn 5,Varios,240.0000,0.0000,240.0000,uni,0.0000,0E-8,,
300042375,Confirmada,False,Parcial,BLOISE,,26/03/2026,26/03/2026,Depósito Terminado,patricia,11,SEVA508NEBL5,,Varios 508 Futbol BS Negro/Blanco 5,Varios,240.0000,24.0000,216.0000,par,0.0000,0E-8,,
300042375,Confirmada,False,Parcial,BLOISE,,26/03/2026,26/03/2026,Depósito Terminado,patricia,12,SEVA508BLNE4,,Varios 508 Futbol BS Blanco/Negro 4,Varios,180.0000,0.0000,180.0000,par,0.0000,0E-8,,
300042375,Confirmada,False,Parcial,BLOISE,,26/03/2026,26/03/2026,Depósito Terminado,patricia,13,SEVA508BLNE5,,Varios 508 Futbol BS Blanco/Negro 5,Varios,240.0000,120.0000,120.0000,par,0.0000,0E-8,,
300042375,Confirmada,False,Parcial,BLOISE,,26/03/2026,26/03/2026,Depósito Terminado,patricia,14,VA507NENENE4,,Varios 513 BS Soquete Ne/Ne/Ne 4,Varios,216.0000,60.0000,156.0000,uni,0.0000,0E-8,,
300042375,Confirmada,False,Parcial,BLOISE,,26/03/2026,26/03/2026,Depósito Terminado,patricia,16,VA507BLBLBL4,,Varios 513 BS Soquete Bl/Bl/Bl 4,Varios,216.0000,0.0000,216.0000,uni,0.0000,0E-8,,
300042375,Confirmada,False,Parcial,BLOISE,,26/03/2026,26/03/2026,Depósito Terminado,patricia,17,VA507BLBLBL5,,Varios 513 BS Soquete Bl/Bl/Bl 5,Varios,360.0000,240.0000,120.0000,uni,0.0000,0E-8,,
300042375,Confirmada,False,Parcial,BLOISE,,26/03/2026,26/03/2026,Depósito Terminado,patricia,18,VA517NENE4,,Varios 512 BS Soquete Anti Px2 Ne/Ne 4,Varios,480.0000,0.0000,480.0000,uni,0.0000,0E-8,,
300042375,Confirmada,False,Parcial,BLOISE,,26/03/2026,26/03/2026,Depósito Terminado,patricia,19,VA517NENE5,,Varios 512 BS Soquete Anti Px2 Ne/Ne 5,Varios,240.0000,12.0000,228.0000,uni,0.0000,0E-8,,
300042375,Confirmada,False,Parcial,BLOISE,,26/03/2026,26/03/2026,Depósito Terminado,patricia,20,VA517BLBL4,,Varios 512 BS Soquete Anti Px2 Bl/Bl 4,Varios,480.0000,0.0000,480.0000,uni,0.0000,0E-8,,
300042375,Confirmada,False,Parcial,BLOISE,,26/03/2026,26/03/2026,Depósito Terminado,patricia,21,VA517BLBL5,,Varios 512 BS Soquete Anti Px2 Bl/Bl 5,Varios,240.0000,48.0000,192.0000,uni,0.0000,0E-8,,
300042375,Confirmada,False,Parcial,BLOISE,,26/03/2026,26/03/2026,Depósito Terminado,patricia,22,SEVA511NEGR5,,Varios 511 SOX Px1 LISA Negro/Gris 5,Varios,600.0000,0.0000,600.0000,par,0.0000,0E-8,,
300042375,Confirmada,False,Parcial,BLOISE,,26/03/2026,26/03/2026,Depósito Terminado,patricia,23,SEVA511BLNE5,,Varios 511 SOX Px1 LISA Blanco/Negro 5,Varios,240.0000,0.0000,240.0000,par,0.0000,0E-8,,
300042375,Confirmada,False,Parcial,BLOISE,,26/03/2026,26/03/2026,Depósito Terminado,patricia,24,SEVA511MNBL4,,Varios 511 SOX Px1 LISA Marino/Blanco 4,Varios,78.0000,0.0000,78.0000,par,0.0000,0E-8,,
300042375,Confirmada,False,Parcial,BLOISE,,26/03/2026,26/03/2026,Depósito Terminado,patricia,25,SEVA511MNBL5,,Varios 511 SOX Px1 LISA Marino/Blanco 5,Varios,360.0000,0.0000,360.0000,par,0.0000,0E-8,,
300042375,Confirmada,False,Parcial,BLOISE,,26/03/2026,26/03/2026,Depósito Terminado,patricia,26,SEVA511RONE5,,Varios 511 SOX Px1 LISA Rojo/Negro 5,Varios,240.0000,0.0000,240.0000,par,0.0000,0E-8,,
300042375,Confirmada,False,Parcial,BLOISE,,26/03/2026,26/03/2026,Depósito Terminado,patricia,27,SEVA508NEBL4,,Varios 508 Futbol BS Negro/Blanco 4,Varios,120.0000,0.0000,120.0000,par,0.0000,0E-8,,
300042566,Confirmada,False,Pendiente,BONERRO RUFFENER CAROLINA,,04/07/2026,04/07/2026,Depósito Terminado,pu-raul2,1,PU7964NENE3,c2-907964-01,Puma 7964-01 CLYDE JUNIOR Q Ne/Ne 3,Puma,12.0000,0.0000,12.0000,uni,4614.9000,55378.80000000,Entregar como siempre,"<Notas>
  <Nota>
    <CUIT />
    <Cliente>BONERRO RUFFENER CAROLINA</Cliente>
    <Direccion />
    <Telefono />
    <Expreso />
    <DireccionExpreso />
    <Notas>Entregar como siempre</Notas>
  </Nota>
</Notas>"
300042566,Confirmada,False,Pendiente,BONERRO RUFFENER CAROLINA,,04/07/2026,04/07/2026,Depósito Terminado,pu-raul2,2,PU7964BLBL3,c2-907964-02,Puma 7964-02 CLYDE JUNIOR Q Bl/Bl 3,Puma,12.0000,0.0000,12.0000,uni,4614.9000,55378.80000000,Entregar como siempre,
300042566,Confirmada,False,Pendiente,BONERRO RUFFENER CAROLINA,,04/07/2026,04/07/2026,Depósito Terminado,pu-raul2,3,PU8372BLBLBL5,r10-938372-01,Puma 8372-01 New Generation Crew 3P Bl/Bl/Bl 5,Puma,12.0000,0.0000,12.0000,uni,8717.5000,104610.00000000,Entregar como siempre,
300042566,Confirmada,False,Pendiente,BONERRO RUFFENER CAROLINA,,04/07/2026,04/07/2026,Depósito Terminado,pu-raul2,4,PU8372NENENE4,r11-938372-02,Puma 8372-02 New Generation Crew 3P Ne/Ne/Ne 4,Puma,12.0000,0.0000,12.0000,uni,8717.5000,104610.00000000,Entregar como siempre,
300042566,Confirmada,False,Pendiente,BONERRO RUFFENER CAROLINA,,04/07/2026,04/07/2026,Depósito Terminado,pu-raul2,5,SEPU56BLNE5,z16-950056-01,Puma 950056-01 Traction Crew Sock 1P Blanco/Negro 5,Puma,6.0000,0.0000,6.0000,par,6153.4000,36920.40000000,Entregar como siempre,
300042566,Confirmada,False,Pendiente,BONERRO RUFFENER CAROLINA,,04/07/2026,04/07/2026,Depósito Terminado,pu-raul2,6,SEPU56MNBL5,z16-950056-02,Puma 950056-02 Traction Crew Sock 1P Marino/Blanco 5,Puma,6.0000,0.0000,6.0000,par,6153.4000,36920.40000000,Entregar como siempre,
300042566,Confirmada,False,Pendiente,BONERRO RUFFENER CAROLINA,,04/07/2026,04/07/2026,Depósito Terminado,pu-raul2,7,SEPU56NEBL5,z16-950056-03,Puma 950056-03 Traction Crew Sock 1P Negro/Blanco 5,Puma,6.0000,0.0000,6.0000,par,6153.4000,36920.40000000,Entregar como siempre,
300042570,Confirmada,False,Parcial,CAMARIÑAS,,08/07/2026,08/07/2026,Depósito Terminado,patricia,2,PU7944BLBL5,e3-907944-02,Puma 7944-02 Crew Heritage 2P Bl/Bl 5,Puma,72.0000,36.0000,36.0000,uni,6666.2000,239983.20000000,,
300042570,Confirmada,False,Parcial,CAMARIÑAS,,08/07/2026,08/07/2026,Depósito Terminado,patricia,3,PU7953NEM45,e5-907953-01,Puma 7953-01 BWT LIFESTYLE Q Ne/M4 5,Puma,72.0000,12.0000,60.0000,uni,4717.5000,283050.00000000,,
300042570,Confirmada,False,Parcial,CAMARIÑAS,,08/07/2026,08/07/2026,Depósito Terminado,patricia,9,PU8624CRBEMA5,p8-938624-27,Puma 8624-27 Unisex Sneaker Plain 3P Cr/Be/Ma 5,Puma,48.0000,18.0000,30.0000,uni,6153.4000,184602.00000000,,
300042556,Confirmada,False,Pendiente,COMIZZO deportes,30-6546709-5,29/06/2026,26/06/2026,Depósito Terminado,pu-nea,1,PU5478CEBL1,a1-935478-01,Puma 5478-01 Baby Mini Cats Ce/Bl 1,Puma,6.0000,0.0000,6.0000,uni,4102.1000,24612.60000000,30 dias 8% emb 1 y emb 3,"<Notas>
  <Nota>
    <CUIT>30-6546709-5</CUIT>
    <Cliente>COMIZZO deportes</Cliente>
    <Direccion>RECONQUISTA-SFE</Direccion>
    <Telefono />
    <Expreso>SARITA</Expreso>
    <DireccionExpreso />
    <Notas>30 dias 8% emb 1 y emb 3</Notas>
  </Nota>
</Notas>"
300042556,Confirmada,False,Pendiente,COMIZZO deportes,30-6546709-5,29/06/2026,26/06/2026,Depósito Terminado,pu-nea,2,PU7964NENE3,c2-907964-01,Puma 7964-01 CLYDE JUNIOR Q Ne/Ne 3,Puma,12.0000,0.0000,12.0000,uni,4614.9000,55378.80000000,30 dias 8% emb 1 y emb 3,
300042556,Confirmada,False,Pendiente,COMIZZO deportes,30-6546709-5,29/06/2026,26/06/2026,Depósito Terminado,pu-nea,3,PU7964BLBL3,c2-907964-02,Puma 7964-02 CLYDE JUNIOR Q Bl/Bl 3,Puma,12.0000,0.0000,12.0000,uni,4614.9000,55378.80000000,30 dias 8% emb 1 y emb 3,
300042556,Confirmada,False,Pendiente,COMIZZO deportes,30-6546709-5,29/06/2026,26/06/2026,Depósito Terminado,pu-nea,4,PU7964RSBL3,c2-907964-04,Puma 7964-04 CLYDE JUNIOR Q Rs/Bl 3,Puma,12.0000,0.0000,12.0000,uni,4614.9000,55378.80000000,30 dias 8% emb 1 y emb 3,
300042556,Confirmada,False,Pendiente,COMIZZO deportes,30-6546709-5,29/06/2026,26/06/2026,Depósito Terminado,pu-nea,5,PU8652LIBL3,c3-938652-03,Puma 8652-03 Kids Heart Logo Short Crew 2P Li/Bl 3,Puma,12.0000,0.0000,12.0000,uni,4614.9000,55378.80000000,30 dias 8% emb 1 y emb 3,
300042556,Confirmada,False,Pendiente,COMIZZO deportes,30-6546709-5,29/06/2026,26/06/2026,Depósito Terminado,pu-nea,6,PU8652RSBL3,c3-938652-04,Puma 8652-04 Kids Heart Logo Short Crew 2P Rs/Bl 3,Puma,12.0000,0.0000,12.0000,uni,4614.9000,55378.80000000,30 dias 8% emb 1 y emb 3,
300042556,Confirmada,False,Pendiente,COMIZZO deportes,30-6546709-5,29/06/2026,26/06/2026,Depósito Terminado,pu-nea,7,PU2392NENE3,d1-2392-907959/01,Puma 7959-01 Puma Easy Rider JR Ne/Ne 3,Puma,12.0000,0.0000,12.0000,uni,4358.5000,52302.00000000,30 dias 8% emb 1 y emb 3,
300042556,Confirmada,False,Pendiente,COMIZZO deportes,30-6546709-5,29/06/2026,26/06/2026,Depósito Terminado,pu-nea,8,PU7563CRBEMA5,d3-947563-01,Puma 7563-01 Unisex Logo Crew Sock 3P Cr/Be/Ma 5,Puma,12.0000,0.0000,12.0000,uni,7691.8000,92301.60000000,30 dias 8% emb 1 y emb 3,
300042556,Confirmada,False,Pendiente,COMIZZO deportes,30-6546709-5,29/06/2026,26/06/2026,Depósito Terminado,pu-nea,9,PU7563VECENE5,d3-947563-03,Puma 7563-03 Unisex Logo Crew Sock 3P Ve/Ce/Ne 5,Puma,12.0000,0.0000,12.0000,uni,7691.8000,92301.60000000,30 dias 8% emb 1 y emb 3,
300042556,Confirmada,False,Pendiente,COMIZZO deportes,30-6546709-5,29/06/2026,26/06/2026,Depósito Terminado,pu-nea,10,PU8380NENE4,e4-938380-01,Puma 8380-01 Women Sock 2P Ne/Ne 4,Puma,12.0000,0.0000,12.0000,uni,5897.0000,70764.00000000,30 dias 8% emb 1 y emb 3,
300042556,Confirmada,False,Pendiente,COMIZZO deportes,30-6546709-5,29/06/2026,26/06/2026,Depósito Terminado,pu-nea,11,PU8380BLBL4,e4-938380-02,Puma 8380-02 Women Sock 2P Bl/Bl 4,Puma,12.0000,0.0000,12.0000,uni,5897.0000,70764.00000000,30 dias 8% emb 1 y emb 3,
300042556,Confirmada,False,Pendiente,COMIZZO deportes,30-6546709-5,29/06/2026,26/06/2026,Depósito Terminado,pu-nea,12,PU8380GMGM4,e4-938380-03,Puma 8380-03 Women Sock 2P Gm/Gm 4,Puma,12.0000,0.0000,12.0000,uni,5897.0000,70764.00000000,30 dias 8% emb 1 y emb 3,
300042556,Confirmada,False,Pendiente,COMIZZO deportes,30-6546709-5,29/06/2026,26/06/2026,Depósito Terminado,pu-nea,13,PU8382NENE4,e4-938382-01,Puma 8382-01 Cushioned Sneaker 2P Ne/Ne 4,Puma,12.0000,0.0000,12.0000,uni,5230.3000,62763.60000000,30 dias 8% emb 1 y emb 3,
300042556,Confirmada,False,Pendiente,COMIZZO deportes,30-6546709-5,29/06/2026,26/06/2026,Depósito Terminado,pu-nea,14,PU8382GMGM4,e4-938382-03,Puma 8382-03 Cushioned Sneaker 2P Gm/Gm 4,Puma,12.0000,0.0000,12.0000,uni,5230.3000,62763.60000000,30 dias 8% emb 1 y emb 3,
300042556,Confirmada,False,Pendiente,COMIZZO deportes,30-6546709-5,29/06/2026,26/06/2026,Depósito Terminado,pu-nea,15,PU8382FUBL4,e4-938382-16,Puma 8382-16 Cushioned Sneaker 2P Fu/Bl 4,Puma,12.0000,0.0000,12.0000,uni,5230.3000,62763.60000000,30 dias 8% emb 1 y emb 3,
300042556,Confirmada,False,Pendiente,COMIZZO deportes,30-6546709-5,29/06/2026,26/06/2026,Depósito Terminado,pu-nea,16,PU7953RSM44,e5-907953-04,Puma 7953-04 BWT LIFESTYLE Q Rs/M4 4,Puma,12.0000,0.0000,12.0000,uni,4717.5000,56610.00000000,30 dias 8% emb 1 y emb 3,
300042556,Confirmada,False,Pendiente,COMIZZO deportes,30-6546709-5,29/06/2026,26/06/2026,Depósito Terminado,pu-nea,17,PU7950RSRS4,e7-907950-04,Puma 7950-04 Unisex BWT Cushioned Rs/Rs 4,Puma,12.0000,0.0000,12.0000,uni,5897.0000,70764.00000000,30 dias 8% emb 1 y emb 3,
300042556,Confirmada,False,Pendiente,COMIZZO deportes,30-6546709-5,29/06/2026,26/06/2026,Depósito Terminado,pu-nea,18,PU8643RSBE4,e7-938643-05,Puma 8643-05 Heritage Toe Sneaker 2P Rs/Be 4,Puma,12.0000,0.0000,12.0000,uni,5127.7000,61532.40000000,30 dias 8% emb 1 y emb 3,
300042556,Confirmada,False,Pendiente,COMIZZO deportes,30-6546709-5,29/06/2026,26/06/2026,Depósito Terminado,pu-nea,19,PU8643LICR4,e7-938643-08,Puma 8643-08 Heritage Toe Sneaker 2P Li/Cr 4,Puma,12.0000,0.0000,12.0000,uni,5127.7000,61532.40000000,30 dias 8% emb 1 y emb 3,
300042556,Confirmada,False,Pendiente,COMIZZO deportes,30-6546709-5,29/06/2026,26/06/2026,Depósito Terminado,pu-nea,20,PU6930NENENE4,l3-906930/01,Puma 6930-01 Footie P3 Ne/Ne/Ne 4,Puma,12.0000,0.0000,12.0000,uni,8204.7000,98456.40000000,30 dias 8% emb 1 y emb 3,
300042556,Confirmada,False,Pendiente,COMIZZO deportes,30-6546709-5,29/06/2026,26/06/2026,Depósito Terminado,pu-nea,21,PU1015BLNEGM4,o0-906978/21,Puma 6978-21 Quarter 3P Bl/Ne/Gm 4,Puma,24.0000,0.0000,24.0000,uni,6666.2000,159988.80000000,30 dias 8% emb 1 y emb 3,
300042556,Confirmada,False,Pendiente,COMIZZO deportes,30-6546709-5,29/06/2026,26/06/2026,Depósito Terminado,pu-nea,22,PU681NENENE5,o2-906978/03,PUMA 6978-03 Quarter 3P  Ne/Ne/Ne 5,Puma,12.0000,0.0000,12.0000,uni,6666.2000,79994.40000000,30 dias 8% emb 1 y emb 3,
300042556,Confirmada,False,Pendiente,COMIZZO deportes,30-6546709-5,29/06/2026,26/06/2026,Depósito Terminado,pu-nea,23,PU681BLNEGM5,o2-906978/21,PUMA 6978-21 Quarter 3P Bl/Ne/Gm 5,Puma,36.0000,0.0000,36.0000,uni,6666.2000,239983.20000000,30 dias 8% emb 1 y emb 3,
300042556,Confirmada,False,Pendiente,COMIZZO deportes,30-6546709-5,29/06/2026,26/06/2026,Depósito Terminado,pu-nea,24,PU1025BLNEGM4,o7-906807/15,Puma 6807-15 Inv. Sneaker 3P Bl/Ne/Gm 4,Puma,24.0000,0.0000,24.0000,uni,6153.4000,147681.60000000,30 dias 8% emb 1 y emb 3,
300042556,Confirmada,False,Pendiente,COMIZZO deportes,30-6546709-5,29/06/2026,26/06/2026,Depósito Terminado,pu-nea,25,PU504NENENE5,p1-906807/01,PUMA 6807-01 Inv. Sneakers 3P Ne/Ne/Ne 5,Puma,12.0000,0.0000,12.0000,uni,6153.4000,73840.80000000,30 dias 8% emb 1 y emb 3,
300042556,Confirmada,False,Pendiente,COMIZZO deportes,30-6546709-5,29/06/2026,26/06/2026,Depósito Terminado,pu-nea,26,PU504BLBLBL5,p1-906807/03,PUMA 6807-03 Inv. Sneakers 3P Bl/Bl/Bl 5,Puma,12.0000,0.0000,12.0000,uni,6153.4000,73840.80000000,30 dias 8% emb 1 y emb 3,
300042556,Confirmada,False,Pendiente,COMIZZO deportes,30-6546709-5,29/06/2026,26/06/2026,Depósito Terminado,pu-nea,27,PU504BLNEGM5,p1-906807/15,PUMA 6807-15 Inv. Sneakers 3P Bl/Ne/Gm 5,Puma,24.0000,0.0000,24.0000,uni,6153.4000,147681.60000000,30 dias 8% emb 1 y emb 3,
300042556,Confirmada,False,Pendiente,COMIZZO deportes,30-6546709-5,29/06/2026,26/06/2026,Depósito Terminado,pu-nea,28,PU1025BLM4NE4,p12-1025-880966/07,Puma 0966-07 Inv. Sneaker 3P Bl/M4/Ne 4,Puma,12.0000,0.0000,12.0000,uni,6153.4000,73840.80000000,30 dias 8% emb 1 y emb 3,
300042556,Confirmada,False,Pendiente,COMIZZO deportes,30-6546709-5,29/06/2026,26/06/2026,Depósito Terminado,pu-nea,29,PU1025RSBLGM4,p13-906807/20,Puma 6807-20 Inv. Sneaker 3P Rs/Bl/Gm 4,Puma,12.0000,0.0000,12.0000,uni,6153.4000,73840.80000000,30 dias 8% emb 1 y emb 3,
300042556,Confirmada,False,Pendiente,COMIZZO deportes,30-6546709-5,29/06/2026,26/06/2026,Depósito Terminado,pu-nea,30,PU1025FUGMM44,p14-906807-12,Puma 6807-12 Inv. Sneaker 3P Fu/Gm/M4 4,Puma,12.0000,0.0000,12.0000,uni,6153.4000,73840.80000000,30 dias 8% emb 1 y emb 3,
300042556,Confirmada,False,Pendiente,COMIZZO deportes,30-6546709-5,29/06/2026,26/06/2026,Depósito Terminado,pu-nea,31,PU8624VECENE5,p7-938624-30,Puma 8624-30 Unisex Sneaker Plain 3P Ve/Ce/Ne 5,Puma,24.0000,0.0000,24.0000,uni,6153.4000,147681.60000000,30 dias 8% emb 1 y emb 3,
300042556,Confirmada,False,Pendiente,COMIZZO deportes,30-6546709-5,29/06/2026,26/06/2026,Depósito Terminado,pu-nea,32,PU8624CRBEMA5,p8-938624-27,Puma 8624-27 Unisex Sneaker Plain 3P Cr/Be/Ma 5,Puma,24.0000,0.0000,24.0000,uni,6153.4000,147681.60000000,30 dias 8% emb 1 y emb 3,
300042556,Confirmada,False,Pendiente,COMIZZO deportes,30-6546709-5,29/06/2026,26/06/2026,Depósito Terminado,pu-nea,33,PU1025GTGMM44,p9-906807-14,Puma 6807-14 Puma Inv. Sneaker 3P Gt/Gm/M4 4,Puma,24.0000,0.0000,24.0000,uni,6153.4000,147681.60000000,30 dias 8% emb 1 y emb 3,
300042556,Confirmada,False,Pendiente,COMIZZO deportes,30-6546709-5,29/06/2026,26/06/2026,Depósito Terminado,pu-nea,34,PU1025GTGMM45,p9-906807-14,Puma 6807-14 Puma Inv. Sneaker 3P Gt/Gm/M4 5,Puma,24.0000,0.0000,24.0000,uni,6153.4000,147681.60000000,30 dias 8% emb 1 y emb 3,
300042556,Confirmada,False,Pendiente,COMIZZO deportes,30-6546709-5,29/06/2026,26/06/2026,Depósito Terminado,pu-nea,35,PU595BLBLBL5,q1-7312-892574/01,PUMA 6110-01 Sport 3P Bl/Bl/Bl 5,Puma,12.0000,0.0000,12.0000,uni,7179.0000,86148.00000000,30 dias 8% emb 1 y emb 3,
300042556,Confirmada,False,Pendiente,COMIZZO deportes,30-6546709-5,29/06/2026,26/06/2026,Depósito Terminado,pu-nea,36,PU595GMM4NE5,q2-7312-892574/02,PUMA 2574-02 Sport 3P Gm/M4/Ne 5,Puma,24.0000,0.0000,24.0000,uni,7179.0000,172296.00000000,30 dias 8% emb 1 y emb 3,
300042556,Confirmada,False,Pendiente,COMIZZO deportes,30-6546709-5,29/06/2026,26/06/2026,Depósito Terminado,pu-nea,37,PU595NENENE5,q3-7312-892574/03,PUMA 2574-03 Sport 3P Ne/Ne/Ne 5,Puma,12.0000,0.0000,12.0000,uni,7179.0000,86148.00000000,30 dias 8% emb 1 y emb 3,
300042556,Confirmada,False,Pendiente,COMIZZO deportes,30-6546709-5,29/06/2026,26/06/2026,Depósito Terminado,pu-nea,38,PU3765NENEGM5,r1-883765/02,PUMA 3765-02 Lifestyle Sock 3P Ne/Ne/Gm 5,Puma,12.0000,0.0000,12.0000,uni,7691.8000,92301.60000000,30 dias 8% emb 1 y emb 3,
300042556,Confirmada,False,Pendiente,COMIZZO deportes,30-6546709-5,29/06/2026,26/06/2026,Depósito Terminado,pu-nea,39,PU8372AOAEMN5,r12-938372-04,Puma 8372-04 New Generation Crew 3P Ao/Ae/Mn 5,Puma,12.0000,0.0000,12.0000,uni,8717.5000,104610.00000000,30 dias 8% emb 1 y emb 3,
300042556,Confirmada,False,Pendiente,COMIZZO deportes,30-6546709-5,29/06/2026,26/06/2026,Depósito Terminado,pu-nea,40,PU7940BLGMNE5,r15-907940-03,Puma 7940-03 Crew Sock Light Bl/Gm/Ne 5,Puma,12.0000,0.0000,12.0000,uni,8717.5000,104610.00000000,30 dias 8% emb 1 y emb 3,
300042556,Confirmada,False,Pendiente,COMIZZO deportes,30-6546709-5,29/06/2026,26/06/2026,Depósito Terminado,pu-nea,41,PU8393AOAEMN4,r5-938393-04,Puma 8393-04 Unisex New Quarter 3P Ao/Ae/Mn 4,Puma,12.0000,0.0000,12.0000,uni,7435.4000,89224.80000000,30 dias 8% emb 1 y emb 3,
300042556,Confirmada,False,Pendiente,COMIZZO deportes,30-6546709-5,29/06/2026,26/06/2026,Depósito Terminado,pu-nea,42,PU8393AOAEMN5,r5-938393-04,Puma 8393-04 Unisex New Quarter 3P Ao/Ae/Mn 5,Puma,36.0000,0.0000,36.0000,uni,7435.4000,267674.40000000,30 dias 8% emb 1 y emb 3,
300042556,Confirmada,False,Pendiente,COMIZZO deportes,30-6546709-5,29/06/2026,26/06/2026,Depósito Terminado,pu-nea,43,PU8022BLBLBL6,y1-888022/01,Puma 8022-01 Sport XL Px3 Bl/Bl/Bl 6,Puma,12.0000,0.0000,12.0000,uni,7179.0000,86148.00000000,30 dias 8% emb 1 y emb 3,
300042556,Confirmada,False,Pendiente,COMIZZO deportes,30-6546709-5,29/06/2026,26/06/2026,Depósito Terminado,pu-nea,44,PU8022NEGMBL6,y2-888022/02,Puma 8022-02 Sport XXL Px3 Ne/Gm/Bl 6,Puma,24.0000,0.0000,24.0000,uni,7179.0000,172296.00000000,30 dias 8% emb 1 y emb 3,
300042556,Confirmada,False,Pendiente,COMIZZO deportes,30-6546709-5,29/06/2026,26/06/2026,Depósito Terminado,pu-nea,45,SEPU56NEBL4,z15-950056-03,Puma 950056-03 Traction Crew Sock 1P Negro/Blanco 4,Puma,12.0000,0.0000,12.0000,par,6153.4000,73840.80000000,30 dias 8% emb 1 y emb 3,
300042556,Confirmada,False,Pendiente,COMIZZO deportes,30-6546709-5,29/06/2026,26/06/2026,Depósito Terminado,pu-nea,46,SEPU56BLNE5,z16-950056-01,Puma 950056-01 Traction Crew Sock 1P Blanco/Negro 5,Puma,12.0000,0.0000,12.0000,par,6153.4000,73840.80000000,30 dias 8% emb 1 y emb 3,
300042556,Confirmada,False,Pendiente,COMIZZO deportes,30-6546709-5,29/06/2026,26/06/2026,Depósito Terminado,pu-nea,47,SEPU56MNBL5,z16-950056-02,Puma 950056-02 Traction Crew Sock 1P Marino/Blanco 5,Puma,12.0000,0.0000,12.0000,par,6153.4000,73840.80000000,30 dias 8% emb 1 y emb 3,
300042556,Confirmada,False,Pendiente,COMIZZO deportes,30-6546709-5,29/06/2026,26/06/2026,Depósito Terminado,pu-nea,48,SEPU56NEBL5,z16-950056-03,Puma 950056-03 Traction Crew Sock 1P Negro/Blanco 5,Puma,36.0000,0.0000,36.0000,par,6153.4000,221522.40000000,30 dias 8% emb 1 y emb 3,
300042539,Confirmada,False,Parcial,cosanelli,,22/06/2026,23/06/2026,Depósito Terminado,patricia,9,PU8022NEGMBL6,y2-888022/02,Puma 8022-02 Sport XXL Px3 Ne/Gm/Bl 6,Puma,24.0000,0.0000,24.0000,uni,7179.0000,172296.00000000,,
300042568,Confirmada,False,Pendiente,DABRA  MOOV,,06/07/2026,06/07/2026,Depósito Terminado,patricia,14,PU7944NENE5,e3-907944-01,Puma 7944-01 Crew Heritage 2P Ne/Ne 5,Puma,654.0000,0.0000,654.0000,uni,6666.2000,4359694.80000000,,"<Notas>
  <Nota>
    <CUIT />
    <Cliente>DABRA  MOOV</Cliente>
    <Direccion />
    <Telefono />
    <Expreso />
    <DireccionExpreso />
    <Notas />
  </Nota>
</Notas>"
300042568,Confirmada,False,Pendiente,DABRA  MOOV,,06/07/2026,06/07/2026,Depósito Terminado,patricia,15,PU7944BLBL5,e3-907944-02,Puma 7944-02 Crew Heritage 2P Bl/Bl 5,Puma,294.0000,0.0000,294.0000,uni,6666.2000,1959862.80000000,,
300042568,Confirmada,False,Pendiente,DABRA  MOOV,,06/07/2026,06/07/2026,Depósito Terminado,patricia,16,PU8382NENE4,e4-938382-01,Puma 8382-01 Cushioned Sneaker 2P Ne/Ne 4,Puma,792.0000,0.0000,792.0000,uni,5230.3000,4142397.60000000,,
300042568,Confirmada,False,Pendiente,DABRA  MOOV,,06/07/2026,06/07/2026,Depósito Terminado,patricia,17,PU8382GMGM4,e4-938382-03,Puma 8382-03 Cushioned Sneaker 2P Gm/Gm 4,Puma,792.0000,0.0000,792.0000,uni,5230.3000,4142397.60000000,,
300042568,Confirmada,False,Pendiente,DABRA  MOOV,,06/07/2026,06/07/2026,Depósito Terminado,patricia,18,PU8382FUBL4,e4-938382-16,Puma 8382-16 Cushioned Sneaker 2P Fu/Bl 4,Puma,792.0000,0.0000,792.0000,uni,5230.3000,4142397.60000000,,
300042568,Confirmada,False,Pendiente,DABRA  MOOV,,06/07/2026,06/07/2026,Depósito Terminado,patricia,19,PU6800NENE4,k6-906800/01,Puma 6800-01 Cushioned Sneaker Px2 Ne/Ne 4,Puma,792.0000,0.0000,792.0000,uni,4871.3000,3858069.60000000,,
300042568,Confirmada,False,Pendiente,DABRA  MOOV,,06/07/2026,06/07/2026,Depósito Terminado,patricia,20,PU6800BLBL5,k6-906800/02,Puma 6800-02 Cushioned Sneaker Px2 Bl/Bl 5,Puma,828.0000,0.0000,828.0000,uni,4871.3000,4033436.40000000,,
300042568,Confirmada,False,Pendiente,DABRA  MOOV,,06/07/2026,06/07/2026,Depósito Terminado,patricia,21,PU6800NENE5,k69-906800/01,Puma 6800-01 Cushioned Sneaker Px2 Ne/Ne 5,Puma,828.0000,0.0000,828.0000,uni,4871.3000,4033436.40000000,,
300042568,Confirmada,False,Pendiente,DABRA  MOOV,,06/07/2026,06/07/2026,Depósito Terminado,patricia,22,PU6800BLBL4,k69-906800/02,Puma 6800-02 Cushioned Sneaker Px2 Bl/Bl 4,Puma,792.0000,0.0000,792.0000,uni,4871.3000,3858069.60000000,,
300042568,Confirmada,False,Pendiente,DABRA  MOOV,,06/07/2026,06/07/2026,Depósito Terminado,patricia,23,PU1015BLBLBL4,n99-906978/07,Puma 6978-07 Quarter 3P Bl/Bl/Bl 4,Puma,108.0000,0.0000,108.0000,uni,6666.2000,719949.60000000,,
300042568,Confirmada,False,Pendiente,DABRA  MOOV,,06/07/2026,06/07/2026,Depósito Terminado,patricia,24,PU1015NENENE4,o0-906978/03,Puma 6978-03 Quarter 3P Ne/Ne/Ne 4,Puma,198.0000,0.0000,198.0000,uni,6666.2000,1319907.60000000,,
300042568,Confirmada,False,Pendiente,DABRA  MOOV,,06/07/2026,06/07/2026,Depósito Terminado,patricia,25,PU1015BLNEGM4,o0-906978/21,Puma 6978-21 Quarter 3P Bl/Ne/Gm 4,Puma,144.0000,0.0000,144.0000,uni,6666.2000,959932.80000000,,
300042568,Confirmada,False,Pendiente,DABRA  MOOV,,06/07/2026,06/07/2026,Depósito Terminado,patricia,26,PU681BLBLBL5,o1-906978/07,PUMA 6978-07 Quarter 3P  Bl/Bl/Bl 5,Puma,126.0000,0.0000,126.0000,uni,6666.2000,839941.20000000,,
300042568,Confirmada,False,Pendiente,DABRA  MOOV,,06/07/2026,06/07/2026,Depósito Terminado,patricia,27,PU681NENENE5,o2-906978/03,PUMA 6978-03 Quarter 3P  Ne/Ne/Ne 5,Puma,198.0000,0.0000,198.0000,uni,6666.2000,1319907.60000000,,
300042568,Confirmada,False,Pendiente,DABRA  MOOV,,06/07/2026,06/07/2026,Depósito Terminado,patricia,28,PU681BLNEGM5,o2-906978/21,PUMA 6978-21 Quarter 3P Bl/Ne/Gm 5,Puma,144.0000,0.0000,144.0000,uni,6666.2000,959932.80000000,,
300042568,Confirmada,False,Pendiente,DABRA  MOOV,,06/07/2026,06/07/2026,Depósito Terminado,patricia,29,PU1025BLBLBL4,o5-906807/03,Puma 6807-03 Inv. Sneaker 3P Bl/Bl/Bl 4,Puma,72.0000,0.0000,72.0000,uni,6153.4000,443044.80000000,,
300042568,Confirmada,False,Pendiente,DABRA  MOOV,,06/07/2026,06/07/2026,Depósito Terminado,patricia,30,PU1025NENENE4,o6-906807/01,Puma 6807-01 Inv. Sneaker 3P Ne/Ne/Ne 4,Puma,222.0000,0.0000,222.0000,uni,6153.4000,1366054.80000000,,
300042568,Confirmada,False,Pendiente,DABRA  MOOV,,06/07/2026,06/07/2026,Depósito Terminado,patricia,31,PU1025BLNEGM4,o7-906807/15,Puma 6807-15 Inv. Sneaker 3P Bl/Ne/Gm 4,Puma,150.0000,0.0000,150.0000,uni,6153.4000,923010.00000000,,
300042568,Confirmada,False,Pendiente,DABRA  MOOV,,06/07/2026,06/07/2026,Depósito Terminado,patricia,32,PU504NENENE5,p1-906807/01,PUMA 6807-01 Inv. Sneakers 3P Ne/Ne/Ne 5,Puma,222.0000,0.0000,222.0000,uni,6153.4000,1366054.80000000,,
300042568,Confirmada,False,Pendiente,DABRA  MOOV,,06/07/2026,06/07/2026,Depósito Terminado,patricia,33,PU504BLBLBL5,p1-906807/03,PUMA 6807-03 Inv. Sneakers 3P Bl/Bl/Bl 5,Puma,72.0000,0.0000,72.0000,uni,6153.4000,443044.80000000,,
300042568,Confirmada,False,Pendiente,DABRA  MOOV,,06/07/2026,06/07/2026,Depósito Terminado,patricia,34,PU504BLNEGM5,p1-906807/15,PUMA 6807-15 Inv. Sneakers 3P Bl/Ne/Gm 5,Puma,150.0000,0.0000,150.0000,uni,6153.4000,923010.00000000,,
300042568,Confirmada,False,Pendiente,DABRA  MOOV,,06/07/2026,06/07/2026,Depósito Terminado,patricia,35,PU1025RSBLGM4,p13-906807/20,Puma 6807-20 Inv. Sneaker 3P Rs/Bl/Gm 4,Puma,462.0000,0.0000,462.0000,uni,6153.4000,2842870.80000000,,
300042568,Confirmada,False,Pendiente,DABRA  MOOV,,06/07/2026,06/07/2026,Depósito Terminado,patricia,36,PU3765NENEGM5,r1-883765/02,PUMA 3765-02 Lifestyle Sock 3P Ne/Ne/Gm 5,Puma,840.0000,0.0000,840.0000,uni,7691.8000,6461112.00000000,,
300042568,Confirmada,False,Pendiente,DABRA  MOOV,,06/07/2026,06/07/2026,Depósito Terminado,patricia,37,PU3765BLBLGM5,r1-883765/03,PUMA 3765-03 Lifestyle Sock 3P Bl/Bl/Gm 5,Puma,612.0000,0.0000,612.0000,uni,7691.8000,4707381.60000000,,
300042568,Confirmada,False,Pendiente,DABRA  MOOV,,06/07/2026,06/07/2026,Depósito Terminado,patricia,38,PU7374BLBLBL3,v4-907374/05,Puma 7374-05 Kids Invisible Bl/Bl/Bl 3,Puma,300.0000,0.0000,300.0000,uni,5127.7000,1538310.00000000,,
300042493,Confirmada,False,Pendiente,DAMIAN GIAGANTE,23282191369,03/06/2026,03/06/2026,Depósito Terminado,RE-Dami,1,RE3000BLBLBL5,3000-1,Reef 3000 Logo Prog Crew Bl/Bl/Bl 5,Reef,348.0000,0.0000,348.0000,uni,5999.5000,2087826.00000000,DONATO JOSE!!!! SIN FC,"<Notas>
  <Nota>
    <CUIT>23282191369</CUIT>
    <Cliente>DAMIAN GIAGANTE</Cliente>
    <Direccion>B LA RESERVA</Direccion>
    <Telefono>2914130395</Telefono>
    <Expreso>TRANSPORTE TRANSVITALE</Expreso>
    <DireccionExpreso>Barrio La Reserva</DireccionExpreso>
    <Notas>DONATO JOSE!!!! SIN FC</Notas>
  </Nota>
</Notas>"
300042493,Confirmada,False,Pendiente,DAMIAN GIAGANTE,23282191369,03/06/2026,03/06/2026,Depósito Terminado,RE-Dami,2,RE3000NENENE5,3000-2,Reef 3000 Logo Prog Crew Ne/Ne/Ne 5,Reef,120.0000,0.0000,120.0000,uni,5999.5000,719940.00000000,DONATO JOSE!!!! SIN FC,
300042312,Confirmada,False,Parcial,DEPOR JEAN (RED SPORT),,27/02/2026,27/02/2026,Depósito Terminado,soledad,1,SERS709BL4,,RED SPORT 709 Antideslizante Blanco 4,RED SPORT,120.0000,110.0000,10.0000,par,0.0000,0E-8,,"<Notas>
  <Nota>
    <CUIT />
    <Cliente>DEPOR JEAN (RED SPORT)</Cliente>
    <Direccion />
    <Telefono />
    <Expreso />
    <DireccionExpreso />
    <Notas />
  </Nota>
</Notas>"
300042312,Confirmada,False,Parcial,DEPOR JEAN (RED SPORT),,27/02/2026,27/02/2026,Depósito Terminado,soledad,2,SERS709BL5,,RED SPORT 709 Antideslizante Blanco 5,RED SPORT,240.0000,24.0000,216.0000,par,0.0000,0E-8,,
300042312,Confirmada,False,Parcial,DEPOR JEAN (RED SPORT),,27/02/2026,27/02/2026,Depósito Terminado,soledad,4,SERS709NE5,,RED SPORT 709 Antideslizante Negro 5,RED SPORT,360.0000,310.0000,50.0000,par,0.0000,0E-8,,
300042546,Confirmada,False,Parcial,DINOSAURIO,,25/06/2026,25/06/2026,Depósito Terminado,pu-raul2,3,PU7964NENE3,c2-907964-01,Puma 7964-01 CLYDE JUNIOR Q Ne/Ne 3,Puma,60.0000,0.0000,60.0000,uni,4614.9000,276894.00000000,Sucursal Ruta 20,
300042546,Confirmada,False,Parcial,DINOSAURIO,,25/06/2026,25/06/2026,Depósito Terminado,pu-raul2,5,PU7964MNBL3,c2-907964-03,Puma 7964-03 CLYDE JUNIOR Q Mn/Bl 3,Puma,60.0000,0.0000,60.0000,uni,4614.9000,276894.00000000,Sucursal Ruta 20,
300042546,Confirmada,False,Parcial,DINOSAURIO,,25/06/2026,25/06/2026,Depósito Terminado,pu-raul2,6,PU7964RSBL3,c2-907964-04,Puma 7964-04 CLYDE JUNIOR Q Rs/Bl 3,Puma,60.0000,12.0000,48.0000,uni,4614.9000,221515.20000000,Sucursal Ruta 20,
300042546,Confirmada,False,Parcial,DINOSAURIO,,25/06/2026,25/06/2026,Depósito Terminado,pu-raul2,8,PU2392BLBL3,d1-2392-907959/02,Puma 7959-02 Separate Tees Bl/Bl 3,Puma,48.0000,0.0000,48.0000,uni,4358.5000,209208.00000000,Sucursal Ruta 20,
300042546,Confirmada,False,Parcial,DINOSAURIO,,25/06/2026,25/06/2026,Depósito Terminado,pu-raul2,13,PU7953MNAZ5,e5-907953-03,Puma 7953-03 BWT LIFESTYLE Q Mn/Az 5,Puma,60.0000,0.0000,60.0000,uni,4717.5000,283050.00000000,Sucursal Ruta 20,
300042546,Confirmada,False,Parcial,DINOSAURIO,,25/06/2026,25/06/2026,Depósito Terminado,pu-raul2,15,PU8020GMGM4,j7-938020-03,Puma 8020-03 Women Heart Short Sock Gm/Gm 4,Puma,96.0000,0.0000,96.0000,uni,6153.4000,590726.40000000,Sucursal Ruta 20,
300042546,Confirmada,False,Parcial,DINOSAURIO,,25/06/2026,25/06/2026,Depósito Terminado,pu-raul2,23,PU8372NENENE5,r11-938372-02,Puma 8372-02 New Generation Crew 3P Ne/Ne/Ne 5,Puma,60.0000,0.0000,60.0000,uni,8717.5000,523050.00000000,Sucursal Ruta 20,
300042547,Confirmada,False,Parcial,DINOSAURIO,,25/06/2026,25/06/2026,Depósito Terminado,pu-raul2,3,PU2392AZAZ3,d1-2392-907959/04,Puma 7959-04 Separate Tees Az/Az 3,Puma,48.0000,0.0000,48.0000,uni,4358.5000,209208.00000000,Sucursal Leticia (San Vicente),
300042547,Confirmada,False,Parcial,DINOSAURIO,,25/06/2026,25/06/2026,Depósito Terminado,pu-raul2,7,PU7953MNAZ5,e5-907953-03,Puma 7953-03 BWT LIFESTYLE Q Mn/Az 5,Puma,60.0000,0.0000,60.0000,uni,4717.5000,283050.00000000,Sucursal Leticia (San Vicente),
300042547,Confirmada,False,Parcial,DINOSAURIO,,25/06/2026,25/06/2026,Depósito Terminado,pu-raul2,9,PU8020GMGM4,j7-938020-03,Puma 8020-03 Women Heart Short Sock Gm/Gm 4,Puma,60.0000,0.0000,60.0000,uni,6153.4000,369204.00000000,Sucursal Leticia (San Vicente),
300042547,Confirmada,False,Parcial,DINOSAURIO,,25/06/2026,25/06/2026,Depósito Terminado,pu-raul2,15,PU595BLBLBL5,q1-7312-892574/01,PUMA 6110-01 Sport 3P Bl/Bl/Bl 5,Puma,96.0000,0.0000,96.0000,uni,7179.0000,689184.00000000,Sucursal Leticia (San Vicente),
300042548,Confirmada,False,Parcial,DINOSAURIO,,25/06/2026,25/06/2026,Depósito Terminado,pu-raul2,1,PU7964NENE3,c2-907964-01,Puma 7964-01 CLYDE JUNIOR Q Ne/Ne 3,Puma,60.0000,0.0000,60.0000,uni,4614.9000,276894.00000000,Sucursal CVL,"<Notas>
  <Nota>
    <CUIT />
    <Cliente>DINOSAURIO</Cliente>
    <Direccion />
    <Telefono />
    <Expreso />
    <DireccionExpreso />
    <Notas>Sucursal CVL</Notas>
  </Nota>
</Notas>"
300042548,Confirmada,False,Parcial,DINOSAURIO,,25/06/2026,25/06/2026,Depósito Terminado,pu-raul2,2,PU7964BLBL3,c2-907964-02,Puma 7964-02 CLYDE JUNIOR Q Bl/Bl 3,Puma,60.0000,0.0000,60.0000,uni,4614.9000,276894.00000000,Sucursal CVL,
300042548,Confirmada,False,Parcial,DINOSAURIO,,25/06/2026,25/06/2026,Depósito Terminado,pu-raul2,3,PU7964MNBL3,c2-907964-03,Puma 7964-03 CLYDE JUNIOR Q Mn/Bl 3,Puma,60.0000,0.0000,60.0000,uni,4614.9000,276894.00000000,Sucursal CVL,
300042548,Confirmada,False,Parcial,DINOSAURIO,,25/06/2026,25/06/2026,Depósito Terminado,pu-raul2,7,PU2392AZAZ3,d1-2392-907959/04,Puma 7959-04 Separate Tees Az/Az 3,Puma,48.0000,24.0000,24.0000,uni,4358.5000,104604.00000000,Sucursal CVL,
300042548,Confirmada,False,Parcial,DINOSAURIO,,25/06/2026,25/06/2026,Depósito Terminado,pu-raul2,8,PU7944NENE5,e3-907944-01,Puma 7944-01 Crew Heritage 2P Ne/Ne 5,Puma,144.0000,0.0000,144.0000,uni,6666.2000,959932.80000000,Sucursal CVL,
300042548,Confirmada,False,Parcial,DINOSAURIO,,25/06/2026,25/06/2026,Depósito Terminado,pu-raul2,9,PU7944BLBL5,e3-907944-02,Puma 7944-02 Crew Heritage 2P Bl/Bl 5,Puma,60.0000,0.0000,60.0000,uni,6666.2000,399972.00000000,Sucursal CVL,
300042548,Confirmada,False,Parcial,DINOSAURIO,,25/06/2026,25/06/2026,Depósito Terminado,pu-raul2,11,PU7953MNAZ5,e5-907953-03,Puma 7953-03 BWT LIFESTYLE Q Mn/Az 5,Puma,60.0000,18.0000,42.0000,uni,4717.5000,198135.00000000,Sucursal CVL,
300042548,Confirmada,False,Parcial,DINOSAURIO,,25/06/2026,25/06/2026,Depósito Terminado,pu-raul2,13,PU8020GMGM4,j7-938020-03,Puma 8020-03 Women Heart Short Sock Gm/Gm 4,Puma,60.0000,0.0000,60.0000,uni,6153.4000,369204.00000000,Sucursal CVL,
300042548,Confirmada,False,Parcial,DINOSAURIO,,25/06/2026,25/06/2026,Depósito Terminado,pu-raul2,24,PU3765BLBLGM5,r1-883765/03,PUMA 3765-03 Lifestyle Sock 3P Bl/Bl/Gm 5,Puma,60.0000,0.0000,60.0000,uni,7691.8000,461508.00000000,Sucursal CVL,
300042548,Confirmada,False,Parcial,DINOSAURIO,,25/06/2026,25/06/2026,Depósito Terminado,pu-raul2,25,PU8372BLBLBL4,r10-938372-01,Puma 8372-01 New Generation Crew 3P Bl/Bl/Bl 4,Puma,60.0000,0.0000,60.0000,uni,8717.5000,523050.00000000,Sucursal CVL,
300042548,Confirmada,False,Parcial,DINOSAURIO,,25/06/2026,25/06/2026,Depósito Terminado,pu-raul2,26,PU8372BLBLBL5,r10-938372-01,Puma 8372-01 New Generation Crew 3P Bl/Bl/Bl 5,Puma,60.0000,0.0000,60.0000,uni,8717.5000,523050.00000000,Sucursal CVL,
300042548,Confirmada,False,Parcial,DINOSAURIO,,25/06/2026,25/06/2026,Depósito Terminado,pu-raul2,28,PU8372NENENE5,r11-938372-02,Puma 8372-02 New Generation Crew 3P Ne/Ne/Ne 5,Puma,96.0000,0.0000,96.0000,uni,8717.5000,836880.00000000,Sucursal CVL,
300042549,Confirmada,False,Parcial,DINOSAURIO,,25/06/2026,25/06/2026,Depósito Terminado,pu-raul2,1,PU7964NENE3,c2-907964-01,Puma 7964-01 CLYDE JUNIOR Q Ne/Ne 3,Puma,48.0000,0.0000,48.0000,uni,4614.9000,221515.20000000,Sucursal SALSIPUEDES,"<Notas>
  <Nota>
    <CUIT />
    <Cliente>DINOSAURIO</Cliente>
    <Direccion />
    <Telefono />
    <Expreso />
    <DireccionExpreso />
    <Notas>Sucursal SALSIPUEDES</Notas>
  </Nota>
</Notas>"
300042549,Confirmada,False,Parcial,DINOSAURIO,,25/06/2026,25/06/2026,Depósito Terminado,pu-raul2,2,PU7964BLBL3,c2-907964-02,Puma 7964-02 CLYDE JUNIOR Q Bl/Bl 3,Puma,48.0000,0.0000,48.0000,uni,4614.9000,221515.20000000,Sucursal SALSIPUEDES,
300042549,Confirmada,False,Parcial,DINOSAURIO,,25/06/2026,25/06/2026,Depósito Terminado,pu-raul2,3,PU7964MNBL3,c2-907964-03,Puma 7964-03 CLYDE JUNIOR Q Mn/Bl 3,Puma,24.0000,0.0000,24.0000,uni,4614.9000,110757.60000000,Sucursal SALSIPUEDES,
300042549,Confirmada,False,Parcial,DINOSAURIO,,25/06/2026,25/06/2026,Depósito Terminado,pu-raul2,8,PU7944NENE5,e3-907944-01,Puma 7944-01 Crew Heritage 2P Ne/Ne 5,Puma,120.0000,0.0000,120.0000,uni,6666.2000,799944.00000000,Sucursal SALSIPUEDES,
300042549,Confirmada,False,Parcial,DINOSAURIO,,25/06/2026,25/06/2026,Depósito Terminado,pu-raul2,9,PU7944BLBL5,e3-907944-02,Puma 7944-02 Crew Heritage 2P Bl/Bl 5,Puma,60.0000,0.0000,60.0000,uni,6666.2000,399972.00000000,Sucursal SALSIPUEDES,
300042549,Confirmada,False,Parcial,DINOSAURIO,,25/06/2026,25/06/2026,Depósito Terminado,pu-raul2,19,PU3765BLBLGM5,r1-883765/03,PUMA 3765-03 Lifestyle Sock 3P Bl/Bl/Gm 5,Puma,60.0000,0.0000,60.0000,uni,7691.8000,461508.00000000,Sucursal SALSIPUEDES,
300042550,Confirmada,False,Parcial,DINOSAURIO,,25/06/2026,25/06/2026,Depósito Terminado,pu-raul2,1,PU7964NENE3,c2-907964-01,Puma 7964-01 CLYDE JUNIOR Q Ne/Ne 3,Puma,48.0000,0.0000,48.0000,uni,4614.9000,221515.20000000,Sucursal 60 cuadras,"<Notas>
  <Nota>
    <CUIT />
    <Cliente>DINOSAURIO</Cliente>
    <Direccion />
    <Telefono />
    <Expreso />
    <DireccionExpreso />
    <Notas>Sucursal 60 cuadras</Notas>
  </Nota>
</Notas>"
300042550,Confirmada,False,Parcial,DINOSAURIO,,25/06/2026,25/06/2026,Depósito Terminado,pu-raul2,2,PU7964BLBL3,c2-907964-02,Puma 7964-02 CLYDE JUNIOR Q Bl/Bl 3,Puma,48.0000,30.0000,18.0000,uni,4614.9000,83068.20000000,Sucursal 60 cuadras,
300042550,Confirmada,False,Parcial,DINOSAURIO,,25/06/2026,25/06/2026,Depósito Terminado,pu-raul2,3,PU7964MNBL3,c2-907964-03,Puma 7964-03 CLYDE JUNIOR Q Mn/Bl 3,Puma,24.0000,0.0000,24.0000,uni,4614.9000,110757.60000000,Sucursal 60 cuadras,
300042550,Confirmada,False,Parcial,DINOSAURIO,,25/06/2026,25/06/2026,Depósito Terminado,pu-raul2,8,PU7944NENE5,e3-907944-01,Puma 7944-01 Crew Heritage 2P Ne/Ne 5,Puma,96.0000,0.0000,96.0000,uni,6666.2000,639955.20000000,Sucursal 60 cuadras,
300042550,Confirmada,False,Parcial,DINOSAURIO,,25/06/2026,25/06/2026,Depósito Terminado,pu-raul2,9,PU7944BLBL5,e3-907944-02,Puma 7944-02 Crew Heritage 2P Bl/Bl 5,Puma,60.0000,48.0000,12.0000,uni,6666.2000,79994.40000000,Sucursal 60 cuadras,
300042550,Confirmada,False,Parcial,DINOSAURIO,,25/06/2026,25/06/2026,Depósito Terminado,pu-raul2,13,PU8020GMGM4,j7-938020-03,Puma 8020-03 Women Heart Short Sock Gm/Gm 4,Puma,60.0000,0.0000,60.0000,uni,6153.4000,369204.00000000,Sucursal 60 cuadras,
300042550,Confirmada,False,Parcial,DINOSAURIO,,25/06/2026,25/06/2026,Depósito Terminado,pu-raul2,16,PU3765BLBLGM5,r1-883765/03,PUMA 3765-03 Lifestyle Sock 3P Bl/Bl/Gm 5,Puma,60.0000,0.0000,60.0000,uni,7691.8000,461508.00000000,Sucursal 60 cuadras,
300042472,Confirmada,False,Parcial,Dinosaurio SA (tiendas Vesta),30698471472,21/05/2026,21/05/2026,Depósito Terminado,RE-Diego,1,RE3000BLBLBL5,3000-1,Reef 3000 Logo Prog Crew Bl/Bl/Bl 5,Reef,60.0000,0.0000,60.0000,uni,5999.5000,359970.00000000,,"<Notas>
  <Nota>
    <CUIT>30698471472</CUIT>
    <Cliente>Dinosaurio SA (tiendas Vesta)</Cliente>
    <Direccion>Rodriguez del Busto 4086, Barrio Alto Verde</Direccion>
    <Telefono>03515261500 int 1193</Telefono>
    <Expreso>A CARGO DEL PROVEEDOR</Expreso>
    <DireccionExpreso />
    <Notas />
  </Nota>
</Notas>"
300042472,Confirmada,False,Parcial,Dinosaurio SA (tiendas Vesta),30698471472,21/05/2026,21/05/2026,Depósito Terminado,RE-Diego,2,RE3000NENENE5,3000-2,Reef 3000 Logo Prog Crew Ne/Ne/Ne 5,Reef,120.0000,0.0000,120.0000,uni,5999.5000,719940.00000000,,
300042472,Confirmada,False,Parcial,Dinosaurio SA (tiendas Vesta),30698471472,21/05/2026,21/05/2026,Depósito Terminado,RE-Diego,4,RE3080BLBLBL3,3080-1,Reef 3080 KIDS LOGO PROG CREW Bl/Bl/Bl 3,Reef,120.0000,0.0000,120.0000,uni,5589.3000,670716.00000000,,
300042472,Confirmada,False,Parcial,Dinosaurio SA (tiendas Vesta),30698471472,21/05/2026,21/05/2026,Depósito Terminado,RE-Diego,5,RE3080NENENE3,3080-2,Reef 3080 KIDS LOGO PROG CREW Ne/Ne/Ne 3,Reef,120.0000,0.0000,120.0000,uni,5589.3000,670716.00000000,,
300042472,Confirmada,False,Parcial,Dinosaurio SA (tiendas Vesta),30698471472,21/05/2026,21/05/2026,Depósito Terminado,RE-Diego,6,RE3080BLNEGR3,3080-3,Reef 3080 KIDS LOGO PROG CREW Bl/Ne/Gr 3,Reef,120.0000,48.0000,72.0000,uni,5589.3000,402429.60000000,,
300042472,Confirmada,False,Parcial,Dinosaurio SA (tiendas Vesta),30698471472,21/05/2026,21/05/2026,Depósito Terminado,RE-Diego,7,RE3120BLNEGR4,3120-1 T4,Reef 3120 INV SNEAKER Bl/Ne/Gr 4,Reef,120.0000,0.0000,120.0000,uni,4255.9000,510708.00000000,,
300042472,Confirmada,False,Parcial,Dinosaurio SA (tiendas Vesta),30698471472,21/05/2026,21/05/2026,Depósito Terminado,RE-Diego,8,RE3120BLNEGR5,3120-1 T5,Reef 3120 INV SNEAKER Bl/Ne/Gr 5,Reef,120.0000,0.0000,120.0000,uni,4255.9000,510708.00000000,,
300042472,Confirmada,False,Parcial,Dinosaurio SA (tiendas Vesta),30698471472,21/05/2026,21/05/2026,Depósito Terminado,RE-Diego,13,RE3300BLNEGR5,3300-1,Reef 3300 REEF MT SNEAKER Bl/Ne/Gr 5,Reef,240.0000,0.0000,240.0000,uni,4820.0000,1156800.00000000,,
300042472,Confirmada,False,Parcial,Dinosaurio SA (tiendas Vesta),30698471472,21/05/2026,21/05/2026,Depósito Terminado,RE-Diego,15,RE3300NENENE5,3300-3,Reef 3300 REEF MT SNEAKER Ne/Ne/Ne 5,Reef,120.0000,0.0000,120.0000,uni,4820.0000,578400.00000000,,
300042473,Confirmada,False,Parcial,Dinosaurio SA (tiendas Vesta),30698471472,21/05/2026,21/05/2026,Depósito Terminado,RE-Diego,1,RE3000BLBLBL5,3000-1,Reef 3000 Logo Prog Crew Bl/Bl/Bl 5,Reef,60.0000,0.0000,60.0000,uni,5999.5000,359970.00000000,,"<Notas>
  <Nota>
    <CUIT>30698471472</CUIT>
    <Cliente>Dinosaurio SA (tiendas Vesta)</Cliente>
    <Direccion>Av. Fuerza Aerea Argentina 1700, X5010, Cordoba</Direccion>
    <Telefono>03515261500 int 1193</Telefono>
    <Expreso>A CARGO DEL PROVEEDOR</Expreso>
    <DireccionExpreso />
    <Notas />
  </Nota>
</Notas>"
300042473,Confirmada,False,Parcial,Dinosaurio SA (tiendas Vesta),30698471472,21/05/2026,21/05/2026,Depósito Terminado,RE-Diego,2,RE3000NENENE5,3000-2,Reef 3000 Logo Prog Crew Ne/Ne/Ne 5,Reef,60.0000,0.0000,60.0000,uni,5999.5000,359970.00000000,,
300042473,Confirmada,False,Parcial,Dinosaurio SA (tiendas Vesta),30698471472,21/05/2026,21/05/2026,Depósito Terminado,RE-Diego,4,RE3120BLNEGR4,3120-1 T4,Reef 3120 INV SNEAKER Bl/Ne/Gr 4,Reef,120.0000,0.0000,120.0000,uni,4255.9000,510708.00000000,,
300042473,Confirmada,False,Parcial,Dinosaurio SA (tiendas Vesta),30698471472,21/05/2026,21/05/2026,Depósito Terminado,RE-Diego,5,RE3120BLNEGR5,3120-1 T5,Reef 3120 INV SNEAKER Bl/Ne/Gr 5,Reef,120.0000,0.0000,120.0000,uni,4255.9000,510708.00000000,,
300042569,Confirmada,False,Parcial,DULIO DEL GRECO  ,,07/07/2026,07/07/2026,Depósito Terminado,patricia,10,PU8372NENENE5,r11-938372-02,Puma 8372-02 New Generation Crew 3P Ne/Ne/Ne 5,Puma,48.0000,0.0000,48.0000,uni,8717.5000,418440.00000000,,
300042489,Confirmada,False,Parcial,FERREIRA,,01/06/2026,01/06/2026,Depósito Terminado,patricia,42,SEPU56BLNE5,z16-950056-01,Puma 950056-01 Traction Crew Sock 1P Blanco/Negro 5,Puma,36.0000,0.0000,36.0000,par,6153.4000,221522.40000000,,
300042522,Confirmada,False,Parcial,GRAELLS,,12/06/2026,12/06/2026,Depósito Terminado,patricia,38,SEPU56BLNE5,z16-950056-01,Puma 950056-01 Traction Crew Sock 1P Blanco/Negro 5,Puma,60.0000,0.0000,60.0000,par,6153.4000,369204.00000000,,
300042572,Confirmada,False,Pendiente,JOSE GERONIMO,,10/07/2026,10/07/2026,Depósito Terminado,patricia,1,PU7953NEM45,e5-907953-01,Puma 7953-01 BWT LIFESTYLE Q Ne/M4 5,Puma,12.0000,0.0000,12.0000,uni,4717.5000,56610.00000000,,"<Notas>
  <Nota>
    <CUIT />
    <Cliente>JOSE GERONIMO</Cliente>
    <Direccion>ALEM 484 ROJAS </Direccion>
    <Telefono />
    <Expreso>EL RESERO</Expreso>
    <DireccionExpreso />
    <Notas />
  </Nota>
</Notas>"
300042572,Confirmada,False,Pendiente,JOSE GERONIMO,,10/07/2026,10/07/2026,Depósito Terminado,patricia,2,PU7950BLBL5,e7-907950-02,Puma 7950-02 Unisex BWT Cushioned Bl/Bl 5,Puma,12.0000,0.0000,12.0000,uni,5897.0000,70764.00000000,,
300042572,Confirmada,False,Pendiente,JOSE GERONIMO,,10/07/2026,10/07/2026,Depósito Terminado,patricia,3,PU504NENENE5,p1-906807/01,PUMA 6807-01 Inv. Sneakers 3P Ne/Ne/Ne 5,Puma,36.0000,0.0000,36.0000,uni,6153.4000,221522.40000000,,
300042572,Confirmada,False,Pendiente,JOSE GERONIMO,,10/07/2026,10/07/2026,Depósito Terminado,patricia,4,PU504BLBLBL5,p1-906807/03,PUMA 6807-03 Inv. Sneakers 3P Bl/Bl/Bl 5,Puma,12.0000,0.0000,12.0000,uni,6153.4000,73840.80000000,,
300042572,Confirmada,False,Pendiente,JOSE GERONIMO,,10/07/2026,10/07/2026,Depósito Terminado,patricia,5,PU595BLBLBL5,q1-7312-892574/01,PUMA 6110-01 Sport 3P Bl/Bl/Bl 5,Puma,12.0000,0.0000,12.0000,uni,7179.0000,86148.00000000,,
300042572,Confirmada,False,Pendiente,JOSE GERONIMO,,10/07/2026,10/07/2026,Depósito Terminado,patricia,6,PU595GMM4NE5,q2-7312-892574/02,PUMA 2574-02 Sport 3P Gm/M4/Ne 5,Puma,12.0000,0.0000,12.0000,uni,7179.0000,86148.00000000,,
300042572,Confirmada,False,Pendiente,JOSE GERONIMO,,10/07/2026,10/07/2026,Depósito Terminado,patricia,7,PU8022NEGMBL6,y2-888022/02,Puma 8022-02 Sport XXL Px3 Ne/Gm/Bl 6,Puma,24.0000,0.0000,24.0000,uni,7179.0000,172296.00000000,,
300042509,Confirmada,False,Parcial,KADIMA S.A.,30-70868039-3,08/06/2026,07/06/2026,Depósito Terminado,pu-nea,5,PU7563VECENE5,d3-947563-03,Puma 7563-03 Unisex Logo Crew Sock 3P Ve/Ce/Ne 5,Puma,162.0000,96.0000,66.0000,uni,7691.8000,507658.80000000,30 dias 10%  todo facturado,
300042509,Confirmada,False,Parcial,KADIMA S.A.,30-70868039-3,08/06/2026,07/06/2026,Depósito Terminado,pu-nea,10,PU8372BLBLBL5,r10-938372-01,Puma 8372-01 New Generation Crew 3P Bl/Bl/Bl 5,Puma,120.0000,72.0000,48.0000,uni,8717.5000,418440.00000000,30 dias 10%  todo facturado,
300042488,Confirmada,False,Parcial,KAMP-JUNIO,,30/05/2026,30/05/2026,Depósito Terminado,soledad,3,KP610NENENE6,,Kamp 610 Tripack Ne/Ne/Ne 6,Kamp ,120.0000,0.0000,120.0000,uni,0.0000,0E-8,,
300042488,Confirmada,False,Parcial,KAMP-JUNIO,,30/05/2026,30/05/2026,Depósito Terminado,soledad,6,KP610BLBLBL6,,Kamp 610 Tripack Bl/Bl/Bl 6,Kamp ,120.0000,0.0000,120.0000,uni,0.0000,0E-8,,
300042488,Confirmada,False,Parcial,KAMP-JUNIO,,30/05/2026,30/05/2026,Depósito Terminado,soledad,7,KP610BLGMNE4,,Kamp 610 Tripack Bl/Gm/Ne 4,Kamp ,675.0000,554.0000,121.0000,uni,0.0000,0E-8,,
300042488,Confirmada,False,Parcial,KAMP-JUNIO,,30/05/2026,30/05/2026,Depósito Terminado,soledad,9,KP610BLGMNE6,,Kamp 610 Tripack Bl/Gm/Ne 6,Kamp ,225.0000,0.0000,225.0000,uni,0.0000,0E-8,,
300042488,Confirmada,False,Parcial,KAMP-JUNIO,,30/05/2026,30/05/2026,Depósito Terminado,soledad,11,SEKP611BL5,,Kamp 611 Kamp Antideslizantes Blanco 5,Kamp ,432.0000,362.0000,70.0000,par,0.0000,0E-8,,
300042488,Confirmada,False,Parcial,KAMP-JUNIO,,30/05/2026,30/05/2026,Depósito Terminado,soledad,14,SEKP611NE4,,Kamp 611 Kamp Antideslizantes Negro 4,Kamp ,744.0000,351.0000,393.0000,par,0.0000,0E-8,,
300042488,Confirmada,False,Parcial,KAMP-JUNIO,,30/05/2026,30/05/2026,Depósito Terminado,soledad,15,SEKP611NE5,,Kamp 611 Kamp Antideslizantes Negro 5,Kamp ,744.0000,531.0000,213.0000,par,0.0000,0E-8,,
300042488,Confirmada,False,Parcial,KAMP-JUNIO,,30/05/2026,30/05/2026,Depósito Terminado,soledad,16,SEKP609BL5,,Kamp 609 Kamp Pantorrilleras Blanco 5,Kamp ,240.0000,0.0000,240.0000,par,0.0000,0E-8,,
300042488,Confirmada,False,Parcial,KAMP-JUNIO,,30/05/2026,30/05/2026,Depósito Terminado,soledad,17,SEKP609MN5,,Kamp 609 Kamp Pantorrilleras Marino 5,Kamp ,144.0000,0.0000,144.0000,par,0.0000,0E-8,,
300042488,Confirmada,False,Parcial,KAMP-JUNIO,,30/05/2026,30/05/2026,Depósito Terminado,soledad,18,SEKP609NE5,,Kamp 609 Kamp Pantorrilleras Negro 5,Kamp ,360.0000,0.0000,360.0000,par,0.0000,0E-8,,
300042460,Confirmada,False,Pendiente,LA MADRILEÑA,,14/05/2026,14/05/2026,Depósito Terminado,patricia,3,SEbw8869NE1,a1-8869/08-S,Puma BW 8869 Basic Boxer Negro 1,Puma BW,18.0000,0.0000,18.0000,uni,12820.0000,230760.00000000,,
300042460,Confirmada,False,Pendiente,LA MADRILEÑA,,14/05/2026,14/05/2026,Depósito Terminado,patricia,4,SEbw8869MNMN1,a6-8869/60,Puma BW 8869 Basic Boxer Marino/Marino S,Puma BW,18.0000,0.0000,18.0000,uni,12820.0000,230760.00000000,,
300042460,Confirmada,False,Pendiente,LA MADRILEÑA,,14/05/2026,14/05/2026,Depósito Terminado,patricia,5,SEbw8869NE2,b1-8869/08-M,Puma BW 8869 Basic Boxer Negro 2,Puma BW,48.0000,0.0000,48.0000,uni,12820.0000,615360.00000000,,
300042460,Confirmada,False,Pendiente,LA MADRILEÑA,,14/05/2026,14/05/2026,Depósito Terminado,patricia,6,SEbw8869MNMN2,b6-8869/60,Puma BW 8869 Basic Boxer Marino/Marino M,Puma BW,48.0000,0.0000,48.0000,par,12820.0000,615360.00000000,,
300042460,Confirmada,False,Pendiente,LA MADRILEÑA,,14/05/2026,14/05/2026,Depósito Terminado,patricia,7,SEbw8869NE3,c1-8869/08-L,Puma BW 8869 Basic Boxer Negro 3,Puma BW,108.0000,0.0000,108.0000,uni,12820.0000,1384560.00000000,,
300042460,Confirmada,False,Pendiente,LA MADRILEÑA,,14/05/2026,14/05/2026,Depósito Terminado,patricia,8,SEbw8869MNMN3,c6-8869/60,Puma BW 8869 Basic Boxer Marino/Marino L,Puma BW,108.0000,0.0000,108.0000,par,12820.0000,1384560.00000000,,
300042460,Confirmada,False,Pendiente,LA MADRILEÑA,,14/05/2026,14/05/2026,Depósito Terminado,patricia,9,SEbw8869NE4,d1-8869/08-XL,Puma BW 8869 Basic Boxer Negro 4,Puma BW,60.0000,0.0000,60.0000,uni,12820.0000,769200.00000000,,
300042460,Confirmada,False,Pendiente,LA MADRILEÑA,,14/05/2026,14/05/2026,Depósito Terminado,patricia,10,SEbw8869MNMN4,d6-8869/60,Puma BW 8869 Basic Boxer Marino/Marino XL,Puma BW,60.0000,0.0000,60.0000,par,12820.0000,769200.00000000,,
300042460,Confirmada,False,Pendiente,LA MADRILEÑA,,14/05/2026,14/05/2026,Depósito Terminado,patricia,11,SEbw8869NE5,d8-8869/08-XXL,Puma BW 8869 Basic Boxer Negro XXL,Puma BW,24.0000,0.0000,24.0000,uni,12820.0000,307680.00000000,,
300042460,Confirmada,False,Pendiente,LA MADRILEÑA,,14/05/2026,14/05/2026,Depósito Terminado,patricia,12,SEbw8869MNMN5,d8-8869/60,Puma BW 8869 Basic Boxer Marino/Marino XXL,Puma BW,24.0000,0.0000,24.0000,par,12820.0000,307680.00000000,,
300042367,Confirmada,False,Parcial,LEVIS ARGENTINA MARZO,,19/03/2026,19/03/2026,Depósito Terminado,soledad,3,LE7864BLBL5,D1 37864-M003,Levis 7864-M003 Reg Cut Sport Stripe 2P Bl/Bl 5,Levis,500.0000,350.0000,150.0000,uni,7756.1000,1163415.00000000,,
300042501,Confirmada,False,Parcial,LEVIS-AGOSTO ARGENTINA,,05/06/2026,05/06/2026,Depósito Terminado,soledad,1,LE7862MNMN5,E1 37864-M002,Levis (7862)7864-M002 Reg Cut Wordmark Logo 2P Mn/Mn 5,Levis,904.0000,0.0000,904.0000,uni,7561.0000,6835144.00000000,,"<Notas>
  <Nota>
    <CUIT />
    <Cliente>LEVIS-AGOSTO ARGENTINA</Cliente>
    <Direccion />
    <Telefono />
    <Expreso />
    <DireccionExpreso />
    <Notas />
  </Nota>
</Notas>"
300042501,Confirmada,False,Parcial,LEVIS-AGOSTO ARGENTINA,,05/06/2026,05/06/2026,Depósito Terminado,soledad,2,LE7862GTM45,,Levis (7862)7864-M004 Reg Cut Wordmark Logo 2P Gt/M4 5,Levis,1506.0000,0.0000,1506.0000,uni,0.0000,0E-8,,
300042501,Confirmada,False,Parcial,LEVIS-AGOSTO ARGENTINA,,05/06/2026,05/06/2026,Depósito Terminado,soledad,3,LE7862NENE5,,Levis (7862)7864-M006 Reg Cut Wordmark Logo 2P Ne/Ne 5,Levis,1807.0000,0.0000,1807.0000,uni,0.0000,0E-8,,
300042501,Confirmada,False,Parcial,LEVIS-AGOSTO ARGENTINA,,05/06/2026,05/06/2026,Depósito Terminado,soledad,4,LE7864BLBL5,D1 37864-M003,Levis 7864-M003 Reg Cut Sport Stripe 2P Bl/Bl 5,Levis,723.0000,0.0000,723.0000,uni,7756.1000,5607660.30000000,,
300042501,Confirmada,False,Parcial,LEVIS-AGOSTO ARGENTINA,,05/06/2026,05/06/2026,Depósito Terminado,soledad,5,LE7864BLNE5,,Levis 7864-M001 Reg Cut Sport Stripe 2P Bl/Ne 5,Levis,904.0000,0.0000,904.0000,uni,0.0000,0E-8,,
300042501,Confirmada,False,Parcial,LEVIS-AGOSTO ARGENTINA,,05/06/2026,05/06/2026,Depósito Terminado,soledad,6,LE7864AEBL5,,Levis 7864-M005 Reg Cut Sport Stripe 2P Ae/Bl 5,Levis,542.0000,0.0000,542.0000,uni,0.0000,0E-8,,
300042501,Confirmada,False,Parcial,LEVIS-AGOSTO ARGENTINA,,05/06/2026,05/06/2026,Depósito Terminado,soledad,8,LE7863BLBLBL5,A1 37863-M003,Levis 7863-M003 Low Cut Wordmark Logo 3P Bl/Bl/Bl 5,Levis,904.0000,0.0000,904.0000,uni,8048.8000,7276115.20000000,,
300042501,Confirmada,False,Parcial,LEVIS-AGOSTO ARGENTINA,,05/06/2026,05/06/2026,Depósito Terminado,soledad,9,LE7863GTM4BL5,A2 37863-M004,Levis 7863-M004 Low Cut Wordmark Logo 3P Gt/M4/Bl 5,Levis,1084.0000,0.0000,1084.0000,uni,8048.8000,8724899.20000000,,
300042501,Confirmada,False,Parcial,LEVIS-AGOSTO ARGENTINA,,05/06/2026,05/06/2026,Depósito Terminado,soledad,10,LE7571BLBL5,B1 37571-M003,Levis 7571-M003 Low Cut Sport Stripe 2P Bl/Bl 5,Levis,813.0000,0.0000,813.0000,uni,6585.4000,5353930.20000000,,
300042501,Confirmada,False,Parcial,LEVIS-AGOSTO ARGENTINA,,05/06/2026,05/06/2026,Depósito Terminado,soledad,11,LE8459AEMN5,,Levis 8459-M001 Reg Cut Bandana Print 2P Ae/Mn 5,Levis,265.0000,0.0000,265.0000,uni,0.0000,0E-8,,
300042501,Confirmada,False,Parcial,LEVIS-AGOSTO ARGENTINA,,05/06/2026,05/06/2026,Depósito Terminado,soledad,12,LE7539NENENE5,G1 37538-M001,Levis (7539)7538-M001 Mid Cut Batwing Logo 3P Ne/Ne/Ne 5,Levis,723.0000,0.0000,723.0000,uni,11658.6000,8429167.80000000,,
300042501,Confirmada,False,Parcial,LEVIS-AGOSTO ARGENTINA,,05/06/2026,05/06/2026,Depósito Terminado,soledad,13,LE7539MNMNMN5,G2 37538-M002,Levis (7539)7538-M002 Mid Cut Batwing Logo 3P Mn/Mn/Mn 5,Levis,542.0000,0.0000,542.0000,uni,11658.6000,6318961.20000000,,
300042501,Confirmada,False,Parcial,LEVIS-AGOSTO ARGENTINA,,05/06/2026,05/06/2026,Depósito Terminado,soledad,14,LE7538BLBL5,C1 37538-M003,Levis 7538-M003 Mid Cut Sport Stripe 2P Bl/Bl 5,Levis,1084.0000,0.0000,1084.0000,uni,7073.2000,7667348.80000000,,
300042501,Confirmada,False,Parcial,LEVIS-AGOSTO ARGENTINA,,05/06/2026,05/06/2026,Depósito Terminado,soledad,15,LE7538BLNE5,,Levis 7538-M004 Mid Cut Sport Stripe 2P Bl/Ne 5,Levis,1084.0000,0.0000,1084.0000,uni,0.0000,0E-8,,
300042501,Confirmada,False,Parcial,LEVIS-AGOSTO ARGENTINA,,05/06/2026,05/06/2026,Depósito Terminado,soledad,16,LE7867NENE4,H1 37867-W001,Levis 7867-W001 Women Low Rise Logo 2P Ne/Ne 4,Levis,813.0000,0.0000,813.0000,uni,7561.0000,6147093.00000000,,
300042501,Confirmada,False,Parcial,LEVIS-AGOSTO ARGENTINA,,05/06/2026,05/06/2026,Depósito Terminado,soledad,17,LE7867BLBL4,H2 37867-W002,Levis 7867-W002 Women Low Rise Logo 2P Bl/Bl 4,Levis,542.0000,0.0000,542.0000,uni,7561.0000,4098062.00000000,,
300042501,Confirmada,False,Parcial,LEVIS-AGOSTO ARGENTINA,,05/06/2026,05/06/2026,Depósito Terminado,soledad,19,LE7863BLBLBL4,F2 37863-W002,Levis (7861)7863-W002 Low Cut Wordmark Logo 3P Bl/Bl/Bl 4,Levis,361.0000,0.0000,361.0000,uni,8048.8000,2905616.80000000,,
300042501,Confirmada,False,Parcial,LEVIS-AGOSTO ARGENTINA,,05/06/2026,05/06/2026,Depósito Terminado,soledad,20,LE7870NENE4,,Levis 7870-W001 Short Cut Logo Sport 2P Ne/Ne 4,Levis,542.0000,0.0000,542.0000,uni,0.0000,0E-8,,
300042501,Confirmada,False,Parcial,LEVIS-AGOSTO ARGENTINA,,05/06/2026,05/06/2026,Depósito Terminado,soledad,21,LE7870CRCR4,,Levis 7870-W004 Short Cut Logo Sport 2P Cr/Cr 4,Levis,361.0000,0.0000,361.0000,uni,0.0000,0E-8,,
300042501,Confirmada,False,Parcial,LEVIS-AGOSTO ARGENTINA,,05/06/2026,05/06/2026,Depósito Terminado,soledad,22,LE3953MNMN4,,Levis 3953-W003 Low Cut Sport 2P Mn/Mn 4,Levis,150.0000,0.0000,150.0000,uni,0.0000,0E-8,,
300042501,Confirmada,False,Parcial,LEVIS-AGOSTO ARGENTINA,,05/06/2026,05/06/2026,Depósito Terminado,soledad,23,LE3953CRCR4,,Levis 3953-W004 Low Cut Sport 2P Cr/Cr 4,Levis,150.0000,0.0000,150.0000,uni,0.0000,0E-8,,
300042502,Confirmada,False,Parcial,LEVIS-AGOSTO URUGUAY,,05/06/2026,05/06/2026,Depósito Terminado,soledad,2,LE7862GTM45,,Levis (7862)7864-M004 Reg Cut Wordmark Logo 2P Gt/M4 5,Levis,114.0000,0.0000,114.0000,uni,0.0000,0E-8,,
300042502,Confirmada,False,Parcial,LEVIS-AGOSTO URUGUAY,,05/06/2026,05/06/2026,Depósito Terminado,soledad,3,LE7862NENE5,,Levis (7862)7864-M006 Reg Cut Wordmark Logo 2P Ne/Ne 5,Levis,126.0000,0.0000,126.0000,uni,0.0000,0E-8,,
300042502,Confirmada,False,Parcial,LEVIS-AGOSTO URUGUAY,,05/06/2026,05/06/2026,Depósito Terminado,soledad,10,LE8459AEMN5,,Levis 8459-M001 Reg Cut Bandana Print 2P Ae/Mn 5,Levis,86.0000,0.0000,86.0000,uni,0.0000,0E-8,,
300042502,Confirmada,False,Parcial,LEVIS-AGOSTO URUGUAY,,05/06/2026,05/06/2026,Depósito Terminado,soledad,11,LE8459BLM45,,Levis 8459-M002 Reg Cut Bandana Print 2P Bl/M4 5,Levis,100.0000,0.0000,100.0000,uni,0.0000,0E-8,,
300042502,Confirmada,False,Parcial,LEVIS-AGOSTO URUGUAY,,05/06/2026,05/06/2026,Depósito Terminado,soledad,18,LE7870NENE4,,Levis 7870-W001 Short Cut Logo Sport 2P Ne/Ne 4,Levis,100.0000,87.0000,13.0000,uni,0.0000,0E-8,,
300042502,Confirmada,False,Parcial,LEVIS-AGOSTO URUGUAY,,05/06/2026,05/06/2026,Depósito Terminado,soledad,20,LE3953MNMN4,,Levis 3953-W003 Low Cut Sport 2P Mn/Mn 4,Levis,10.0000,0.0000,10.0000,uni,0.0000,0E-8,,
300042555,Confirmada,False,Pendiente,LONGHI MARCELO,20-143077611-4,29/06/2026,26/06/2026,Depósito Terminado,pu-nea,1,PU8380NENE4,e4-938380-01,Puma 8380-01 Women Sock 2P Ne/Ne 4,Puma,6.0000,0.0000,6.0000,uni,5897.0000,35382.00000000,30 dias 8% emb 1 y emb 3,"<Notas>
  <Nota>
    <CUIT>20-143077611-4</CUIT>
    <Cliente>LONGHI MARCELO</Cliente>
    <Direccion>CONCORDIA-ERIOS</Direccion>
    <Telefono />
    <Expreso>NICOLAS GORGONE  </Expreso>
    <DireccionExpreso />
    <Notas>30 dias 8% emb 1 y emb 3</Notas>
  </Nota>
</Notas>"
300042555,Confirmada,False,Pendiente,LONGHI MARCELO,20-143077611-4,29/06/2026,26/06/2026,Depósito Terminado,pu-nea,2,PU8380BLBL4,e4-938380-02,Puma 8380-02 Women Sock 2P Bl/Bl 4,Puma,6.0000,0.0000,6.0000,uni,5897.0000,35382.00000000,30 dias 8% emb 1 y emb 3,
300042555,Confirmada,False,Pendiente,LONGHI MARCELO,20-143077611-4,29/06/2026,26/06/2026,Depósito Terminado,pu-nea,3,PU8380GMGM4,e4-938380-03,Puma 8380-03 Women Sock 2P Gm/Gm 4,Puma,6.0000,0.0000,6.0000,uni,5897.0000,35382.00000000,30 dias 8% emb 1 y emb 3,
300042555,Confirmada,False,Pendiente,LONGHI MARCELO,20-143077611-4,29/06/2026,26/06/2026,Depósito Terminado,pu-nea,4,PU1015BLBLBL4,n99-906978/07,Puma 6978-07 Quarter 3P Bl/Bl/Bl 4,Puma,6.0000,0.0000,6.0000,uni,6666.2000,39997.20000000,30 dias 8% emb 1 y emb 3,
300042555,Confirmada,False,Pendiente,LONGHI MARCELO,20-143077611-4,29/06/2026,26/06/2026,Depósito Terminado,pu-nea,5,PU1015NENENE4,o0-906978/03,Puma 6978-03 Quarter 3P Ne/Ne/Ne 4,Puma,6.0000,0.0000,6.0000,uni,6666.2000,39997.20000000,30 dias 8% emb 1 y emb 3,
300042555,Confirmada,False,Pendiente,LONGHI MARCELO,20-143077611-4,29/06/2026,26/06/2026,Depósito Terminado,pu-nea,6,PU1015BLNEGM4,o0-906978/21,Puma 6978-21 Quarter 3P Bl/Ne/Gm 4,Puma,6.0000,0.0000,6.0000,uni,6666.2000,39997.20000000,30 dias 8% emb 1 y emb 3,
300042555,Confirmada,False,Pendiente,LONGHI MARCELO,20-143077611-4,29/06/2026,26/06/2026,Depósito Terminado,pu-nea,7,PU681BLNEGM5,o2-906978/21,PUMA 6978-21 Quarter 3P Bl/Ne/Gm 5,Puma,12.0000,0.0000,12.0000,uni,6666.2000,79994.40000000,30 dias 8% emb 1 y emb 3,
300042555,Confirmada,False,Pendiente,LONGHI MARCELO,20-143077611-4,29/06/2026,26/06/2026,Depósito Terminado,pu-nea,8,PU1015RSBLGM4,o4-906978/08,Puma 6978-08 Quarter 3P Rs/Bl/Gm 4,Puma,6.0000,0.0000,6.0000,uni,6666.2000,39997.20000000,30 dias 8% emb 1 y emb 3,
300042555,Confirmada,False,Pendiente,LONGHI MARCELO,20-143077611-4,29/06/2026,26/06/2026,Depósito Terminado,pu-nea,9,PU504BLNEGM5,p1-906807/15,PUMA 6807-15 Inv. Sneakers 3P Bl/Ne/Gm 5,Puma,12.0000,0.0000,12.0000,uni,6153.4000,73840.80000000,30 dias 8% emb 1 y emb 3,
300042555,Confirmada,False,Pendiente,LONGHI MARCELO,20-143077611-4,29/06/2026,26/06/2026,Depósito Terminado,pu-nea,10,PU1025RSBLGM4,p13-906807/20,Puma 6807-20 Inv. Sneaker 3P Rs/Bl/Gm 4,Puma,6.0000,0.0000,6.0000,uni,6153.4000,36920.40000000,30 dias 8% emb 1 y emb 3,
300042555,Confirmada,False,Pendiente,LONGHI MARCELO,20-143077611-4,29/06/2026,26/06/2026,Depósito Terminado,pu-nea,11,PU595BLBLBL5,q1-7312-892574/01,PUMA 6110-01 Sport 3P Bl/Bl/Bl 5,Puma,6.0000,0.0000,6.0000,uni,7179.0000,43074.00000000,30 dias 8% emb 1 y emb 3,
300042555,Confirmada,False,Pendiente,LONGHI MARCELO,20-143077611-4,29/06/2026,26/06/2026,Depósito Terminado,pu-nea,12,PU595GMM4NE5,q2-7312-892574/02,PUMA 2574-02 Sport 3P Gm/M4/Ne 5,Puma,12.0000,0.0000,12.0000,uni,7179.0000,86148.00000000,30 dias 8% emb 1 y emb 3,
300042555,Confirmada,False,Pendiente,LONGHI MARCELO,20-143077611-4,29/06/2026,26/06/2026,Depósito Terminado,pu-nea,13,PU595NENENE5,q3-7312-892574/03,PUMA 2574-03 Sport 3P Ne/Ne/Ne 5,Puma,12.0000,0.0000,12.0000,uni,7179.0000,86148.00000000,30 dias 8% emb 1 y emb 3,
300042555,Confirmada,False,Pendiente,LONGHI MARCELO,20-143077611-4,29/06/2026,26/06/2026,Depósito Terminado,pu-nea,14,PU7940BLGMNE5,r15-907940-03,Puma 7940-03 Crew Sock Light Bl/Gm/Ne 5,Puma,12.0000,0.0000,12.0000,uni,8717.5000,104610.00000000,30 dias 8% emb 1 y emb 3,
300042555,Confirmada,False,Pendiente,LONGHI MARCELO,20-143077611-4,29/06/2026,26/06/2026,Depósito Terminado,pu-nea,15,PU8393NENENE4,r4-938393-02,Puma 8393-02 Unisex New Quarter 3P Ne/Ne/Ne 4,Puma,6.0000,0.0000,6.0000,uni,7435.4000,44612.40000000,30 dias 8% emb 1 y emb 3,
300042555,Confirmada,False,Pendiente,LONGHI MARCELO,20-143077611-4,29/06/2026,26/06/2026,Depósito Terminado,pu-nea,16,PU8393NENENE5,r4-938393-02,Puma 8393-02 Unisex New Quarter 3P Ne/Ne/Ne 5,Puma,6.0000,0.0000,6.0000,uni,7435.4000,44612.40000000,30 dias 8% emb 1 y emb 3,
300042555,Confirmada,False,Pendiente,LONGHI MARCELO,20-143077611-4,29/06/2026,26/06/2026,Depósito Terminado,pu-nea,17,PU8022BLBLBL6,y1-888022/01,Puma 8022-01 Sport XL Px3 Bl/Bl/Bl 6,Puma,6.0000,0.0000,6.0000,uni,7179.0000,43074.00000000,30 dias 8% emb 1 y emb 3,
300042555,Confirmada,False,Pendiente,LONGHI MARCELO,20-143077611-4,29/06/2026,26/06/2026,Depósito Terminado,pu-nea,18,PU8022NEGMBL6,y2-888022/02,Puma 8022-02 Sport XXL Px3 Ne/Gm/Bl 6,Puma,6.0000,0.0000,6.0000,uni,7179.0000,43074.00000000,30 dias 8% emb 1 y emb 3,
300042555,Confirmada,False,Pendiente,LONGHI MARCELO,20-143077611-4,29/06/2026,26/06/2026,Depósito Terminado,pu-nea,19,SEPU56BLNE4,z15-950056-01,Puma 950056-01 Traction Crew Sock 1P Blanco/Negro 4,Puma,6.0000,0.0000,6.0000,par,6153.4000,36920.40000000,30 dias 8% emb 1 y emb 3,
300042555,Confirmada,False,Pendiente,LONGHI MARCELO,20-143077611-4,29/06/2026,26/06/2026,Depósito Terminado,pu-nea,20,SEPU56NEBL4,z15-950056-03,Puma 950056-03 Traction Crew Sock 1P Negro/Blanco 4,Puma,6.0000,0.0000,6.0000,par,6153.4000,36920.40000000,30 dias 8% emb 1 y emb 3,
300042555,Confirmada,False,Pendiente,LONGHI MARCELO,20-143077611-4,29/06/2026,26/06/2026,Depósito Terminado,pu-nea,21,SEPU56BLNE5,z16-950056-01,Puma 950056-01 Traction Crew Sock 1P Blanco/Negro 5,Puma,6.0000,0.0000,6.0000,par,6153.4000,36920.40000000,30 dias 8% emb 1 y emb 3,
300042555,Confirmada,False,Pendiente,LONGHI MARCELO,20-143077611-4,29/06/2026,26/06/2026,Depósito Terminado,pu-nea,22,SEPU56NEBL5,z16-950056-03,Puma 950056-03 Traction Crew Sock 1P Negro/Blanco 5,Puma,6.0000,0.0000,6.0000,par,6153.4000,36920.40000000,30 dias 8% emb 1 y emb 3,
300042562,Confirmada,False,Pendiente,Marathon,,02/07/2026,02/07/2026,Depósito Terminado,pu-noa,1,PU7944NENE5,e3-907944-01,Puma 7944-01 Crew Heritage 2P Ne/Ne 5,Puma,354.0000,0.0000,354.0000,uni,6666.2000,2359834.80000000,,"<Notas>
  <Nota>
    <CUIT />
    <Cliente>Marathon</Cliente>
    <Direccion />
    <Telefono />
    <Expreso />
    <DireccionExpreso />
    <Notas />
  </Nota>
</Notas>"
300042562,Confirmada,False,Pendiente,Marathon,,02/07/2026,02/07/2026,Depósito Terminado,pu-noa,2,PU7944BLBL5,e3-907944-02,Puma 7944-02 Crew Heritage 2P Bl/Bl 5,Puma,354.0000,0.0000,354.0000,uni,6666.2000,2359834.80000000,,
300042562,Confirmada,False,Pendiente,Marathon,,02/07/2026,02/07/2026,Depósito Terminado,pu-noa,3,PU7953NEM45,e5-907953-01,Puma 7953-01 BWT LIFESTYLE Q Ne/M4 5,Puma,288.0000,0.0000,288.0000,uni,4717.5000,1358640.00000000,,
300042562,Confirmada,False,Pendiente,Marathon,,02/07/2026,02/07/2026,Depósito Terminado,pu-noa,4,PU7953RSM44,e5-907953-04,Puma 7953-04 BWT LIFESTYLE Q Rs/M4 4,Puma,288.0000,0.0000,288.0000,uni,4717.5000,1358640.00000000,,
300042562,Confirmada,False,Pendiente,Marathon,,02/07/2026,02/07/2026,Depósito Terminado,pu-noa,5,PU1015NENENE4,o0-906978/03,Puma 6978-03 Quarter 3P Ne/Ne/Ne 4,Puma,396.0000,0.0000,396.0000,uni,6666.2000,2639815.20000000,,
300042562,Confirmada,False,Pendiente,Marathon,,02/07/2026,02/07/2026,Depósito Terminado,pu-noa,6,PU681NENENE5,o2-906978/03,PUMA 6978-03 Quarter 3P  Ne/Ne/Ne 5,Puma,396.0000,0.0000,396.0000,uni,6666.2000,2639815.20000000,,
300042562,Confirmada,False,Pendiente,Marathon,,02/07/2026,02/07/2026,Depósito Terminado,pu-noa,7,PU1015RSBLGM4,o4-906978/08,Puma 6978-08 Quarter 3P Rs/Bl/Gm 4,Puma,252.0000,0.0000,252.0000,uni,6666.2000,1679882.40000000,,
300042562,Confirmada,False,Pendiente,Marathon,,02/07/2026,02/07/2026,Depósito Terminado,pu-noa,8,PU1015BLGMMN4,o4-906978/13,Puma 6978-13 Quarter 3P Bl/Gm/Mn 4,Puma,210.0000,0.0000,210.0000,uni,6666.2000,1399902.00000000,,
300042562,Confirmada,False,Pendiente,Marathon,,02/07/2026,02/07/2026,Depósito Terminado,pu-noa,9,PU1025BLNEGM4,o7-906807/15,Puma 6807-15 Inv. Sneaker 3P Bl/Ne/Gm 4,Puma,390.0000,0.0000,390.0000,uni,6153.4000,2399826.00000000,,
300042562,Confirmada,False,Pendiente,Marathon,,02/07/2026,02/07/2026,Depósito Terminado,pu-noa,10,PU504BLNEGM5,p1-906807/15,PUMA 6807-15 Inv. Sneakers 3P Bl/Ne/Gm 5,Puma,390.0000,0.0000,390.0000,uni,6153.4000,2399826.00000000,,
300042562,Confirmada,False,Pendiente,Marathon,,02/07/2026,02/07/2026,Depósito Terminado,pu-noa,11,PU1025AOAEMN5,p4/906807/16,Puma 6807-16 Inv. Sneaker 3P Ao/Ae/Mn 5,Puma,318.0000,0.0000,318.0000,uni,6153.4000,1956781.20000000,,
300042562,Confirmada,False,Pendiente,Marathon,,02/07/2026,02/07/2026,Depósito Terminado,pu-noa,12,PU1025TUVEVI4,p5-906807-79,Puma 6807-79 Inv. Sneaker 3P Tu/Ve/Vi 4,Puma,318.0000,0.0000,318.0000,uni,6153.4000,1956781.20000000,,
300042562,Confirmada,False,Pendiente,Marathon,,02/07/2026,02/07/2026,Depósito Terminado,pu-noa,13,PU595BLBLBL5,q1-7312-892574/01,PUMA 6110-01 Sport 3P Bl/Bl/Bl 5,Puma,240.0000,0.0000,240.0000,uni,7179.0000,1722960.00000000,,
300042562,Confirmada,False,Pendiente,Marathon,,02/07/2026,02/07/2026,Depósito Terminado,pu-noa,14,PU595GMM4NE5,q2-7312-892574/02,PUMA 2574-02 Sport 3P Gm/M4/Ne 5,Puma,276.0000,0.0000,276.0000,uni,7179.0000,1981404.00000000,,
300042562,Confirmada,False,Pendiente,Marathon,,02/07/2026,02/07/2026,Depósito Terminado,pu-noa,15,PU595NENENE5,q3-7312-892574/03,PUMA 2574-03 Sport 3P Ne/Ne/Ne 5,Puma,276.0000,0.0000,276.0000,uni,7179.0000,1981404.00000000,,
300042562,Confirmada,False,Pendiente,Marathon,,02/07/2026,02/07/2026,Depósito Terminado,pu-noa,16,PU6512BLGRNE5,u1-6512-892576/01,PUMA 2576-01 Unisex Sneakers Half Terry 3P Bl/Gr/Ne 5,Puma,300.0000,0.0000,300.0000,uni,6922.6000,2076780.00000000,,
300042562,Confirmada,False,Pendiente,Marathon,,02/07/2026,02/07/2026,Depósito Terminado,pu-noa,17,PU6512FUGRBL5,u3-6512-892576/02,Puma 2576-02 Unisex Sneakers Half Terry 3P Fu/Gr/Bl 5,Puma,300.0000,0.0000,300.0000,uni,6922.6000,2076780.00000000,,
300042567,Confirmada,False,Pendiente,MERSAN,,06/07/2026,06/07/2026,Depósito Terminado,pu-raul2,1,PU3765NENEGM5,r1-883765/02,PUMA 3765-02 Lifestyle Sock 3P Ne/Ne/Gm 5,Puma,72.0000,0.0000,72.0000,uni,7691.8000,553809.60000000,Entregar como siempre,"<Notas>
  <Nota>
    <CUIT />
    <Cliente>MERSAN</Cliente>
    <Direccion />
    <Telefono />
    <Expreso />
    <DireccionExpreso />
    <Notas>Entregar como siempre</Notas>
  </Nota>
</Notas>"
300042567,Confirmada,False,Pendiente,MERSAN,,06/07/2026,06/07/2026,Depósito Terminado,pu-raul2,2,PU3765BLBLGM5,r1-883765/03,PUMA 3765-03 Lifestyle Sock 3P Bl/Bl/Gm 5,Puma,36.0000,0.0000,36.0000,uni,7691.8000,276904.80000000,Entregar como siempre,
300042563,Confirmada,False,Pendiente,Paco Garcia,,02/07/2026,02/07/2026,Depósito Terminado,pu-noa,1,PU1315RSCH3,b2-1315-892570/03,PUMA 3340-43 Kids inv. Sneakers 2P Rs/Ch 3,Puma,36.0000,0.0000,36.0000,uni,4102.1000,147675.60000000,,"<Notas>
  <Nota>
    <CUIT />
    <Cliente>Paco Garcia</Cliente>
    <Direccion />
    <Telefono />
    <Expreso />
    <DireccionExpreso />
    <Notas />
  </Nota>
</Notas>"
300042563,Confirmada,False,Pendiente,Paco Garcia,,02/07/2026,02/07/2026,Depósito Terminado,pu-noa,2,PU1315NENE3,b3-1315-892570/04,PUMA 2570-04 Kids inv. Sneakers 2P Ne/Ne 3,Puma,36.0000,0.0000,36.0000,uni,4102.1000,147675.60000000,,
300042563,Confirmada,False,Pendiente,Paco Garcia,,02/07/2026,02/07/2026,Depósito Terminado,pu-noa,3,PU1315AZCE3,b4-1315-892570/01,Puma 3340-16 Kids inv. Sneakers 2P Az/Ce 3,Puma,36.0000,0.0000,36.0000,uni,4102.1000,147675.60000000,,
300042563,Confirmada,False,Pendiente,Paco Garcia,,02/07/2026,02/07/2026,Depósito Terminado,pu-noa,4,PU2392BLBL3,d1-2392-907959/02,Puma 7959-02 Separate Tees Bl/Bl 3,Puma,36.0000,0.0000,36.0000,uni,4358.5000,156906.00000000,,
300042563,Confirmada,False,Pendiente,Paco Garcia,,02/07/2026,02/07/2026,Depósito Terminado,pu-noa,5,PU7944NENE5,e3-907944-01,Puma 7944-01 Crew Heritage 2P Ne/Ne 5,Puma,60.0000,0.0000,60.0000,uni,6666.2000,399972.00000000,,
300042563,Confirmada,False,Pendiente,Paco Garcia,,02/07/2026,02/07/2026,Depósito Terminado,pu-noa,6,PU7947RSGR4,j3-907947-04,Puma 7947-04 BWT SNEAKER Rs/Gr 4,Puma,84.0000,0.0000,84.0000,uni,5217.7000,438286.80000000,,
300042563,Confirmada,False,Pendiente,Paco Garcia,,02/07/2026,02/07/2026,Depósito Terminado,pu-noa,7,PU6800NENE4,k6-906800/01,Puma 6800-01 Cushioned Sneaker Px2 Ne/Ne 4,Puma,12.0000,0.0000,12.0000,uni,4871.3000,58455.60000000,,
300042563,Confirmada,False,Pendiente,Paco Garcia,,02/07/2026,02/07/2026,Depósito Terminado,pu-noa,8,PU6800NENE5,k69-906800/01,Puma 6800-01 Cushioned Sneaker Px2 Ne/Ne 5,Puma,24.0000,0.0000,24.0000,uni,4871.3000,116911.20000000,,
300042563,Confirmada,False,Pendiente,Paco Garcia,,02/07/2026,02/07/2026,Depósito Terminado,pu-noa,9,PU1015NENENE4,o0-906978/03,Puma 6978-03 Quarter 3P Ne/Ne/Ne 4,Puma,24.0000,0.0000,24.0000,uni,6666.2000,159988.80000000,,
300042563,Confirmada,False,Pendiente,Paco Garcia,,02/07/2026,02/07/2026,Depósito Terminado,pu-noa,10,PU1015BLNEGM4,o0-906978/21,Puma 6978-21 Quarter 3P Bl/Ne/Gm 4,Puma,60.0000,0.0000,60.0000,uni,6666.2000,399972.00000000,,
300042563,Confirmada,False,Pendiente,Paco Garcia,,02/07/2026,02/07/2026,Depósito Terminado,pu-noa,11,PU681NENENE5,o2-906978/03,PUMA 6978-03 Quarter 3P  Ne/Ne/Ne 5,Puma,48.0000,0.0000,48.0000,uni,6666.2000,319977.60000000,,
300042563,Confirmada,False,Pendiente,Paco Garcia,,02/07/2026,02/07/2026,Depósito Terminado,pu-noa,12,PU681BLNEGM5,o2-906978/21,PUMA 6978-21 Quarter 3P Bl/Ne/Gm 5,Puma,102.0000,0.0000,102.0000,uni,6666.2000,679952.40000000,,
300042563,Confirmada,False,Pendiente,Paco Garcia,,02/07/2026,02/07/2026,Depósito Terminado,pu-noa,13,PU1015RSBLGM4,o4-906978/08,Puma 6978-08 Quarter 3P Rs/Bl/Gm 4,Puma,96.0000,0.0000,96.0000,uni,6666.2000,639955.20000000,,
300042563,Confirmada,False,Pendiente,Paco Garcia,,02/07/2026,02/07/2026,Depósito Terminado,pu-noa,14,PU1025BLBLBL4,o5-906807/03,Puma 6807-03 Inv. Sneaker 3P Bl/Bl/Bl 4,Puma,24.0000,0.0000,24.0000,uni,6153.4000,147681.60000000,,
300042563,Confirmada,False,Pendiente,Paco Garcia,,02/07/2026,02/07/2026,Depósito Terminado,pu-noa,15,PU1025BLNEGM4,o7-906807/15,Puma 6807-15 Inv. Sneaker 3P Bl/Ne/Gm 4,Puma,60.0000,0.0000,60.0000,uni,6153.4000,369204.00000000,,
300042563,Confirmada,False,Pendiente,Paco Garcia,,02/07/2026,02/07/2026,Depósito Terminado,pu-noa,16,PU504NENENE5,p1-906807/01,PUMA 6807-01 Inv. Sneakers 3P Ne/Ne/Ne 5,Puma,36.0000,0.0000,36.0000,uni,6153.4000,221522.40000000,,
300042563,Confirmada,False,Pendiente,Paco Garcia,,02/07/2026,02/07/2026,Depósito Terminado,pu-noa,17,PU504BLNEGM5,p1-906807/15,PUMA 6807-15 Inv. Sneakers 3P Bl/Ne/Gm 5,Puma,60.0000,0.0000,60.0000,uni,6153.4000,369204.00000000,,
300042563,Confirmada,False,Pendiente,Paco Garcia,,02/07/2026,02/07/2026,Depósito Terminado,pu-noa,18,PU1025AOAEMN5,p4/906807/16,Puma 6807-16 Inv. Sneaker 3P Ao/Ae/Mn 5,Puma,36.0000,0.0000,36.0000,uni,6153.4000,221522.40000000,,
300042563,Confirmada,False,Pendiente,Paco Garcia,,02/07/2026,02/07/2026,Depósito Terminado,pu-noa,19,PU595BLBLBL5,q1-7312-892574/01,PUMA 6110-01 Sport 3P Bl/Bl/Bl 5,Puma,60.0000,0.0000,60.0000,uni,7179.0000,430740.00000000,,
300042563,Confirmada,False,Pendiente,Paco Garcia,,02/07/2026,02/07/2026,Depósito Terminado,pu-noa,20,PU595GMM4NE5,q2-7312-892574/02,PUMA 2574-02 Sport 3P Gm/M4/Ne 5,Puma,120.0000,0.0000,120.0000,uni,7179.0000,861480.00000000,,
300042563,Confirmada,False,Pendiente,Paco Garcia,,02/07/2026,02/07/2026,Depósito Terminado,pu-noa,21,PU595NENENE5,q3-7312-892574/03,PUMA 2574-03 Sport 3P Ne/Ne/Ne 5,Puma,120.0000,0.0000,120.0000,uni,7179.0000,861480.00000000,,
300042563,Confirmada,False,Pendiente,Paco Garcia,,02/07/2026,02/07/2026,Depósito Terminado,pu-noa,22,PU8372NENENE4,r11-938372-02,Puma 8372-02 New Generation Crew 3P Ne/Ne/Ne 4,Puma,24.0000,0.0000,24.0000,uni,8717.5000,209220.00000000,,
300042563,Confirmada,False,Pendiente,Paco Garcia,,02/07/2026,02/07/2026,Depósito Terminado,pu-noa,23,PU7940BLGMNE5,r15-907940-03,Puma 7940-03 Crew Sock Light Bl/Gm/Ne 5,Puma,84.0000,0.0000,84.0000,uni,8717.5000,732270.00000000,,
300041595,Preliminar,False,Pendiente,PUMA  ECOM,,03/04/2025,03/04/2025,Depósito Terminado,patricia,55,PU1025GTGMM44,p9-906807-14,Puma 6807-14 Puma Inv. Sneaker 3P Gt/Gm/M4 4,Puma,60.0000,0.0000,60.0000,uni,5076.5000,304590.00000000,,"<Notas>
  <Nota>
    <CUIT />
    <Cliente>PUMA  ECOM</Cliente>
    <Direccion />
    <Telefono />
    <Expreso />
    <DireccionExpreso />
    <Notas />
  </Nota>
</Notas>"
300041595,Preliminar,False,Pendiente,PUMA  ECOM,,03/04/2025,03/04/2025,Depósito Terminado,patricia,55,PU1025GTGMM44,p9-906807-14,Puma 6807-14 Puma Inv. Sneaker 3P Gt/Gm/M4 4,Puma,60.0000,0.0000,60.0000,uni,5076.5000,304590.00000000,,"<Notas>
  <Nota>
    <CUIT />
    <Cliente>PUMA  ECOM</Cliente>
    <Direccion />
    <Telefono />
    <Expreso />
    <DireccionExpreso />
    <Notas />
  </Nota>
</Notas>"
300041595,Preliminar,False,Pendiente,PUMA  ECOM,,03/04/2025,03/04/2025,Depósito Terminado,patricia,56,PU1025GTGMM45,p9-906807-14,Puma 6807-14 Puma Inv. Sneaker 3P Gt/Gm/M4 5,Puma,120.0000,0.0000,120.0000,uni,5076.5000,609180.00000000,,
300041595,Preliminar,False,Pendiente,PUMA  ECOM,,03/04/2025,03/04/2025,Depósito Terminado,patricia,56,PU1025GTGMM45,p9-906807-14,Puma 6807-14 Puma Inv. Sneaker 3P Gt/Gm/M4 5,Puma,120.0000,0.0000,120.0000,uni,5076.5000,609180.00000000,,
300041595,Preliminar,False,Pendiente,PUMA  ECOM,,03/04/2025,03/04/2025,Depósito Terminado,patricia,57,PU7375NENENE3,,Puma 7375-02 Kids Quarter 3P Ne/Ne/Ne 3,Puma,60.0000,0.0000,60.0000,uni,4307.2000,258432.00000000,,
300041595,Preliminar,False,Pendiente,PUMA  ECOM,,03/04/2025,03/04/2025,Depósito Terminado,patricia,57,PU7375NENENE3,,Puma 7375-02 Kids Quarter 3P Ne/Ne/Ne 3,Puma,60.0000,0.0000,60.0000,uni,4307.2000,258432.00000000,,
300041595,Preliminar,False,Pendiente,PUMA  ECOM,,03/04/2025,03/04/2025,Depósito Terminado,patricia,58,PU7942BLBLBL4,r11-907942-02,Puma 7942-02 Cushioned Sneaker 3P Bl/Bl/Bl 4,Puma,60.0000,0.0000,60.0000,uni,5384.2000,323052.00000000,,
300041595,Preliminar,False,Pendiente,PUMA  ECOM,,03/04/2025,03/04/2025,Depósito Terminado,patricia,58,PU7942BLBLBL4,r11-907942-02,Puma 7942-02 Cushioned Sneaker 3P Bl/Bl/Bl 4,Puma,60.0000,0.0000,60.0000,uni,5384.2000,323052.00000000,,
300041595,Preliminar,False,Pendiente,PUMA  ECOM,,03/04/2025,03/04/2025,Depósito Terminado,patricia,59,PU7942BLBLBL5,r11-907942-02,Puma 7942-02 Cushioned Sneaker 3P Bl/Bl/Bl 5,Puma,120.0000,0.0000,120.0000,uni,5384.2000,646104.00000000,,
300041595,Preliminar,False,Pendiente,PUMA  ECOM,,03/04/2025,03/04/2025,Depósito Terminado,patricia,59,PU7942BLBLBL5,r11-907942-02,Puma 7942-02 Cushioned Sneaker 3P Bl/Bl/Bl 5,Puma,120.0000,0.0000,120.0000,uni,5384.2000,646104.00000000,,
300041595,Preliminar,False,Pendiente,PUMA  ECOM,,03/04/2025,03/04/2025,Depósito Terminado,patricia,60,PU7942NENENE4,r11-907942-01,Puma 7942-01 Cushioned Sneaker 3P Ne/Ne/Ne 4,Puma,60.0000,0.0000,60.0000,uni,5384.2000,323052.00000000,,
300041595,Preliminar,False,Pendiente,PUMA  ECOM,,03/04/2025,03/04/2025,Depósito Terminado,patricia,60,PU7942NENENE4,r11-907942-01,Puma 7942-01 Cushioned Sneaker 3P Ne/Ne/Ne 4,Puma,60.0000,0.0000,60.0000,uni,5384.2000,323052.00000000,,
300041595,Preliminar,False,Pendiente,PUMA  ECOM,,03/04/2025,03/04/2025,Depósito Terminado,patricia,61,PU7942NENENE5,r11-907942-01,Puma 7942-01 Cushioned Sneaker 3P Ne/Ne/Ne 5,Puma,120.0000,0.0000,120.0000,uni,5384.2000,646104.00000000,,
300041595,Preliminar,False,Pendiente,PUMA  ECOM,,03/04/2025,03/04/2025,Depósito Terminado,patricia,61,PU7942NENENE5,r11-907942-01,Puma 7942-01 Cushioned Sneaker 3P Ne/Ne/Ne 5,Puma,120.0000,0.0000,120.0000,uni,5384.2000,646104.00000000,,
300041595,Preliminar,False,Pendiente,PUMA  ECOM,,03/04/2025,03/04/2025,Depósito Terminado,patricia,62,PU7943BLBLBL4,r11-907943-02,Puma 7943-02 Cushioned Quarter 3P Bl/Bl/Bl 4,Puma,60.0000,0.0000,60.0000,uni,5512.4000,330744.00000000,,
300041595,Preliminar,False,Pendiente,PUMA  ECOM,,03/04/2025,03/04/2025,Depósito Terminado,patricia,62,PU7943BLBLBL4,r11-907943-02,Puma 7943-02 Cushioned Quarter 3P Bl/Bl/Bl 4,Puma,60.0000,0.0000,60.0000,uni,5512.4000,330744.00000000,,
300041595,Preliminar,False,Pendiente,PUMA  ECOM,,03/04/2025,03/04/2025,Depósito Terminado,patricia,63,PU7943BLBLBL5,r11-907943-02,Puma 7943-02 Cushioned Quarter 3P Bl/Bl/Bl 5,Puma,120.0000,0.0000,120.0000,uni,5512.4000,661488.00000000,,
300041595,Preliminar,False,Pendiente,PUMA  ECOM,,03/04/2025,03/04/2025,Depósito Terminado,patricia,63,PU7943BLBLBL5,r11-907943-02,Puma 7943-02 Cushioned Quarter 3P Bl/Bl/Bl 5,Puma,120.0000,0.0000,120.0000,uni,5512.4000,661488.00000000,,
300041595,Preliminar,False,Pendiente,PUMA  ECOM,,03/04/2025,03/04/2025,Depósito Terminado,patricia,64,PU7943NENENE4,r11-907943-01,Puma 7943-01 Cushioned Quarter 3P Ne/Ne/Ne 4,Puma,60.0000,0.0000,60.0000,uni,5512.4000,330744.00000000,,
300041595,Preliminar,False,Pendiente,PUMA  ECOM,,03/04/2025,03/04/2025,Depósito Terminado,patricia,64,PU7943NENENE4,r11-907943-01,Puma 7943-01 Cushioned Quarter 3P Ne/Ne/Ne 4,Puma,60.0000,0.0000,60.0000,uni,5512.4000,330744.00000000,,
300041595,Preliminar,False,Pendiente,PUMA  ECOM,,03/04/2025,03/04/2025,Depósito Terminado,patricia,65,PU7943NENENE5,r11907943-01,Puma 7943-01 Cushioned Quarter 3P Ne/Ne/Ne 5,Puma,120.0000,0.0000,120.0000,uni,5512.4000,661488.00000000,,
300041595,Preliminar,False,Pendiente,PUMA  ECOM,,03/04/2025,03/04/2025,Depósito Terminado,patricia,65,PU7943NENENE5,r11907943-01,Puma 7943-01 Cushioned Quarter 3P Ne/Ne/Ne 5,Puma,120.0000,0.0000,120.0000,uni,5512.4000,661488.00000000,,
300041595,Preliminar,False,Pendiente,PUMA  ECOM,,03/04/2025,03/04/2025,Depósito Terminado,patricia,66,PU7946BLBL5,,Puma 7946-02 Heritage Quarter 2P Bl/Bl 5,Puma,60.0000,0.0000,60.0000,uni,3691.9000,221514.00000000,,
300041595,Preliminar,False,Pendiente,PUMA  ECOM,,03/04/2025,03/04/2025,Depósito Terminado,patricia,66,PU7946BLBL5,,Puma 7946-02 Heritage Quarter 2P Bl/Bl 5,Puma,60.0000,0.0000,60.0000,uni,3691.9000,221514.00000000,,
300041595,Preliminar,False,Pendiente,PUMA  ECOM,,03/04/2025,03/04/2025,Depósito Terminado,patricia,67,PU7946NENE5,,Puma 7946-01 Heritage Quarter 2P Ne/Ne 5,Puma,48.0000,0.0000,48.0000,uni,3691.9000,177211.20000000,,
300041595,Preliminar,False,Pendiente,PUMA  ECOM,,03/04/2025,03/04/2025,Depósito Terminado,patricia,67,PU7946NENE5,,Puma 7946-01 Heritage Quarter 2P Ne/Ne 5,Puma,48.0000,0.0000,48.0000,uni,3691.9000,177211.20000000,,
300041595,Preliminar,False,Pendiente,PUMA  ECOM,,03/04/2025,03/04/2025,Depósito Terminado,patricia,68,PU8372BLBLBL4,r10-938372-01,Puma 8372-01 New Generation Crew 3P Bl/Bl/Bl 4,Puma,24.0000,0.0000,24.0000,uni,7691.8000,184603.20000000,,
300041595,Preliminar,False,Pendiente,PUMA  ECOM,,03/04/2025,03/04/2025,Depósito Terminado,patricia,68,PU8372BLBLBL4,r10-938372-01,Puma 8372-01 New Generation Crew 3P Bl/Bl/Bl 4,Puma,24.0000,0.0000,24.0000,uni,7691.8000,184603.20000000,,
300041595,Preliminar,False,Pendiente,PUMA  ECOM,,03/04/2025,03/04/2025,Depósito Terminado,patricia,69,PU8372BLBLBL5,r10-938372-01,Puma 8372-01 New Generation Crew 3P Bl/Bl/Bl 5,Puma,36.0000,0.0000,36.0000,uni,7691.8000,276904.80000000,,
300041595,Preliminar,False,Pendiente,PUMA  ECOM,,03/04/2025,03/04/2025,Depósito Terminado,patricia,69,PU8372BLBLBL5,r10-938372-01,Puma 8372-01 New Generation Crew 3P Bl/Bl/Bl 5,Puma,36.0000,0.0000,36.0000,uni,7691.8000,276904.80000000,,
300041595,Preliminar,False,Pendiente,PUMA  ECOM,,03/04/2025,03/04/2025,Depósito Terminado,patricia,70,PU8372NENENE4,r11-938372-02,Puma 8372-02 New Generation Crew 3P Ne/Ne/Ne 4,Puma,24.0000,0.0000,24.0000,uni,7691.8000,184603.20000000,,
300041595,Preliminar,False,Pendiente,PUMA  ECOM,,03/04/2025,03/04/2025,Depósito Terminado,patricia,70,PU8372NENENE4,r11-938372-02,Puma 8372-02 New Generation Crew 3P Ne/Ne/Ne 4,Puma,24.0000,0.0000,24.0000,uni,7691.8000,184603.20000000,,
300041595,Preliminar,False,Pendiente,PUMA  ECOM,,03/04/2025,03/04/2025,Depósito Terminado,patricia,71,PU8372NENENE5,r11-938372-02,Puma 8372-02 New Generation Crew 3P Ne/Ne/Ne 5,Puma,36.0000,0.0000,36.0000,uni,7691.8000,276904.80000000,,
300041595,Preliminar,False,Pendiente,PUMA  ECOM,,03/04/2025,03/04/2025,Depósito Terminado,patricia,71,PU8372NENENE5,r11-938372-02,Puma 8372-02 New Generation Crew 3P Ne/Ne/Ne 5,Puma,36.0000,0.0000,36.0000,uni,7691.8000,276904.80000000,,
300041595,Preliminar,False,Pendiente,PUMA  ECOM,,03/04/2025,03/04/2025,Depósito Terminado,patricia,72,PU8380BLBL4,e4-938380-02,Puma 8380-02 Women Sock 2P Bl/Bl 4,Puma,48.0000,0.0000,48.0000,uni,4871.3000,233822.40000000,,
300041595,Preliminar,False,Pendiente,PUMA  ECOM,,03/04/2025,03/04/2025,Depósito Terminado,patricia,72,PU8380BLBL4,e4-938380-02,Puma 8380-02 Women Sock 2P Bl/Bl 4,Puma,48.0000,0.0000,48.0000,uni,4871.3000,233822.40000000,,
300041595,Preliminar,False,Pendiente,PUMA  ECOM,,03/04/2025,03/04/2025,Depósito Terminado,patricia,73,PU8380GMGM4,e4-938380-03,Puma 8380-03 Women Sock 2P Gm/Gm 4,Puma,24.0000,0.0000,24.0000,uni,4871.3000,116911.20000000,,
300041595,Preliminar,False,Pendiente,PUMA  ECOM,,03/04/2025,03/04/2025,Depósito Terminado,patricia,73,PU8380GMGM4,e4-938380-03,Puma 8380-03 Women Sock 2P Gm/Gm 4,Puma,24.0000,0.0000,24.0000,uni,4871.3000,116911.20000000,,
300041595,Preliminar,False,Pendiente,PUMA  ECOM,,03/04/2025,03/04/2025,Depósito Terminado,patricia,74,PU8380NENE4,e4-938380-01,Puma 8380-01 Women Sock 2P Ne/Ne 4,Puma,48.0000,0.0000,48.0000,uni,4871.3000,233822.40000000,,
300041595,Preliminar,False,Pendiente,PUMA  ECOM,,03/04/2025,03/04/2025,Depósito Terminado,patricia,74,PU8380NENE4,e4-938380-01,Puma 8380-01 Women Sock 2P Ne/Ne 4,Puma,48.0000,0.0000,48.0000,uni,4871.3000,233822.40000000,,
300041595,Preliminar,False,Pendiente,PUMA  ECOM,,03/04/2025,03/04/2025,Depósito Terminado,patricia,75,PU8391MNMN5,,Puma 8391-03 Men Classic Sock 2P Mn/Mn 5,Puma,48.0000,0.0000,48.0000,uni,5025.2000,241209.60000000,,
300041595,Preliminar,False,Pendiente,PUMA  ECOM,,03/04/2025,03/04/2025,Depósito Terminado,patricia,75,PU8391MNMN5,,Puma 8391-03 Men Classic Sock 2P Mn/Mn 5,Puma,48.0000,0.0000,48.0000,uni,5025.2000,241209.60000000,,
300041595,Preliminar,False,Pendiente,PUMA  ECOM,,03/04/2025,03/04/2025,Depósito Terminado,patricia,76,PU8391NENE5,,Puma 8391-01 Men Classic Sock 2P Ne/Ne 5,Puma,48.0000,0.0000,48.0000,uni,5025.2000,241209.60000000,,
300041595,Preliminar,False,Pendiente,PUMA  ECOM,,03/04/2025,03/04/2025,Depósito Terminado,patricia,76,PU8391NENE5,,Puma 8391-01 Men Classic Sock 2P Ne/Ne 5,Puma,48.0000,0.0000,48.0000,uni,5025.2000,241209.60000000,,
300041595,Preliminar,False,Pendiente,PUMA  ECOM,,03/04/2025,03/04/2025,Depósito Terminado,patricia,77,PU7964NENE3,c2-907964-01,Puma 7964-01 CLYDE JUNIOR Q Ne/Ne 3,Puma,36.0000,0.0000,36.0000,uni,3820.0000,137520.00000000,,
300041595,Preliminar,False,Pendiente,PUMA  ECOM,,03/04/2025,03/04/2025,Depósito Terminado,patricia,77,PU7964NENE3,c2-907964-01,Puma 7964-01 CLYDE JUNIOR Q Ne/Ne 3,Puma,36.0000,0.0000,36.0000,uni,3820.0000,137520.00000000,,
300041595,Preliminar,False,Pendiente,PUMA  ECOM,,03/04/2025,03/04/2025,Depósito Terminado,patricia,78,PU7964BLBL3,c2-907964-02,Puma 7964-02 CLYDE JUNIOR Q Bl/Bl 3,Puma,48.0000,0.0000,48.0000,uni,3820.0000,183360.00000000,,
300041595,Preliminar,False,Pendiente,PUMA  ECOM,,03/04/2025,03/04/2025,Depósito Terminado,patricia,78,PU7964BLBL3,c2-907964-02,Puma 7964-02 CLYDE JUNIOR Q Bl/Bl 3,Puma,48.0000,0.0000,48.0000,uni,3820.0000,183360.00000000,,
300041595,Preliminar,False,Pendiente,PUMA  ECOM,,03/04/2025,03/04/2025,Depósito Terminado,patricia,79,PU2392BLBL3,d1-2392-907959/02,Puma 7959-02 Separate Tees Bl/Bl 3,Puma,24.0000,0.0000,24.0000,uni,3743.1000,89834.40000000,,
300041595,Preliminar,False,Pendiente,PUMA  ECOM,,03/04/2025,03/04/2025,Depósito Terminado,patricia,79,PU2392BLBL3,d1-2392-907959/02,Puma 7959-02 Separate Tees Bl/Bl 3,Puma,24.0000,0.0000,24.0000,uni,3743.1000,89834.40000000,,
300041595,Preliminar,False,Pendiente,PUMA  ECOM,,03/04/2025,03/04/2025,Depósito Terminado,patricia,80,PU2392AZAZ3,d1-2392-907959/04,Puma 7959-04 Separate Tees Az/Az 3,Puma,36.0000,0.0000,36.0000,uni,3743.1000,134751.60000000,,
300041595,Preliminar,False,Pendiente,PUMA  ECOM,,03/04/2025,03/04/2025,Depósito Terminado,patricia,80,PU2392AZAZ3,d1-2392-907959/04,Puma 7959-04 Separate Tees Az/Az 3,Puma,36.0000,0.0000,36.0000,uni,3743.1000,134751.60000000,,
300041595,Preliminar,False,Pendiente,PUMA  ECOM,,03/04/2025,03/04/2025,Depósito Terminado,patricia,81,PU7944NENE5,e3-907944-01,Puma 7944-01 Crew Heritage 2P Ne/Ne 5,Puma,60.0000,0.0000,60.0000,uni,5640.6000,338436.00000000,,
300041595,Preliminar,False,Pendiente,PUMA  ECOM,,03/04/2025,03/04/2025,Depósito Terminado,patricia,81,PU7944NENE5,e3-907944-01,Puma 7944-01 Crew Heritage 2P Ne/Ne 5,Puma,60.0000,0.0000,60.0000,uni,5640.6000,338436.00000000,,
300041595,Preliminar,False,Pendiente,PUMA  ECOM,,03/04/2025,03/04/2025,Depósito Terminado,patricia,82,PU7944BLBL5,e3-907944-02,Puma 7944-02 Crew Heritage 2P Bl/Bl 5,Puma,24.0000,0.0000,24.0000,uni,5640.6000,135374.40000000,,
300041595,Preliminar,False,Pendiente,PUMA  ECOM,,03/04/2025,03/04/2025,Depósito Terminado,patricia,82,PU7944BLBL5,e3-907944-02,Puma 7944-02 Crew Heritage 2P Bl/Bl 5,Puma,24.0000,0.0000,24.0000,uni,5640.6000,135374.40000000,,
300041595,Preliminar,False,Pendiente,PUMA  ECOM,,03/04/2025,03/04/2025,Depósito Terminado,patricia,83,PU7947NEGT4,j3-907947-01,Puma 7947-01 BWT SNEAKER Ne/Gt 4,Puma,36.0000,0.0000,36.0000,uni,4255.9000,153212.40000000,,
300041595,Preliminar,False,Pendiente,PUMA  ECOM,,03/04/2025,03/04/2025,Depósito Terminado,patricia,83,PU7947NEGT4,j3-907947-01,Puma 7947-01 BWT SNEAKER Ne/Gt 4,Puma,36.0000,0.0000,36.0000,uni,4255.9000,153212.40000000,,
300041595,Preliminar,False,Pendiente,PUMA  ECOM,,03/04/2025,03/04/2025,Depósito Terminado,patricia,84,PU7947BLGM4,j3-907947-02,Puma 7947-02 BWT SNEAKER Bl/Gm 4,Puma,24.0000,0.0000,24.0000,uni,4255.9000,102141.60000000,,
300041595,Preliminar,False,Pendiente,PUMA  ECOM,,03/04/2025,03/04/2025,Depósito Terminado,patricia,84,PU7947BLGM4,j3-907947-02,Puma 7947-02 BWT SNEAKER Bl/Gm 4,Puma,24.0000,0.0000,24.0000,uni,4255.9000,102141.60000000,,
300041595,Preliminar,False,Pendiente,PUMA  ECOM,,03/04/2025,03/04/2025,Depósito Terminado,patricia,85,PU7947BLGR5,j4-907947-02,Puma 7947-02 BWT SNEAKER Bl/Gr 5,Puma,24.0000,0.0000,24.0000,uni,4255.9000,102141.60000000,,
300041595,Preliminar,False,Pendiente,PUMA  ECOM,,03/04/2025,03/04/2025,Depósito Terminado,patricia,85,PU7947BLGR5,j4-907947-02,Puma 7947-02 BWT SNEAKER Bl/Gr 5,Puma,24.0000,0.0000,24.0000,uni,4255.9000,102141.60000000,,
300041595,Preliminar,False,Pendiente,PUMA  ECOM,,03/04/2025,03/04/2025,Depósito Terminado,patricia,86,PU6930NENENE4,l3-906930/01,Puma 6930-01 Footie P3 Ne/Ne/Ne 4,Puma,60.0000,0.0000,60.0000,uni,7435.4000,446124.00000000,,
300041595,Preliminar,False,Pendiente,PUMA  ECOM,,03/04/2025,03/04/2025,Depósito Terminado,patricia,86,PU6930NENENE4,l3-906930/01,Puma 6930-01 Footie P3 Ne/Ne/Ne 4,Puma,60.0000,0.0000,60.0000,uni,7435.4000,446124.00000000,,
300041595,Preliminar,False,Pendiente,PUMA  ECOM,,03/04/2025,03/04/2025,Depósito Terminado,patricia,87,PU6930BLBLBL4,l3-906930/02,Puma 6930-02 Footie P3 Bl/Bl/Bl 4,Puma,60.0000,0.0000,60.0000,uni,7435.4000,446124.00000000,,
300041595,Preliminar,False,Pendiente,PUMA  ECOM,,03/04/2025,03/04/2025,Depósito Terminado,patricia,87,PU6930BLBLBL4,l3-906930/02,Puma 6930-02 Footie P3 Bl/Bl/Bl 4,Puma,60.0000,0.0000,60.0000,uni,7435.4000,446124.00000000,,
300041595,Preliminar,False,Pendiente,PUMA  ECOM,,03/04/2025,03/04/2025,Depósito Terminado,patricia,88,PU1015BLBLBL4,n99-906978/07,Puma 6978-07 Quarter 3P Bl/Bl/Bl 4,Puma,48.0000,0.0000,48.0000,uni,5589.3000,268286.40000000,,
300041595,Preliminar,False,Pendiente,PUMA  ECOM,,03/04/2025,03/04/2025,Depósito Terminado,patricia,88,PU1015BLBLBL4,n99-906978/07,Puma 6978-07 Quarter 3P Bl/Bl/Bl 4,Puma,48.0000,0.0000,48.0000,uni,5589.3000,268286.40000000,,
300041595,Preliminar,False,Pendiente,PUMA  ECOM,,03/04/2025,03/04/2025,Depósito Terminado,patricia,89,PU1015NENENE4,o0-906978/03,Puma 6978-03 Quarter 3P Ne/Ne/Ne 4,Puma,24.0000,0.0000,24.0000,uni,5589.3000,134143.20000000,,
300041595,Preliminar,False,Pendiente,PUMA  ECOM,,03/04/2025,03/04/2025,Depósito Terminado,patricia,89,PU1015NENENE4,o0-906978/03,Puma 6978-03 Quarter 3P Ne/Ne/Ne 4,Puma,24.0000,0.0000,24.0000,uni,5589.3000,134143.20000000,,
300041595,Preliminar,False,Pendiente,PUMA  ECOM,,03/04/2025,03/04/2025,Depósito Terminado,patricia,90,PU1015BLNEGM4,o0-906978/21,Puma 6978-21 Quarter 3P Bl/Ne/Gm 4,Puma,120.0000,0.0000,120.0000,uni,5589.3000,670716.00000000,,
300041595,Preliminar,False,Pendiente,PUMA  ECOM,,03/04/2025,03/04/2025,Depósito Terminado,patricia,90,PU1015BLNEGM4,o0-906978/21,Puma 6978-21 Quarter 3P Bl/Ne/Gm 4,Puma,120.0000,0.0000,120.0000,uni,5589.3000,670716.00000000,,
300041595,Preliminar,False,Pendiente,PUMA  ECOM,,03/04/2025,03/04/2025,Depósito Terminado,patricia,91,PU681BLBLBL5,o1-906978/07,PUMA 6978-07 Quarter 3P  Bl/Bl/Bl 5,Puma,48.0000,0.0000,48.0000,uni,5589.3000,268286.40000000,,
300041595,Preliminar,False,Pendiente,PUMA  ECOM,,03/04/2025,03/04/2025,Depósito Terminado,patricia,91,PU681BLBLBL5,o1-906978/07,PUMA 6978-07 Quarter 3P  Bl/Bl/Bl 5,Puma,48.0000,0.0000,48.0000,uni,5589.3000,268286.40000000,,
300041595,Preliminar,False,Pendiente,PUMA  ECOM,,03/04/2025,03/04/2025,Depósito Terminado,patricia,92,PU681NENENE5,o2-906978/03,PUMA 6978-03 Quarter 3P  Ne/Ne/Ne 5,Puma,24.0000,0.0000,24.0000,uni,5589.3000,134143.20000000,,
300041595,Preliminar,False,Pendiente,PUMA  ECOM,,03/04/2025,03/04/2025,Depósito Terminado,patricia,92,PU681NENENE5,o2-906978/03,PUMA 6978-03 Quarter 3P  Ne/Ne/Ne 5,Puma,24.0000,0.0000,24.0000,uni,5589.3000,134143.20000000,,
300041595,Preliminar,False,Pendiente,PUMA  ECOM,,03/04/2025,03/04/2025,Depósito Terminado,patricia,93,PU681BLNEGM5,o2-906978/21,PUMA 6978-21 Quarter 3P Bl/Ne/Gm 5,Puma,120.0000,0.0000,120.0000,uni,5589.3000,670716.00000000,,
300041595,Preliminar,False,Pendiente,PUMA  ECOM,,03/04/2025,03/04/2025,Depósito Terminado,patricia,93,PU681BLNEGM5,o2-906978/21,PUMA 6978-21 Quarter 3P Bl/Ne/Gm 5,Puma,120.0000,0.0000,120.0000,uni,5589.3000,670716.00000000,,
300041595,Preliminar,False,Pendiente,PUMA  ECOM,,03/04/2025,03/04/2025,Depósito Terminado,patricia,94,PU1025BLBLBL4,o5-906807/03,Puma 6807-03 Inv. Sneaker 3P Bl/Bl/Bl 4,Puma,150.0000,0.0000,150.0000,uni,5076.5000,761475.00000000,,
300041595,Preliminar,False,Pendiente,PUMA  ECOM,,03/04/2025,03/04/2025,Depósito Terminado,patricia,94,PU1025BLBLBL4,o5-906807/03,Puma 6807-03 Inv. Sneaker 3P Bl/Bl/Bl 4,Puma,150.0000,0.0000,150.0000,uni,5076.5000,761475.00000000,,
300041595,Preliminar,False,Pendiente,PUMA  ECOM,,03/04/2025,03/04/2025,Depósito Terminado,patricia,95,PU1025NENENE4,o6-906807/01,Puma 6807-01 Inv. Sneaker 3P Ne/Ne/Ne 4,Puma,150.0000,0.0000,150.0000,uni,5076.5000,761475.00000000,,
300041595,Preliminar,False,Pendiente,PUMA  ECOM,,03/04/2025,03/04/2025,Depósito Terminado,patricia,95,PU1025NENENE4,o6-906807/01,Puma 6807-01 Inv. Sneaker 3P Ne/Ne/Ne 4,Puma,150.0000,0.0000,150.0000,uni,5076.5000,761475.00000000,,
300041595,Preliminar,False,Pendiente,PUMA  ECOM,,03/04/2025,03/04/2025,Depósito Terminado,patricia,96,PU1025BLNEGM4,o7-906807/15,Puma 6807-15 Inv. Sneaker 3P Bl/Ne/Gm 4,Puma,60.0000,0.0000,60.0000,uni,5076.5000,304590.00000000,,
300041595,Preliminar,False,Pendiente,PUMA  ECOM,,03/04/2025,03/04/2025,Depósito Terminado,patricia,96,PU1025BLNEGM4,o7-906807/15,Puma 6807-15 Inv. Sneaker 3P Bl/Ne/Gm 4,Puma,60.0000,0.0000,60.0000,uni,5076.5000,304590.00000000,,
300041595,Preliminar,False,Pendiente,PUMA  ECOM,,03/04/2025,03/04/2025,Depósito Terminado,patricia,97,PU504BLBLBL5,p1-906807/03,PUMA 6807-03 Inv. Sneakers 3P Bl/Bl/Bl 5,Puma,252.0000,0.0000,252.0000,uni,5076.5000,1279278.00000000,,
300041595,Preliminar,False,Pendiente,PUMA  ECOM,,03/04/2025,03/04/2025,Depósito Terminado,patricia,97,PU504BLBLBL5,p1-906807/03,PUMA 6807-03 Inv. Sneakers 3P Bl/Bl/Bl 5,Puma,252.0000,0.0000,252.0000,uni,5076.5000,1279278.00000000,,
300041595,Preliminar,False,Pendiente,PUMA  ECOM,,03/04/2025,03/04/2025,Depósito Terminado,patricia,98,PU504NENENE5,p1-906807/01,PUMA 6807-01 Inv. Sneakers 3P Ne/Ne/Ne 5,Puma,252.0000,0.0000,252.0000,uni,5076.5000,1279278.00000000,,
300041595,Preliminar,False,Pendiente,PUMA  ECOM,,03/04/2025,03/04/2025,Depósito Terminado,patricia,98,PU504NENENE5,p1-906807/01,PUMA 6807-01 Inv. Sneakers 3P Ne/Ne/Ne 5,Puma,252.0000,0.0000,252.0000,uni,5076.5000,1279278.00000000,,
300041595,Preliminar,False,Pendiente,PUMA  ECOM,,03/04/2025,03/04/2025,Depósito Terminado,patricia,99,PU504BLNEGM5,p1-906807/15,PUMA 6807-15 Inv. Sneakers 3P Bl/Ne/Gm 5,Puma,120.0000,0.0000,120.0000,uni,5076.5000,609180.00000000,,
300041595,Preliminar,False,Pendiente,PUMA  ECOM,,03/04/2025,03/04/2025,Depósito Terminado,patricia,99,PU504BLNEGM5,p1-906807/15,PUMA 6807-15 Inv. Sneakers 3P Bl/Ne/Gm 5,Puma,120.0000,0.0000,120.0000,uni,5076.5000,609180.00000000,,
300041595,Preliminar,False,Pendiente,PUMA  ECOM,,03/04/2025,03/04/2025,Depósito Terminado,patricia,100,PU1025AOAEMN5,p4/906807/16,Puma 6807-16 Inv. Sneaker 3P Ao/Ae/Mn 5,Puma,36.0000,0.0000,36.0000,uni,5076.5000,182754.00000000,,
300041595,Preliminar,False,Pendiente,PUMA  ECOM,,03/04/2025,03/04/2025,Depósito Terminado,patricia,100,PU1025AOAEMN5,p4/906807/16,Puma 6807-16 Inv. Sneaker 3P Ao/Ae/Mn 5,Puma,36.0000,0.0000,36.0000,uni,5076.5000,182754.00000000,,
300041595,Preliminar,False,Pendiente,PUMA  ECOM,,03/04/2025,03/04/2025,Depósito Terminado,patricia,101,PU7940NENENE5,r15-907940-01,Puma 7940-01 Crew Sock Light Ne/Ne/Ne 5,Puma,48.0000,0.0000,48.0000,uni,7691.8000,369206.40000000,,
300041595,Preliminar,False,Pendiente,PUMA  ECOM,,03/04/2025,03/04/2025,Depósito Terminado,patricia,101,PU7940NENENE5,r15-907940-01,Puma 7940-01 Crew Sock Light Ne/Ne/Ne 5,Puma,48.0000,0.0000,48.0000,uni,7691.8000,369206.40000000,,
300041595,Preliminar,False,Pendiente,PUMA  ECOM,,03/04/2025,03/04/2025,Depósito Terminado,patricia,102,PU7940BLBLBL5,r15-907940-02,Puma 7940-02 Crew Sock Light Bl/Bl/Bl 5,Puma,90.0000,0.0000,90.0000,uni,7691.8000,692262.00000000,,
300041595,Preliminar,False,Pendiente,PUMA  ECOM,,03/04/2025,03/04/2025,Depósito Terminado,patricia,102,PU7940BLBLBL5,r15-907940-02,Puma 7940-02 Crew Sock Light Bl/Bl/Bl 5,Puma,90.0000,0.0000,90.0000,uni,7691.8000,692262.00000000,,
300041595,Preliminar,False,Pendiente,PUMA  ECOM,,03/04/2025,03/04/2025,Depósito Terminado,patricia,103,PU7940BLGMNE5,r15-907940-03,Puma 7940-03 Crew Sock Light Bl/Gm/Ne 5,Puma,48.0000,0.0000,48.0000,uni,7691.8000,369206.40000000,,
300041595,Preliminar,False,Pendiente,PUMA  ECOM,,03/04/2025,03/04/2025,Depósito Terminado,patricia,103,PU7940BLGMNE5,r15-907940-03,Puma 7940-03 Crew Sock Light Bl/Gm/Ne 5,Puma,48.0000,0.0000,48.0000,uni,7691.8000,369206.40000000,,
300041595,Preliminar,False,Pendiente,PUMA  ECOM,,03/04/2025,03/04/2025,Depósito Terminado,patricia,104,PU7374BLBLBL2,v4-907374/05,Puma 7374-05 Kids Invisible Bl/Bl/Bl 2,Puma,120.0000,0.0000,120.0000,uni,4461.1000,535332.00000000,,
300041595,Preliminar,False,Pendiente,PUMA  ECOM,,03/04/2025,03/04/2025,Depósito Terminado,patricia,104,PU7374BLBLBL2,v4-907374/05,Puma 7374-05 Kids Invisible Bl/Bl/Bl 2,Puma,120.0000,0.0000,120.0000,uni,4461.1000,535332.00000000,,
300041595,Preliminar,False,Pendiente,PUMA  ECOM,,03/04/2025,03/04/2025,Depósito Terminado,patricia,105,PU7374BLBLBL3,v4-907374/05,Puma 7374-05 Kids Invisible Bl/Bl/Bl 3,Puma,120.0000,0.0000,120.0000,uni,4461.1000,535332.00000000,,
300041595,Preliminar,False,Pendiente,PUMA  ECOM,,03/04/2025,03/04/2025,Depósito Terminado,patricia,105,PU7374BLBLBL3,v4-907374/05,Puma 7374-05 Kids Invisible Bl/Bl/Bl 3,Puma,120.0000,0.0000,120.0000,uni,4461.1000,535332.00000000,,
300041595,Preliminar,False,Pendiente,PUMA  ECOM,,03/04/2025,03/04/2025,Depósito Terminado,patricia,106,PU4491NENENE3,w1-907958-01,Puma 7958-01 Sport Junior T:4 3P Ne/Ne/Ne 3,Puma,48.0000,0.0000,48.0000,uni,5538.0000,265824.00000000,,
300041595,Preliminar,False,Pendiente,PUMA  ECOM,,03/04/2025,03/04/2025,Depósito Terminado,patricia,106,PU4491NENENE3,w1-907958-01,Puma 7958-01 Sport Junior T:4 3P Ne/Ne/Ne 3,Puma,48.0000,0.0000,48.0000,uni,5538.0000,265824.00000000,,
300041595,Preliminar,False,Pendiente,PUMA  ECOM,,03/04/2025,03/04/2025,Depósito Terminado,patricia,107,PU4491BLBLBL3,w1-907958-02,Puma 7958-02 Sport Junior T:4 3P Bl/Bl/Bl 3,Puma,36.0000,0.0000,36.0000,uni,5538.0000,199368.00000000,,
300041595,Preliminar,False,Pendiente,PUMA  ECOM,,03/04/2025,03/04/2025,Depósito Terminado,patricia,107,PU4491BLBLBL3,w1-907958-02,Puma 7958-02 Sport Junior T:4 3P Bl/Bl/Bl 3,Puma,36.0000,0.0000,36.0000,uni,5538.0000,199368.00000000,,
300041595,Preliminar,False,Pendiente,PUMA  ECOM,,03/04/2025,03/04/2025,Depósito Terminado,patricia,108,PU5476BLBL4,z13-935476-01,Puma 5476-01 Sport Light Sneaker x2 Bl/Bl 4,Puma,60.0000,0.0000,60.0000,uni,6922.6000,415356.00000000,,
300041595,Preliminar,False,Pendiente,PUMA  ECOM,,03/04/2025,03/04/2025,Depósito Terminado,patricia,108,PU5476BLBL4,z13-935476-01,Puma 5476-01 Sport Light Sneaker x2 Bl/Bl 4,Puma,60.0000,0.0000,60.0000,uni,6922.6000,415356.00000000,,
300041595,Preliminar,False,Pendiente,PUMA  ECOM,,03/04/2025,03/04/2025,Depósito Terminado,patricia,109,PU5476NENE4,z13-935476-02,Puma 5476-02 Sport Light Sneaker x2 Ne/Ne 4,Puma,60.0000,0.0000,60.0000,uni,6922.6000,415356.00000000,,
300041595,Preliminar,False,Pendiente,PUMA  ECOM,,03/04/2025,03/04/2025,Depósito Terminado,patricia,109,PU5476NENE4,z13-935476-02,Puma 5476-02 Sport Light Sneaker x2 Ne/Ne 4,Puma,60.0000,0.0000,60.0000,uni,6922.6000,415356.00000000,,
300041595,Preliminar,False,Pendiente,PUMA  ECOM,,03/04/2025,03/04/2025,Depósito Terminado,patricia,110,PU5476BLBL5,z14-935476-01,Puma 5476-01 Sport Light Sneaker x2 Bl/Bl 5,Puma,90.0000,0.0000,90.0000,uni,6922.6000,623034.00000000,,
300041595,Preliminar,False,Pendiente,PUMA  ECOM,,03/04/2025,03/04/2025,Depósito Terminado,patricia,110,PU5476BLBL5,z14-935476-01,Puma 5476-01 Sport Light Sneaker x2 Bl/Bl 5,Puma,90.0000,0.0000,90.0000,uni,6922.6000,623034.00000000,,
300041595,Preliminar,False,Pendiente,PUMA  ECOM,,03/04/2025,03/04/2025,Depósito Terminado,patricia,111,PU5476NENE5,z14-935476-02,Puma 5476-02 Sport Light Sneaker x2 Ne/Ne 5,Puma,90.0000,0.0000,90.0000,uni,6922.6000,623034.00000000,,
300041595,Preliminar,False,Pendiente,PUMA  ECOM,,03/04/2025,03/04/2025,Depósito Terminado,patricia,111,PU5476NENE5,z14-935476-02,Puma 5476-02 Sport Light Sneaker x2 Ne/Ne 5,Puma,90.0000,0.0000,90.0000,uni,6922.6000,623034.00000000,,
300042559,Confirmada,False,Pendiente,PUMA FUTBOL ARGENTINA,,01/07/2026,01/07/2026,Depósito Terminado,soledad,1,SEPB4053ROBL4,,Puma 4053 (Medias)Cai Home Socks 2026 Rojo/Blanco 4,Puma Bra,48.0000,0.0000,48.0000,par,0.0000,0E-8,,"<Notas>
  <Nota>
    <CUIT />
    <Cliente>PUMA FUTBOL ARGENTINA</Cliente>
    <Direccion />
    <Telefono />
    <Expreso />
    <DireccionExpreso />
    <Notas />
  </Nota>
</Notas>"
300042559,Confirmada,False,Pendiente,PUMA FUTBOL ARGENTINA,,01/07/2026,01/07/2026,Depósito Terminado,soledad,2,SEPB4053ROBL5,,Puma 4053 (Medias)Cai Home Socks 2026 Rojo/Blanco 5,Puma Bra,868.0000,0.0000,868.0000,par,0.0000,0E-8,,
300042559,Confirmada,False,Pendiente,PUMA FUTBOL ARGENTINA,,01/07/2026,01/07/2026,Depósito Terminado,soledad,3,SEPB4054ROBL5,,Puma 4054 (Panto)Cai Stirup Home 2026 Rojo/Blanco 5,Puma Bra,517.0000,0.0000,517.0000,par,0.0000,0E-8,,
300042559,Confirmada,False,Pendiente,PUMA FUTBOL ARGENTINA,,01/07/2026,01/07/2026,Depósito Terminado,soledad,4,SEPB4053MNBL5,,Puma 4053 (Medias)Cai Home Socks 2026 Marino/Blanco 5,Puma Bra,200.0000,0.0000,200.0000,par,0.0000,0E-8,,
300042559,Confirmada,False,Pendiente,PUMA FUTBOL ARGENTINA,,01/07/2026,01/07/2026,Depósito Terminado,soledad,5,SEPB4054MNBL5,,Puma 4054 (Panto)Cai Stirup Away I 2026 Marino/Blanco 5,Puma Bra,497.0000,0.0000,497.0000,par,0.0000,0E-8,,
300042559,Confirmada,False,Pendiente,PUMA FUTBOL ARGENTINA,,01/07/2026,01/07/2026,Depósito Terminado,soledad,6,SEPB4056VEBL5,,Puma 4056 (Medias)Cai Socks GK Home 2026 Verde/Blanco 5,Puma Bra,155.0000,0.0000,155.0000,par,0.0000,0E-8,,
300042559,Confirmada,False,Pendiente,PUMA FUTBOL ARGENTINA,,01/07/2026,01/07/2026,Depósito Terminado,soledad,7,SEPB4055VEBL5,,Puma 4055 (Panto)Cai Stirup Socks GK Home 2026 Verde/Blanco 5,Puma Bra,100.0000,0.0000,100.0000,par,0.0000,0E-8,,
300042559,Confirmada,False,Pendiente,PUMA FUTBOL ARGENTINA,,01/07/2026,01/07/2026,Depósito Terminado,soledad,8,SEPB4056FUNE5,,Puma 4056 (Medias)Cai Socks GK Away I 2026 Fucsia/Negro 5,Puma Bra,101.0000,0.0000,101.0000,par,0.0000,0E-8,,
300042559,Confirmada,False,Pendiente,PUMA FUTBOL ARGENTINA,,01/07/2026,01/07/2026,Depósito Terminado,soledad,9,SEPB4055FUNE5,,Puma 4055 (Panto)Cai Stirup Socks GK Away 2026 Fucsia/Negro 5,Puma Bra,101.0000,0.0000,101.0000,par,0.0000,0E-8,,
300042559,Confirmada,False,Pendiente,PUMA FUTBOL ARGENTINA,,01/07/2026,01/07/2026,Depósito Terminado,soledad,10,SEPB4056GRNE5,,Puma 4056 (Medias)Cai GK Third ADP 2026 (78098)Gris/Negro 5,Puma Bra,50.0000,0.0000,50.0000,par,0.0000,0E-8,,
300042559,Confirmada,False,Pendiente,PUMA FUTBOL ARGENTINA,,01/07/2026,01/07/2026,Depósito Terminado,soledad,11,SEPB4055GRNE5,,Puma Bra 4055 (Panto)Cai Stirup GK Third ADP 2026 (78098)Gris/Negro 5,Puma Bra,50.0000,0.0000,50.0000,par,0.0000,0E-8,,
300042319,Confirmada,False,Parcial,PUMA-ECOM,,02/03/2026,02/03/2026,Depósito Terminado,soledad,9,PU8380NENE4,e4-938380-01,Puma 8380-01 Women Sock 2P Ne/Ne 4,Puma,36.0000,0.0000,36.0000,uni,5897.0000,212292.00000000,,
300042319,Confirmada,False,Parcial,PUMA-ECOM,,02/03/2026,02/03/2026,Depósito Terminado,soledad,10,PU8380GMGM4,e4-938380-03,Puma 8380-03 Women Sock 2P Gm/Gm 4,Puma,24.0000,0.0000,24.0000,uni,5897.0000,141528.00000000,,
300042319,Confirmada,False,Parcial,PUMA-ECOM,,02/03/2026,02/03/2026,Depósito Terminado,soledad,27,PU8624CRBEMA5,p8-938624-27,Puma 8624-27 Unisex Sneaker Plain 3P Cr/Be/Ma 5,Puma,36.0000,0.0000,36.0000,uni,5897.0000,212292.00000000,,
300042319,Confirmada,False,Parcial,PUMA-ECOM,,02/03/2026,02/03/2026,Depósito Terminado,soledad,28,PU8624VECENE5,p7-938624-30,Puma 8624-30 Unisex Sneaker Plain 3P Ve/Ce/Ne 5,Puma,36.0000,0.0000,36.0000,uni,5897.0000,212292.00000000,,
300042319,Confirmada,False,Parcial,PUMA-ECOM,,02/03/2026,02/03/2026,Depósito Terminado,soledad,45,PU8624BLBLBL4,,Puma 8624-28 Unisex Sneaker Plain 3P Bl/Bl/Bl 4,Puma,24.0000,0.0000,24.0000,uni,0.0000,0E-8,,
300042319,Confirmada,False,Parcial,PUMA-ECOM,,02/03/2026,02/03/2026,Depósito Terminado,soledad,46,PU8624BLBLBL5,,Puma 8624-28 Unisex Sneaker Plain 3P Bl/Bl/Bl 5,Puma,24.0000,0.0000,24.0000,uni,0.0000,0E-8,,
300042319,Confirmada,False,Parcial,PUMA-ECOM,,02/03/2026,02/03/2026,Depósito Terminado,soledad,49,PU7471RSBL4,,Puma 7571-04 Rib Mesh Sneaker 2P Rs/Bl 4,Puma,48.0000,0.0000,48.0000,uni,0.0000,0E-8,,
300042319,Confirmada,False,Parcial,PUMA-ECOM,,02/03/2026,02/03/2026,Depósito Terminado,soledad,50,PU7471BECR4,,Puma 7571-01 Rib Mesh Sneaker 2P Be/Cr 4,Puma,48.0000,0.0000,48.0000,uni,0.0000,0E-8,,
300042537,Confirmada,False,Parcial,RA OUTLET,,22/06/2026,23/06/2026,Depósito Terminado,patricia,12,PU6800NENE5,k69-906800/01,Puma 6800-01 Cushioned Sneaker Px2 Ne/Ne 5,Puma,60.0000,0.0000,60.0000,uni,4871.3000,292278.00000000,,
300042537,Confirmada,False,Parcial,RA OUTLET,,22/06/2026,23/06/2026,Depósito Terminado,patricia,24,PU8372NENENE5,r11-938372-02,Puma 8372-02 New Generation Crew 3P Ne/Ne/Ne 5,Puma,48.0000,0.0000,48.0000,uni,8717.5000,418440.00000000,,
300042558,Confirmada,False,Parcial,TEMOINKO,,29/06/2026,29/06/2026,Depósito Terminado,pu-felipe,2,PU7575BLBL3,c3-947575-01,Puma 7575-01 Kids Square Logo Quarter 2P Bl/Bl 3,Puma,12.0000,0.0000,12.0000,uni,4102.1000,49225.20000000,E-1,
300042558,Confirmada,False,Parcial,TEMOINKO,,29/06/2026,29/06/2026,Depósito Terminado,pu-felipe,3,PU7576BLBL3,c4-947576-01,Puma 7576-01 Kids Logo Block Quarter 2P Bl/Bl 3,Puma,12.0000,0.0000,12.0000,uni,4102.1000,49225.20000000,E-1,
300042558,Confirmada,False,Parcial,TEMOINKO,,29/06/2026,29/06/2026,Depósito Terminado,pu-felipe,10,PU7950BLBL5,e7-907950-02,Puma 7950-02 Unisex BWT Cushioned Bl/Bl 5,Puma,12.0000,0.0000,12.0000,uni,5897.0000,70764.00000000,E-1,
300042558,Confirmada,False,Parcial,TEMOINKO,,29/06/2026,29/06/2026,Depósito Terminado,pu-felipe,12,PU8020GMGM4,j7-938020-03,Puma 8020-03 Women Heart Short Sock Gm/Gm 4,Puma,12.0000,6.0000,6.0000,uni,6153.4000,36920.40000000,E-1,
300042558,Confirmada,False,Parcial,TEMOINKO,,29/06/2026,29/06/2026,Depósito Terminado,pu-felipe,18,PU8372AOAEMN5,r12-938372-04,Puma 8372-04 New Generation Crew 3P Ao/Ae/Mn 5,Puma,12.0000,0.0000,12.0000,uni,8717.5000,104610.00000000,E-1,
300042558,Confirmada,False,Parcial,TEMOINKO,,29/06/2026,29/06/2026,Depósito Terminado,pu-felipe,21,PU8393NENENE5,r4-938393-02,Puma 8393-02 Unisex New Quarter 3P Ne/Ne/Ne 5,Puma,12.0000,0.0000,12.0000,uni,7435.4000,89224.80000000,E-1,
300042425,Confirmada,False,Parcial,TEMPLO-ABRIL,,21/04/2026,21/04/2026,Depósito Terminado,soledad,1,SETP251NEBL5,,Templo Antideslizante Negro/Blanco 5,Templo,3252.0000,2441.0000,811.0000,par,0.0000,0E-8,,"<Notas>
  <Nota>
    <CUIT />
    <Cliente>TEMPLO-ABRIL</Cliente>
    <Direccion />
    <Telefono />
    <Expreso />
    <DireccionExpreso />
    <Notas />
  </Nota>
</Notas>"
300042425,Confirmada,False,Parcial,TEMPLO-ABRIL,,21/04/2026,21/04/2026,Depósito Terminado,soledad,2,SETP251BLNE5,,Templo  Antideslizante Blanco/Negro 5,Templo,2389.0000,1268.0000,1121.0000,par,0.0000,0E-8,,
300042425,Confirmada,False,Parcial,TEMPLO-ABRIL,,21/04/2026,21/04/2026,Depósito Terminado,soledad,3,SETP251NEBL3,,Templo 251 Antideslizante Negro/Blanco 3,Templo,2694.0000,2307.0000,387.0000,par,0.0000,0E-8,,
300042425,Confirmada,False,Parcial,TEMPLO-ABRIL,,21/04/2026,21/04/2026,Depósito Terminado,soledad,4,SETP251BLNE3,,Templo 251 Antideslizante Blanco/Negro 3,Templo,1811.0000,989.0000,822.0000,par,0.0000,0E-8,,
300042571,Confirmada,False,Parcial,VIMIANZO,,08/07/2026,08/07/2026,Depósito Terminado,patricia,2,PU7944BLBL5,e3-907944-02,Puma 7944-02 Crew Heritage 2P Bl/Bl 5,Puma,72.0000,0.0000,72.0000,uni,6666.2000,479966.40000000,,
300042571,Confirmada,False,Parcial,VIMIANZO,,08/07/2026,08/07/2026,Depósito Terminado,patricia,3,PU7953NEM45,e5-907953-01,Puma 7953-01 BWT LIFESTYLE Q Ne/M4 5,Puma,72.0000,0.0000,72.0000,uni,4717.5000,339660.00000000,,
300042557,Confirmada,False,Pendiente,VON MHULINEN SANTIAGO,20-05882074-2,29/06/2026,29/06/2026,Depósito Terminado,pu-nea,1,PU7944NENE5,e3-907944-01,Puma 7944-01 Crew Heritage 2P Ne/Ne 5,Puma,12.0000,0.0000,12.0000,uni,6666.2000,79994.40000000,30 dias 8% emb 1 ,"<Notas>
  <Nota>
    <CUIT>20-05882074-2</CUIT>
    <Cliente>VON MHULINEN SANTIAGO</Cliente>
    <Direccion>RAFAELA- SANTA FE</Direccion>
    <Telefono />
    <Expreso>SANTA ROSA</Expreso>
    <DireccionExpreso />
    <Notas>30 dias 8% emb 1 </Notas>
  </Nota>
</Notas>"
300042557,Confirmada,False,Pendiente,VON MHULINEN SANTIAGO,20-05882074-2,29/06/2026,29/06/2026,Depósito Terminado,pu-nea,2,PU7944MNMN5,e3-907944-03,Puma 7944-03 Crew Heritage 2P Mn/Mn 5,Puma,6.0000,0.0000,6.0000,uni,6666.2000,39997.20000000,30 dias 8% emb 1 ,
300042557,Confirmada,False,Pendiente,VON MHULINEN SANTIAGO,20-05882074-2,29/06/2026,29/06/2026,Depósito Terminado,pu-nea,3,PU8380NENE4,e4-938380-01,Puma 8380-01 Women Sock 2P Ne/Ne 4,Puma,12.0000,0.0000,12.0000,uni,5897.0000,70764.00000000,30 dias 8% emb 1 ,
300042557,Confirmada,False,Pendiente,VON MHULINEN SANTIAGO,20-05882074-2,29/06/2026,29/06/2026,Depósito Terminado,pu-nea,4,PU8380BLBL4,e4-938380-02,Puma 8380-02 Women Sock 2P Bl/Bl 4,Puma,24.0000,0.0000,24.0000,uni,5897.0000,141528.00000000,30 dias 8% emb 1 ,
300042557,Confirmada,False,Pendiente,VON MHULINEN SANTIAGO,20-05882074-2,29/06/2026,29/06/2026,Depósito Terminado,pu-nea,5,PU8380GMGM4,e4-938380-03,Puma 8380-03 Women Sock 2P Gm/Gm 4,Puma,12.0000,0.0000,12.0000,uni,5897.0000,70764.00000000,30 dias 8% emb 1 ,
300042557,Confirmada,False,Pendiente,VON MHULINEN SANTIAGO,20-05882074-2,29/06/2026,29/06/2026,Depósito Terminado,pu-nea,6,PU7953NEM45,e5-907953-01,Puma 7953-01 BWT LIFESTYLE Q Ne/M4 5,Puma,12.0000,0.0000,12.0000,uni,4717.5000,56610.00000000,30 dias 8% emb 1 ,
300042557,Confirmada,False,Pendiente,VON MHULINEN SANTIAGO,20-05882074-2,29/06/2026,29/06/2026,Depósito Terminado,pu-nea,7,PU7953MNAZ5,e5-907953-03,Puma 7953-03 BWT LIFESTYLE Q Mn/Az 5,Puma,12.0000,0.0000,12.0000,uni,4717.5000,56610.00000000,30 dias 8% emb 1 ,
300042557,Confirmada,False,Pendiente,VON MHULINEN SANTIAGO,20-05882074-2,29/06/2026,29/06/2026,Depósito Terminado,pu-nea,8,PU7953RSM44,e5-907953-04,Puma 7953-04 BWT LIFESTYLE Q Rs/M4 4,Puma,12.0000,0.0000,12.0000,uni,4717.5000,56610.00000000,30 dias 8% emb 1 ,
300042557,Confirmada,False,Pendiente,VON MHULINEN SANTIAGO,20-05882074-2,29/06/2026,29/06/2026,Depósito Terminado,pu-nea,9,PU1025BLBLFU4,p11-1025-880966/05,Puma 0966-05 Inv. Sneaker 3P Bl/Bl/Fu 4,Puma,12.0000,0.0000,12.0000,uni,6153.4000,73840.80000000,30 dias 8% emb 1 ,
300042557,Confirmada,False,Pendiente,VON MHULINEN SANTIAGO,20-05882074-2,29/06/2026,29/06/2026,Depósito Terminado,pu-nea,10,PU1025BLM4NE4,p12-1025-880966/07,Puma 0966-07 Inv. Sneaker 3P Bl/M4/Ne 4,Puma,12.0000,0.0000,12.0000,uni,6153.4000,73840.80000000,30 dias 8% emb 1 ,
300042557,Confirmada,False,Pendiente,VON MHULINEN SANTIAGO,20-05882074-2,29/06/2026,29/06/2026,Depósito Terminado,pu-nea,11,PU595BLBLBL5,q1-7312-892574/01,PUMA 6110-01 Sport 3P Bl/Bl/Bl 5,Puma,12.0000,0.0000,12.0000,uni,7179.0000,86148.00000000,30 dias 8% emb 1 ,
300042557,Confirmada,False,Pendiente,VON MHULINEN SANTIAGO,20-05882074-2,29/06/2026,29/06/2026,Depósito Terminado,pu-nea,12,PU595GMM4NE5,q2-7312-892574/02,PUMA 2574-02 Sport 3P Gm/M4/Ne 5,Puma,12.0000,0.0000,12.0000,uni,7179.0000,86148.00000000,30 dias 8% emb 1 ,
300042557,Confirmada,False,Pendiente,VON MHULINEN SANTIAGO,20-05882074-2,29/06/2026,29/06/2026,Depósito Terminado,pu-nea,13,PU595NENENE5,q3-7312-892574/03,PUMA 2574-03 Sport 3P Ne/Ne/Ne 5,Puma,12.0000,0.0000,12.0000,uni,7179.0000,86148.00000000,30 dias 8% emb 1 ,
300042557,Confirmada,False,Pendiente,VON MHULINEN SANTIAGO,20-05882074-2,29/06/2026,29/06/2026,Depósito Terminado,pu-nea,14,PU8372NENENE4,r11-938372-02,Puma 8372-02 New Generation Crew 3P Ne/Ne/Ne 4,Puma,12.0000,0.0000,12.0000,uni,8717.5000,104610.00000000,30 dias 8% emb 1 ,
300042557,Confirmada,False,Pendiente,VON MHULINEN SANTIAGO,20-05882074-2,29/06/2026,29/06/2026,Depósito Terminado,pu-nea,15,PU8372AOAEMN5,r12-938372-04,Puma 8372-04 New Generation Crew 3P Ao/Ae/Mn 5,Puma,12.0000,0.0000,12.0000,uni,8717.5000,104610.00000000,30 dias 8% emb 1 ,
