tipo;codigo_movimiento;nro_comprobante;fecha_comprobante;nro_asiento;id_ejercicio;fecha_asiento;concepto;desc_concepto;cod_pc;cuenta;naturaleza;debe;haber;saldo_asiento;anulado
FA;11017;0005-00035059;11/07/2025;33763.0;1.0;11/07/2025;3.0;Compra;110401;IVA Crédito Fiscal;Deudor;61854.5500;0.0000;-1582207037.35;No
FA;11017;0005-00035059;11/07/2025;33763.0;1.0;11/07/2025;3.0;Compra;210101;Proveedores;Acreedor;0.0000;356400.0100;1384356606.04;No
FA;11017;0005-00035059;11/07/2025;33763.0;1.0;11/07/2025;3.0;Compra;410240;Supermercado;Deudor;294545.4600;0.0000;4652213.43;No
FA;15896;1200-00066692;31/07/2025;33765.0;1.0;31/07/2025;3.0;Compra;110401;IVA Crédito Fiscal;Deudor;166839.1000;0.0000;-1582040198.25;No
FA;15896;1200-00066692;31/07/2025;33765.0;1.0;31/07/2025;3.0;Compra;110402;I.B. - Percepcion Bs As;Deudor;15889.4400;0.0000;-62548083.90;No
FA;15896;1200-00066692;31/07/2025;33765.0;1.0;31/07/2025;3.0;Compra;110501;Mercaderias de Reventas;Deudor;794471.9000;0.0000;2288178260.52;No
FA;15896;1200-00066692;31/07/2025;33765.0;1.0;31/07/2025;3.0;Compra;210101;Proveedores;Acreedor;0.0000;1034799.6500;1385391405.69;No
FA;15896;1200-00066692;31/07/2025;33765.0;1.0;31/07/2025;3.0;Compra;110420;I.B.Percepciones (CABA);Deudor;47668.3100;0.0000;-90692153.38;No
FA;15896;1200-00066692;31/07/2025;33765.0;1.0;31/07/2025;3.0;Compra;110432;I.B.Percepciones (Sta Fe);Deudor;9930.9000;0.0000;-5748725.24;No
FA;16070;0001-00000940;31/07/2025;33766.0;1.0;31/07/2025;3.0;Compra;110401;IVA Crédito Fiscal;Deudor;880752.8100;0.0000;-1581159445.44;No
FA;16070;0001-00000940;31/07/2025;33766.0;1.0;31/07/2025;3.0;Compra;110501;Mercaderias de Reventas;Deudor;4360194.6800;0.0000;2292538455.20;No
FA;16070;0001-00000940;31/07/2025;33766.0;1.0;31/07/2025;3.0;Compra;210101;Proveedores;Acreedor;0.0000;5074813.8100;1390466219.50;No
FA;16070;0001-00000940;31/07/2025;33766.0;1.0;31/07/2025;3.0;Compra;420201;Descuentos Obtenidos;Acreedor;0.0000;166133.6800;2209441674.28;No
FA;17387;0007-00085846;31/07/2025;33767.0;1.0;31/07/2025;3.0;Compra;110401;IVA Crédito Fiscal;Deudor;1743.6600;0.0000;-1581157701.78;No
FA;17387;0007-00085846;31/07/2025;33767.0;1.0;31/07/2025;3.0;Compra;110501;Mercaderias de Reventas;Deudor;8303.1200;0.0000;2292546758.32;No
FA;17387;0007-00085846;31/07/2025;33767.0;1.0;31/07/2025;3.0;Compra;210101;Proveedores;Acreedor;0.0000;10046.7800;1390476266.28;No
FA;17388;0006-00085971;31/07/2025;33768.0;1.0;31/07/2025;3.0;Compra;110401;IVA Crédito Fiscal;Deudor;871827.6300;0.0000;-1580285874.15;No
FA;17388;0006-00085971;31/07/2025;33768.0;1.0;31/07/2025;3.0;Compra;110402;I.B. - Percepcion Bs As;Deudor;12454.6800;0.0000;-62535629.22;No
FA;17388;0006-00085971;31/07/2025;33768.0;1.0;31/07/2025;3.0;Compra;110501;Mercaderias de Reventas;Deudor;4151560.1200;0.0000;2296698318.44;No
FA;17388;0006-00085971;31/07/2025;33768.0;1.0;31/07/2025;3.0;Compra;210101;Proveedores;Acreedor;0.0000;5036257.5900;1395512523.87;No
FA;17388;0006-00085971;31/07/2025;33768.0;1.0;31/07/2025;3.0;Compra;410323;Comisiones Extras;Deudor;415.1600;0.0000;182536212.10;No
FA;17389;0007-00085845;31/07/2025;33769.0;1.0;31/07/2025;3.0;Compra;110401;IVA Crédito Fiscal;Deudor;138567.0500;0.0000;-1580147307.10;No
FA;17389;0007-00085845;31/07/2025;33769.0;1.0;31/07/2025;3.0;Compra;110501;Mercaderias de Reventas;Deudor;659843.1000;0.0000;2297358161.54;No
FA;17389;0007-00085845;31/07/2025;33769.0;1.0;31/07/2025;3.0;Compra;210101;Proveedores;Acreedor;0.0000;798410.1500;1396310934.02;No
FA;17390;0006-00085970;31/07/2025;33770.0;1.0;31/07/2025;3.0;Compra;110401;IVA Crédito Fiscal;Deudor;69283525.4500;0.0000;-1510863781.65;No
FA;17390;0006-00085970;31/07/2025;33770.0;1.0;31/07/2025;3.0;Compra;110501;Mercaderias de Reventas;Deudor;329921549.7500;0.0000;2627279711.29;No
FA;17390;0006-00085970;31/07/2025;33770.0;1.0;31/07/2025;3.0;Compra;210101;Proveedores;Acreedor;0.0000;399238067.3700;1795549001.39;No
FA;17390;0006-00085970;31/07/2025;33770.0;1.0;31/07/2025;3.0;Compra;410323;Comisiones Extras;Deudor;32992.1700;0.0000;182569204.27;No
FA;17392;0001-00000020;31/07/2025;33771.0;1.0;31/07/2025;3.0;Compra;110401;IVA Crédito Fiscal;Deudor;157584000.0000;0.0000;-1353279781.65;No
FA;17392;0001-00000020;31/07/2025;33771.0;1.0;31/07/2025;3.0;Compra;110501;Mercaderias de Reventas;Deudor;750400000.0000;0.0000;3377679711.29;No
FA;17392;0001-00000020;31/07/2025;33771.0;1.0;31/07/2025;3.0;Compra;210101;Proveedores;Acreedor;0.0000;907984000.0000;2703533001.39;No
FA;17400;0002-00048369;11/08/2025;33772.0;1.0;11/08/2025;3.0;Compra;110401;IVA Crédito Fiscal;Deudor;55452.0600;0.0000;-1353224329.59;No
FA;17400;0002-00048369;11/08/2025;33772.0;1.0;11/08/2025;3.0;Compra;210101;Proveedores;Acreedor;0.0000;319509.5100;2703852510.90;No
FA;17400;0002-00048369;11/08/2025;33772.0;1.0;11/08/2025;3.0;Compra;410247;Seguridad;Deudor;264057.4500;0.0000;13884531.16;No
FA;17403;0002-00048544;11/08/2025;33774.0;1.0;11/08/2025;3.0;Compra;110401;IVA Crédito Fiscal;Deudor;9738.0600;0.0000;-1353214591.53;No
FA;17403;0002-00048544;11/08/2025;33774.0;1.0;11/08/2025;3.0;Compra;210101;Proveedores;Acreedor;0.0000;56109.7900;2703589111.18;No
FA;17403;0002-00048544;11/08/2025;33774.0;1.0;11/08/2025;3.0;Compra;410247;Seguridad;Deudor;46371.7300;0.0000;13930902.89;No
FA;17659;0001-00002429;12/08/2025;33776.0;1.0;12/08/2025;3.0;Compra;110401;IVA Crédito Fiscal;Deudor;347090.0800;0.0000;-1352867501.45;No
FA;17659;0001-00002429;12/08/2025;33776.0;1.0;12/08/2025;3.0;Compra;210101;Proveedores;Acreedor;0.0000;1999900.0000;2705532901.39;No
FA;17659;0001-00002429;12/08/2025;33776.0;1.0;12/08/2025;3.0;Compra;410273;Abogado;Deudor;1652809.9200;0.0000;4529778.68;No
FA;17660;0001-00002417;12/08/2025;33777.0;1.0;12/08/2025;3.0;Compra;110401;IVA Crédito Fiscal;Deudor;114059.5000;0.0000;-1352753441.95;No
FA;17660;0001-00002417;12/08/2025;33777.0;1.0;12/08/2025;3.0;Compra;210101;Proveedores;Acreedor;0.0000;657200.0000;2706190101.39;No
FA;17660;0001-00002417;12/08/2025;33777.0;1.0;12/08/2025;3.0;Compra;410273;Abogado;Deudor;543140.5000;0.0000;5072919.18;No
FA;17661;0001-00002425;12/08/2025;33778.0;1.0;12/08/2025;3.0;Compra;110401;IVA Crédito Fiscal;Deudor;341880.0000;0.0000;-1352411561.95;No
FA;17661;0001-00002425;12/08/2025;33778.0;1.0;12/08/2025;3.0;Compra;210101;Proveedores;Acreedor;0.0000;1969880.0000;2708159981.39;No
FA;17661;0001-00002425;12/08/2025;33778.0;1.0;12/08/2025;3.0;Compra;410273;Abogado;Deudor;1628000.0000;0.0000;6700919.18;No
FA;17690;1200-00066744;31/07/2025;33780.0;1.0;31/07/2025;3.0;Compra;110401;IVA Crédito Fiscal;Deudor;39825.3700;0.0000;-1352371736.58;No
FA;17690;1200-00066744;31/07/2025;33780.0;1.0;31/07/2025;3.0;Compra;110402;I.B. - Percepcion Bs As;Deudor;3792.8900;0.0000;-62531836.33;No
FA;17690;1200-00066744;31/07/2025;33780.0;1.0;31/07/2025;3.0;Compra;110501;Mercaderias de Reventas;Deudor;189644.6400;0.0000;3377869355.93;No
FA;17690;1200-00066744;31/07/2025;33780.0;1.0;31/07/2025;3.0;Compra;210101;Proveedores;Acreedor;0.0000;247012.1400;2703763307.55;No
FA;17690;1200-00066744;31/07/2025;33780.0;1.0;31/07/2025;3.0;Compra;110420;I.B.Percepciones (CABA);Deudor;11378.6800;0.0000;-90680774.70;No
FA;17690;1200-00066744;31/07/2025;33780.0;1.0;31/07/2025;3.0;Compra;110432;I.B.Percepciones (Sta Fe);Deudor;2370.5600;0.0000;-5746354.68;No
FA;17716;1200-00066743;31/07/2025;33781.0;1.0;31/07/2025;3.0;Compra;110401;IVA Crédito Fiscal;Deudor;3850954.8300;0.0000;-1348520781.75;No
FA;17716;1200-00066743;31/07/2025;33781.0;1.0;31/07/2025;3.0;Compra;110402;I.B. - Percepcion Bs As;Deudor;366757.6000;0.0000;-62165078.73;No
FA;17716;1200-00066743;31/07/2025;33781.0;1.0;31/07/2025;3.0;Compra;110501;Mercaderias de Reventas;Deudor;18337880.1200;0.0000;3396207236.05;No
FA;17716;1200-00066743;31/07/2025;33781.0;1.0;31/07/2025;3.0;Compra;210101;Proveedores;Acreedor;0.0000;23885088.8600;2727648396.41;No
FA;17716;1200-00066743;31/07/2025;33781.0;1.0;31/07/2025;3.0;Compra;110420;I.B.Percepciones (CABA);Deudor;1100272.8100;0.0000;-89580501.89;No
FA;17716;1200-00066743;31/07/2025;33781.0;1.0;31/07/2025;3.0;Compra;110432;I.B.Percepciones (Sta Fe);Deudor;229223.5000;0.0000;-5517131.18;No
FA;20971;0002-00000200;25/08/2025;33782.0;1.0;25/08/2025;3.0;Compra;110401;IVA Crédito Fiscal;Deudor;5012805.0000;0.0000;-1343507976.75;No
FA;20971;0002-00000200;25/08/2025;33782.0;1.0;25/08/2025;3.0;Compra;210101;Proveedores;Acreedor;0.0000;28883305.0000;2756531701.41;No
FA;20971;0002-00000200;25/08/2025;33782.0;1.0;25/08/2025;3.0;Compra;410210;Mantenimiento Bs de Uso;Deudor;23870500.0000;0.0000;233148286.28;No
FA;20974;0005-00000042;25/08/2025;33784.0;1.0;25/08/2025;3.0;Compra;110401;IVA Crédito Fiscal;Deudor;194460.0000;0.0000;-1343313516.75;No
FA;20974;0005-00000042;25/08/2025;33784.0;1.0;25/08/2025;3.0;Compra;210101;Proveedores;Acreedor;0.0000;1120460.0000;2728768856.41;No
FA;20974;0005-00000042;25/08/2025;33784.0;1.0;25/08/2025;3.0;Compra;410210;Mantenimiento Bs de Uso;Deudor;926000.0000;0.0000;234074286.28;No
FA;21570;0002-00107732;01/08/2025;33788.0;1.0;01/08/2025;3.0;Compra;110401;IVA Crédito Fiscal;Deudor;38330.8000;0.0000;-1343275185.95;No
FA;21570;0002-00107732;01/08/2025;33788.0;1.0;01/08/2025;3.0;Compra;210101;Proveedores;Acreedor;0.0000;220858.4400;2721080907.88;No
FA;21570;0002-00107732;01/08/2025;33788.0;1.0;01/08/2025;3.0;Compra;410270;Abonos;Deudor;182527.6400;0.0000;63315351.00;No
FA;21650;0002-00000687;27/08/2025;33792.0;1.0;27/08/2025;3.0;Compra;110401;IVA Crédito Fiscal;Deudor;378730.1700;0.0000;-1342896455.78;No
FA;21650;0002-00000687;27/08/2025;33792.0;1.0;27/08/2025;3.0;Compra;210101;Proveedores;Acreedor;0.0000;2182207.1700;2723042256.61;No
FA;21650;0002-00000687;27/08/2025;33792.0;1.0;27/08/2025;3.0;Compra;410270;Abonos;Deudor;1803477.0000;0.0000;65118828.00;No
FA;21657;0003-00001311;27/08/2025;33794.0;1.0;27/08/2025;3.0;Compra;110401;IVA Crédito Fiscal;Deudor;49518.0000;0.0000;-1342846937.78;No
FA;21657;0003-00001311;27/08/2025;33794.0;1.0;27/08/2025;3.0;Compra;210101;Proveedores;Acreedor;0.0000;285318.0000;2721145367.44;No
FA;21657;0003-00001311;27/08/2025;33794.0;1.0;27/08/2025;3.0;Compra;410273;Abogado;Deudor;235800.0000;0.0000;6936719.18;No
FA;21703;0003-00003214;27/08/2025;33804.0;1.0;27/08/2025;3.0;Compra;110401;IVA Crédito Fiscal;Deudor;1337962.5000;0.0000;-1341508975.28;No
FA;21703;0003-00003214;27/08/2025;33804.0;1.0;27/08/2025;3.0;Compra;210101;Proveedores;Acreedor;0.0000;7709212.5000;2728569261.94;No
FA;21703;0003-00003214;27/08/2025;33804.0;1.0;27/08/2025;3.0;Compra;410270;Abonos;Deudor;6371250.0000;0.0000;71490078.00;No
FA;21708;0003-00003304;27/08/2025;33805.0;1.0;27/08/2025;3.0;Compra;110401;IVA Crédito Fiscal;Deudor;791280.0000;0.0000;-1340717695.28;No
FA;21708;0003-00003304;27/08/2025;33805.0;1.0;27/08/2025;3.0;Compra;210101;Proveedores;Acreedor;0.0000;4559280.0000;2733128541.94;No
FA;21708;0003-00003304;27/08/2025;33805.0;1.0;27/08/2025;3.0;Compra;410270;Abonos;Deudor;3768000.0000;0.0000;75258078.00;No
FA;22018;0048-00012788;28/08/2025;33810.0;1.0;28/08/2025;3.0;Compra;110401;IVA Crédito Fiscal;Deudor;14587.4200;0.0000;-1340703107.86;No
FA;22018;0048-00012788;28/08/2025;33810.0;1.0;28/08/2025;3.0;Compra;210101;Proveedores;Acreedor;0.0000;88219.1500;2694451380.44;No
FA;22018;0048-00012788;28/08/2025;33810.0;1.0;28/08/2025;3.0;Compra;410211;Art.de Libreria;Deudor;69463.8900;0.0000;1605539.68;No
FA;22018;0048-00012788;28/08/2025;33810.0;1.0;28/08/2025;3.0;Compra;110420;I.B.Percepciones (CABA);Deudor;4167.8400;0.0000;-89576334.05;No
FA;24481;0004-00000001;25/08/2025;33814.0;1.0;25/08/2025;3.0;Compra;110401;IVA Crédito Fiscal;Deudor;280289.2600;0.0000;-1340422818.60;No
FA;24481;0004-00000001;25/08/2025;33814.0;1.0;25/08/2025;3.0;Compra;210101;Proveedores;Acreedor;0.0000;1615000.0000;2695978161.29;No
FA;24481;0004-00000001;25/08/2025;33814.0;1.0;25/08/2025;3.0;Compra;410245;Honorarios por Asesoramiento;Deudor;1334710.7400;0.0000;40103805.35;No
FA;24485;0001-00013304;04/09/2025;33817.0;1.0;04/09/2025;3.0;Compra;110401;IVA Crédito Fiscal;Deudor;15063.5100;0.0000;-1340407755.09;No
FA;24485;0001-00013304;04/09/2025;33817.0;1.0;04/09/2025;3.0;Compra;210101;Proveedores;Acreedor;0.0000;86794.5100;2694329018.21;No
FA;24485;0001-00013304;04/09/2025;33817.0;1.0;04/09/2025;3.0;Compra;410211;Art.de Libreria;Deudor;71731.0000;0.0000;1677270.68;No
FA;24581;0070-00377907;14/08/2025;33820.0;1.0;14/08/2025;3.0;Compra;110401;IVA Crédito Fiscal;Deudor;46802389.7200;0.0000;-1293605365.37;No
FA;24581;0070-00377907;14/08/2025;33820.0;1.0;14/08/2025;3.0;Compra;110402;I.B. - Percepcion Bs As;Deudor;5571713.0700;0.0000;-56593365.66;No
FA;24581;0070-00377907;14/08/2025;33820.0;1.0;14/08/2025;3.0;Compra;110501;Mercaderias de Reventas;Deudor;222868522.4600;0.0000;3619075758.51;No
FA;24581;0070-00377907;14/08/2025;33820.0;1.0;14/08/2025;3.0;Compra;210101;Proveedores;Acreedor;0.0000;295300792.3100;2733275092.88;No
FA;24581;0070-00377907;14/08/2025;33820.0;1.0;14/08/2025;3.0;Compra;110406;IVA Percepciones;Deudor;6686055.6900;0.0000;2988984.32;No
FA;24581;0070-00377907;14/08/2025;33820.0;1.0;14/08/2025;3.0;Compra;110420;I.B.Percepciones (CABA);Deudor;13372111.3700;0.0000;-76204222.68;No
FA;25993;0070-00380806;29/08/2025;33821.0;1.0;29/08/2025;3.0;Compra;110401;IVA Crédito Fiscal;Deudor;718988.3600;0.0000;-1292886377.01;No
FA;25993;0070-00380806;29/08/2025;33821.0;1.0;29/08/2025;3.0;Compra;110402;I.B. - Percepcion Bs As;Deudor;85593.8400;0.0000;-56507771.82;No
FA;25993;0070-00380806;29/08/2025;33821.0;1.0;29/08/2025;3.0;Compra;110501;Mercaderias de Reventas;Deudor;3423754.1000;0.0000;3622499512.61;No
FA;25993;0070-00380806;29/08/2025;33821.0;1.0;29/08/2025;3.0;Compra;210101;Proveedores;Acreedor;0.0000;4536474.1800;2737811567.06;No
FA;25993;0070-00380806;29/08/2025;33821.0;1.0;29/08/2025;3.0;Compra;110406;IVA Percepciones;Deudor;102712.6100;0.0000;3091696.93;No
FA;25993;0070-00380806;29/08/2025;33821.0;1.0;29/08/2025;3.0;Compra;110420;I.B.Percepciones (CABA);Deudor;205425.2700;0.0000;-75998797.41;No
FA;25998;0070-00380807;29/08/2025;33822.0;1.0;29/08/2025;3.0;Compra;110401;IVA Crédito Fiscal;Deudor;1184633.9700;0.0000;-1291701743.04;No
FA;25998;0070-00380807;29/08/2025;33822.0;1.0;29/08/2025;3.0;Compra;110402;I.B. - Percepcion Bs As;Deudor;141027.8200;0.0000;-56366744.00;No
FA;25998;0070-00380807;29/08/2025;33822.0;1.0;29/08/2025;3.0;Compra;110501;Mercaderias de Reventas;Deudor;5641114.4700;0.0000;3628140627.08;No
FA;25998;0070-00380807;29/08/2025;33822.0;1.0;29/08/2025;3.0;Compra;210101;Proveedores;Acreedor;0.0000;7474476.1200;2745286043.18;No
FA;25998;0070-00380807;29/08/2025;33822.0;1.0;29/08/2025;3.0;Compra;420201;Descuentos Obtenidos;Acreedor;0.0000;0.3400;2209441674.62;No
FA;25998;0070-00380807;29/08/2025;33822.0;1.0;29/08/2025;3.0;Compra;110406;IVA Percepciones;Deudor;169233.4100;0.0000;3260930.34;No
FA;25998;0070-00380807;29/08/2025;33822.0;1.0;29/08/2025;3.0;Compra;110420;I.B.Percepciones (CABA);Deudor;338466.7900;0.0000;-75660330.62;No
FA;26001;0070-00380808;29/08/2025;33823.0;1.0;29/08/2025;3.0;Compra;110401;IVA Crédito Fiscal;Deudor;1964559.7600;0.0000;-1289737183.28;No
FA;26001;0070-00380808;29/08/2025;33823.0;1.0;29/08/2025;3.0;Compra;110402;I.B. - Percepcion Bs As;Deudor;233876.3600;0.0000;-56132867.64;No
FA;26001;0070-00380808;29/08/2025;33823.0;1.0;29/08/2025;3.0;Compra;110501;Mercaderias de Reventas;Deudor;9463871.0600;0.0000;3637604498.14;No
FA;26001;0070-00380808;29/08/2025;33823.0;1.0;29/08/2025;3.0;Compra;210101;Proveedores;Acreedor;0.0000;12395436.8500;2757681480.03;No
FA;26001;0070-00380808;29/08/2025;33823.0;1.0;29/08/2025;3.0;Compra;420201;Descuentos Obtenidos;Acreedor;0.0000;108824.5700;2209550499.19;No
FA;26001;0070-00380808;29/08/2025;33823.0;1.0;29/08/2025;3.0;Compra;110406;IVA Percepciones;Deudor;280651.3800;0.0000;3541581.72;No
FA;26001;0070-00380808;29/08/2025;33823.0;1.0;29/08/2025;3.0;Compra;110420;I.B.Percepciones (CABA);Deudor;561302.8600;0.0000;-75099027.76;No
FA;26272;0010-00120146;09/09/2025;33824.0;1.0;09/09/2025;3.0;Compra;110401;IVA Crédito Fiscal;Deudor;163942.2000;0.0000;-1289573241.08;No
FA;26272;0010-00120146;09/09/2025;33824.0;1.0;09/09/2025;3.0;Compra;110501;Mercaderias de Reventas;Deudor;780677.1600;0.0000;3638385175.30;No
FA;26272;0010-00120146;09/09/2025;33824.0;1.0;09/09/2025;3.0;Compra;210101;Proveedores;Acreedor;0.0000;968039.6700;2758649519.70;No
FA;26272;0010-00120146;09/09/2025;33824.0;1.0;09/09/2025;3.0;Compra;110406;IVA Percepciones;Deudor;23420.3100;0.0000;3565002.03;No
FA;26629;0004-00057334;08/09/2025;33825.0;1.0;08/09/2025;3.0;Compra;110401;IVA Crédito Fiscal;Deudor;953897.9600;0.0000;-1288619343.12;No
FA;26629;0004-00057334;08/09/2025;33825.0;1.0;08/09/2025;3.0;Compra;110501;Mercaderias de Reventas;Deudor;4838609.7400;0.0000;3643223785.04;No
FA;26629;0004-00057334;08/09/2025;33825.0;1.0;08/09/2025;3.0;Compra;210101;Proveedores;Acreedor;0.0000;5496269.2200;2764145788.92;No
FA;26629;0004-00057334;08/09/2025;33825.0;1.0;08/09/2025;3.0;Compra;420201;Descuentos Obtenidos;Acreedor;0.0000;296238.4800;2209846737.67;No
FA;27104;0003-00013188;09/09/2025;33827.0;1.0;09/09/2025;3.0;Compra;110401;IVA Crédito Fiscal;Deudor;350223.2700;0.0000;-1288269119.85;No
FA;27104;0003-00013188;09/09/2025;33827.0;1.0;09/09/2025;3.0;Compra;110402;I.B. - Percepcion Bs As;Deudor;41693.2500;0.0000;-56091174.39;No
FA;27104;0003-00013188;09/09/2025;33827.0;1.0;09/09/2025;3.0;Compra;110501;Mercaderias de Reventas;Deudor;1823428.5700;0.0000;3645047213.61;No
FA;27104;0003-00013188;09/09/2025;33827.0;1.0;09/09/2025;3.0;Compra;210101;Proveedores;Acreedor;0.0000;2159710.1500;2751122746.46;No
FA;27104;0003-00013188;09/09/2025;33827.0;1.0;09/09/2025;3.0;Compra;420201;Descuentos Obtenidos;Acreedor;0.0000;155698.7300;2210002436.40;No
FA;27104;0003-00013188;09/09/2025;33827.0;1.0;09/09/2025;3.0;Compra;110420;I.B.Percepciones (CABA);Deudor;100063.7900;0.0000;-74998963.97;No
FA;29293;0012-00168783;17/09/2025;33828.0;1.0;17/09/2025;3.0;Compra;110401;IVA Crédito Fiscal;Deudor;299520656.0900;0.0000;-988748463.76;No
FA;29293;0012-00168783;17/09/2025;33828.0;1.0;17/09/2025;3.0;Compra;110402;I.B. - Percepcion Bs As;Deudor;35657220.9600;0.0000;-20433953.43;No
FA;29293;0012-00168783;17/09/2025;33828.0;1.0;17/09/2025;3.0;Compra;110501;Mercaderias de Reventas;Deudor;1450423886.3800;0.0000;5095471099.99;No
FA;29293;0012-00168783;17/09/2025;33828.0;1.0;17/09/2025;3.0;Compra;210101;Proveedores;Acreedor;0.0000;1847044045.8900;4598166792.35;No
FA;29293;0012-00168783;17/09/2025;33828.0;1.0;17/09/2025;3.0;Compra;420201;Descuentos Obtenidos;Acreedor;0.0000;24135047.8500;2234137484.25;No
FA;29293;0012-00168783;17/09/2025;33828.0;1.0;17/09/2025;3.0;Compra;110420;I.B.Percepciones (CABA);Deudor;85577330.3100;0.0000;10578366.34;No
FA;29483;0002-00001365;19/09/2025;33832.0;1.0;19/09/2025;3.0;Compra;110401;IVA Crédito Fiscal;Deudor;2825928.0000;0.0000;-985922535.76;No
FA;29483;0002-00001365;19/09/2025;33832.0;1.0;19/09/2025;3.0;Compra;210101;Proveedores;Acreedor;0.0000;16282728.0000;4606014971.76;No
FA;29483;0002-00001365;19/09/2025;33832.0;1.0;19/09/2025;3.0;Compra;410301;Publicidad y Marketing;Deudor;13456800.0000;0.0000;95511671.26;No
FA;29487;0001-00002478;19/09/2025;33834.0;1.0;19/09/2025;3.0;Compra;110401;IVA Crédito Fiscal;Deudor;257250.0000;0.0000;-985665285.76;No
FA;29487;0001-00002478;19/09/2025;33834.0;1.0;19/09/2025;3.0;Compra;210101;Proveedores;Acreedor;0.0000;1482250.0000;4591214493.76;No
FA;29487;0001-00002478;19/09/2025;33834.0;1.0;19/09/2025;3.0;Compra;410272;Contador;Deudor;1225000.0000;0.0000;10179148.29;No
FA;29489;0006-00126389;19/09/2025;33836.0;1.0;19/09/2025;3.0;Compra;110401;IVA Crédito Fiscal;Deudor;87436.1900;0.0000;-985577849.57;No
FA;29489;0006-00126389;19/09/2025;33836.0;1.0;19/09/2025;3.0;Compra;110402;I.B. - Percepcion Bs As;Deudor;10409.0700;0.0000;-20423544.36;No
FA;29489;0006-00126389;19/09/2025;33836.0;1.0;19/09/2025;3.0;Compra;210101;Proveedores;Acreedor;0.0000;539189.8300;4590271433.59;No
FA;29489;0006-00126389;19/09/2025;33836.0;1.0;19/09/2025;3.0;Compra;410301;Publicidad y Marketing;Deudor;416362.8000;0.0000;95928034.06;No
FA;29489;0006-00126389;19/09/2025;33836.0;1.0;19/09/2025;3.0;Compra;110420;I.B.Percepciones (CABA);Deudor;24981.7700;0.0000;10603348.11;No
FA;29639;0012-00168766;17/09/2025;33840.0;1.0;17/09/2025;3.0;Compra;110401;IVA Crédito Fiscal;Deudor;1074525.3800;0.0000;-984503324.19;No
FA;29639;0012-00168766;17/09/2025;33840.0;1.0;17/09/2025;3.0;Compra;110402;I.B. - Percepcion Bs As;Deudor;127919.6900;0.0000;-20295624.67;No
FA;29639;0012-00168766;17/09/2025;33840.0;1.0;17/09/2025;3.0;Compra;110501;Mercaderias de Reventas;Deudor;5134191.7200;0.0000;5100605291.71;No
FA;29639;0012-00168766;17/09/2025;33840.0;1.0;17/09/2025;3.0;Compra;210101;Proveedores;Acreedor;0.0000;6626239.8200;4587611340.23;No
FA;29639;0012-00168766;17/09/2025;33840.0;1.0;17/09/2025;3.0;Compra;420201;Descuentos Obtenidos;Acreedor;0.0000;17404.2200;2234154888.47;No
FA;29639;0012-00168766;17/09/2025;33840.0;1.0;17/09/2025;3.0;Compra;110420;I.B.Percepciones (CABA);Deudor;307007.2500;0.0000;10910355.36;No
FA;29684;0012-00168692;12/09/2025;33841.0;1.0;12/09/2025;3.0;Compra;110401;IVA Crédito Fiscal;Deudor;611480.5300;0.0000;-983891843.66;No
FA;29684;0012-00168692;12/09/2025;33841.0;1.0;12/09/2025;3.0;Compra;110402;I.B. - Percepcion Bs As;Deudor;72795.3000;0.0000;-20222829.37;No
FA;29684;0012-00168692;12/09/2025;33841.0;1.0;12/09/2025;3.0;Compra;110501;Mercaderias de Reventas;Deudor;2911812.0500;0.0000;5103517103.76;No
FA;29684;0012-00168692;12/09/2025;33841.0;1.0;12/09/2025;3.0;Compra;210101;Proveedores;Acreedor;0.0000;3770796.6000;4591382136.83;No
FA;29684;0012-00168692;12/09/2025;33841.0;1.0;12/09/2025;3.0;Compra;110420;I.B.Percepciones (CABA);Deudor;174708.7200;0.0000;11085064.08;No
FA;29685;0010-00120204;11/09/2025;33842.0;1.0;11/09/2025;3.0;Compra;110401;IVA Crédito Fiscal;Deudor;150577.6400;0.0000;-983741266.02;No
FA;29685;0010-00120204;11/09/2025;33842.0;1.0;11/09/2025;3.0;Compra;110501;Mercaderias de Reventas;Deudor;717036.4000;0.0000;5104234140.16;No
FA;29685;0010-00120204;11/09/2025;33842.0;1.0;11/09/2025;3.0;Compra;210101;Proveedores;Acreedor;0.0000;889125.1300;4592271261.96;No
FA;29685;0010-00120204;11/09/2025;33842.0;1.0;11/09/2025;3.0;Compra;110406;IVA Percepciones;Deudor;21511.0900;0.0000;3586513.12;No
FA;29689;0010-00120147;09/09/2025;33843.0;1.0;09/09/2025;3.0;Compra;110401;IVA Crédito Fiscal;Deudor;4107580.4000;0.0000;-979633685.62;No
FA;29689;0010-00120147;09/09/2025;33843.0;1.0;09/09/2025;3.0;Compra;110501;Mercaderias de Reventas;Deudor;25803858.3400;0.0000;5130037998.50;No
FA;29689;0010-00120147;09/09/2025;33843.0;1.0;09/09/2025;3.0;Compra;210101;Proveedores;Acreedor;0.0000;24254284.2600;4616525546.22;No
FA;29689;0010-00120147;09/09/2025;33843.0;1.0;09/09/2025;3.0;Compra;420201;Descuentos Obtenidos;Acreedor;0.0000;6243951.6800;2240398840.15;No
FA;29689;0010-00120147;09/09/2025;33843.0;1.0;09/09/2025;3.0;Compra;110406;IVA Percepciones;Deudor;586797.2000;0.0000;4173310.32;No
FA;30581;0048-00013035;23/09/2025;33844.0;1.0;23/09/2025;3.0;Compra;110401;IVA Crédito Fiscal;Deudor;11018.4100;0.0000;-979622667.21;No
FA;30581;0048-00013035;23/09/2025;33844.0;1.0;23/09/2025;3.0;Compra;210101;Proveedores;Acreedor;0.0000;66635.1700;4616592181.39;No
FA;30581;0048-00013035;23/09/2025;33844.0;1.0;23/09/2025;3.0;Compra;410211;Art.de Libreria;Deudor;52468.6400;0.0000;1729739.32;No
FA;30581;0048-00013035;23/09/2025;33844.0;1.0;23/09/2025;3.0;Compra;110420;I.B.Percepciones (CABA);Deudor;3148.1200;0.0000;11088212.20;No
FA;34934;0048-00013168;03/10/2025;33851.0;1.0;03/10/2025;3.0;Compra;110401;IVA Crédito Fiscal;Deudor;11740.5700;0.0000;-979610926.64;No
FA;34934;0048-00013168;03/10/2025;33851.0;1.0;03/10/2025;3.0;Compra;210101;Proveedores;Acreedor;0.0000;71002.5100;4616596548.73;No
FA;34934;0048-00013168;03/10/2025;33851.0;1.0;03/10/2025;3.0;Compra;410211;Art.de Libreria;Deudor;55907.4900;0.0000;1785646.81;No
FA;34934;0048-00013168;03/10/2025;33851.0;1.0;03/10/2025;3.0;Compra;110420;I.B.Percepciones (CABA);Deudor;3354.4500;0.0000;11091566.65;No
FA;35334;1200-00067844;02/10/2025;33853.0;1.0;02/10/2025;3.0;Compra;110401;IVA Crédito Fiscal;Deudor;5366975.1800;0.0000;-974243951.46;No
FA;35334;1200-00067844;02/10/2025;33853.0;1.0;02/10/2025;3.0;Compra;110501;Mercaderias de Reventas;Deudor;25557024.6600;0.0000;5155595023.16;No
FA;35334;1200-00067844;02/10/2025;33853.0;1.0;02/10/2025;3.0;Compra;210101;Proveedores;Acreedor;0.0000;32776884.1300;4649302430.35;No
FA;35334;1200-00067844;02/10/2025;33853.0;1.0;02/10/2025;3.0;Compra;110420;I.B.Percepciones (CABA);Deudor;1533421.4800;0.0000;12624988.13;No
FA;35334;1200-00067844;02/10/2025;33853.0;1.0;02/10/2025;3.0;Compra;110432;I.B.Percepciones (Sta Fe);Deudor;319462.8100;0.0000;-5197668.37;No
FA;35353;0070-00384728;24/09/2025;33854.0;1.0;24/09/2025;3.0;Compra;110401;IVA Crédito Fiscal;Deudor;742670.8900;0.0000;-973501280.57;No
FA;35353;0070-00384728;24/09/2025;33854.0;1.0;24/09/2025;3.0;Compra;110402;I.B. - Percepcion Bs As;Deudor;88413.2000;0.0000;-20134416.17;No
FA;35353;0070-00384728;24/09/2025;33854.0;1.0;24/09/2025;3.0;Compra;110501;Mercaderias de Reventas;Deudor;3536528.0700;0.0000;5159131551.23;No
FA;35353;0070-00384728;24/09/2025;33854.0;1.0;24/09/2025;3.0;Compra;210101;Proveedores;Acreedor;0.0000;4685899.6800;4653988330.03;No
FA;35353;0070-00384728;24/09/2025;33854.0;1.0;24/09/2025;3.0;Compra;110406;IVA Percepciones;Deudor;106095.8400;0.0000;4279406.16;No
FA;35353;0070-00384728;24/09/2025;33854.0;1.0;24/09/2025;3.0;Compra;110420;I.B.Percepciones (CABA);Deudor;212191.6800;0.0000;12837179.81;No
FA;36526;0005-00036164;09/10/2025;33855.0;1.0;09/10/2025;3.0;Compra;110401;IVA Crédito Fiscal;Deudor;93719.0100;0.0000;-973407561.56;No
FA;36526;0005-00036164;09/10/2025;33855.0;1.0;09/10/2025;3.0;Compra;210101;Proveedores;Acreedor;0.0000;540000.0000;4654528330.03;No
FA;36526;0005-00036164;09/10/2025;33855.0;1.0;09/10/2025;3.0;Compra;410240;Supermercado;Deudor;446280.9900;0.0000;5098494.42;No
FA;36598;0002-00049023;01/09/2025;33857.0;1.0;01/09/2025;3.0;Compra;110401;IVA Crédito Fiscal;Deudor;9981.5100;0.0000;-973397580.05;No
FA;36598;0002-00049023;01/09/2025;33857.0;1.0;01/09/2025;3.0;Compra;210101;Proveedores;Acreedor;0.0000;57512.5300;4654045842.56;No
FA;36598;0002-00049023;01/09/2025;33857.0;1.0;01/09/2025;3.0;Compra;410247;Seguridad;Deudor;47531.0200;0.0000;13978433.91;No
FA;36599;0002-00048849;01/09/2025;33858.0;1.0;01/09/2025;3.0;Compra;110401;IVA Crédito Fiscal;Deudor;56838.3600;0.0000;-973340741.69;No
FA;36599;0002-00048849;01/09/2025;33858.0;1.0;01/09/2025;3.0;Compra;210101;Proveedores;Acreedor;0.0000;327497.2400;4654373339.80;No
FA;36599;0002-00048849;01/09/2025;33858.0;1.0;01/09/2025;3.0;Compra;410247;Seguridad;Deudor;270658.8800;0.0000;14249092.79;No
FA;36600;0002-00049282;27/09/2025;33859.0;1.0;27/09/2025;3.0;Compra;110401;IVA Crédito Fiscal;Deudor;352590.0000;0.0000;-972988151.69;No
FA;36600;0002-00049282;27/09/2025;33859.0;1.0;27/09/2025;3.0;Compra;210101;Proveedores;Acreedor;0.0000;2031590.0000;4656404929.80;No
FA;36600;0002-00049282;27/09/2025;33859.0;1.0;27/09/2025;3.0;Compra;410247;Seguridad;Deudor;1679000.0000;0.0000;15928092.79;No
FA;36601;0002-00049281;27/09/2025;33860.0;1.0;27/09/2025;3.0;Compra;110401;IVA Crédito Fiscal;Deudor;164430.0000;0.0000;-972823721.69;No
FA;36601;0002-00049281;27/09/2025;33860.0;1.0;27/09/2025;3.0;Compra;210101;Proveedores;Acreedor;0.0000;947430.0000;4657352359.80;No
FA;36601;0002-00049281;27/09/2025;33860.0;1.0;27/09/2025;3.0;Compra;410247;Seguridad;Deudor;783000.0000;0.0000;16711092.79;No
FA;38247;0003-00001348;21/10/2025;33862.0;1.0;21/10/2025;3.0;Compra;110401;IVA Crédito Fiscal;Deudor;52500.0000;0.0000;-972771221.69;No
FA;38247;0003-00001348;21/10/2025;33862.0;1.0;21/10/2025;3.0;Compra;210101;Proveedores;Acreedor;0.0000;324500.0000;4654312830.03;No
FA;38247;0003-00001348;21/10/2025;33862.0;1.0;21/10/2025;3.0;Compra;410213;Tramites;Deudor;22000.0000;0.0000;6328679.06;No
FA;38247;0003-00001348;21/10/2025;33862.0;1.0;21/10/2025;3.0;Compra;410273;Abogado;Deudor;250000.0000;0.0000;7186719.18;No
FA;39267;0007-00012459;24/10/2025;33866.0;1.0;24/10/2025;3.0;Compra;110401;IVA Crédito Fiscal;Deudor;362250.0000;0.0000;-972408971.69;No
FA;39267;0007-00012459;24/10/2025;33866.0;1.0;24/10/2025;3.0;Compra;210101;Proveedores;Acreedor;0.0000;2087250.0000;4656075580.03;No
FA;39267;0007-00012459;24/10/2025;33866.0;1.0;24/10/2025;3.0;Compra;410301;Publicidad y Marketing;Deudor;1725000.0000;0.0000;97653034.06;No
FA;39988;1200-00068659;24/10/2025;33867.0;1.0;24/10/2025;3.0;Compra;110401;IVA Crédito Fiscal;Deudor;4779433.3900;0.0000;-967629538.30;No
FA;39988;1200-00068659;24/10/2025;33867.0;1.0;24/10/2025;3.0;Compra;110402;I.B. - Percepcion Bs As;Deudor;568980.1700;0.0000;-19565436.00;No
FA;39988;1200-00068659;24/10/2025;33867.0;1.0;24/10/2025;3.0;Compra;110501;Mercaderias de Reventas;Deudor;22759206.6000;0.0000;5181890757.83;No
FA;39988;1200-00068659;24/10/2025;33867.0;1.0;24/10/2025;3.0;Compra;210101;Proveedores;Acreedor;0.0000;29757662.6400;4685833242.67;No
FA;39988;1200-00068659;24/10/2025;33867.0;1.0;24/10/2025;3.0;Compra;110420;I.B.Percepciones (CABA);Deudor;1365552.4000;0.0000;14202732.21;No
FA;39988;1200-00068659;24/10/2025;33867.0;1.0;24/10/2025;3.0;Compra;110432;I.B.Percepciones (Sta Fe);Deudor;284490.0800;0.0000;-4913178.29;No
FA;42145;0005-00036423;03/11/2025;33869.0;1.0;03/11/2025;3.0;Compra;110401;IVA Crédito Fiscal;Deudor;114545.4600;0.0000;-967514992.84;No
FA;42145;0005-00036423;03/11/2025;33869.0;1.0;03/11/2025;3.0;Compra;210101;Proveedores;Acreedor;0.0000;660000.0100;4679017033.84;No
FA;42145;0005-00036423;03/11/2025;33869.0;1.0;03/11/2025;3.0;Compra;410240;Supermercado;Deudor;545454.5500;0.0000;5643948.97;No
FA;42232;0004-00000411;04/11/2025;33871.0;1.0;04/11/2025;3.0;Compra;110401;IVA Crédito Fiscal;Deudor;2942235.0300;0.0000;-964572757.81;No
FA;42232;0004-00000411;04/11/2025;33871.0;1.0;04/11/2025;3.0;Compra;110501;Mercaderias de Reventas;Deudor;14010643.0000;0.0000;5195901400.83;No
FA;42232;0004-00000411;04/11/2025;33871.0;1.0;04/11/2025;3.0;Compra;210101;Proveedores;Acreedor;0.0000;16952878.0300;4695309911.86;No
FA;42921;0070-00390268;28/10/2025;33872.0;1.0;28/10/2025;3.0;Compra;110401;IVA Crédito Fiscal;Deudor;2191143.3400;0.0000;-962381614.47;No
FA;42921;0070-00390268;28/10/2025;33872.0;1.0;28/10/2025;3.0;Compra;110402;I.B. - Percepcion Bs As;Deudor;260850.4000;0.0000;-19304585.60;No
FA;42921;0070-00390268;28/10/2025;33872.0;1.0;28/10/2025;3.0;Compra;110501;Mercaderias de Reventas;Deudor;10434015.8800;0.0000;5206335416.71;No
FA;42921;0070-00390268;28/10/2025;33872.0;1.0;28/10/2025;3.0;Compra;210101;Proveedores;Acreedor;0.0000;13825071.0500;4709134982.91;No
FA;42921;0070-00390268;28/10/2025;33872.0;1.0;28/10/2025;3.0;Compra;110406;IVA Percepciones;Deudor;313020.4800;0.0000;4592426.64;No
FA;42921;0070-00390268;28/10/2025;33872.0;1.0;28/10/2025;3.0;Compra;110420;I.B.Percepciones (CABA);Deudor;626040.9500;0.0000;14828773.16;No
FA;42939;0070-00390722;29/10/2025;33873.0;1.0;29/10/2025;3.0;Compra;110401;IVA Crédito Fiscal;Deudor;1955843.1400;0.0000;-960425771.33;No
FA;42939;0070-00390722;29/10/2025;33873.0;1.0;29/10/2025;3.0;Compra;110402;I.B. - Percepcion Bs As;Deudor;232838.4700;0.0000;-19071747.13;No
FA;42939;0070-00390722;29/10/2025;33873.0;1.0;29/10/2025;3.0;Compra;110501;Mercaderias de Reventas;Deudor;9313538.7600;0.0000;5215648955.47;No
FA;42939;0070-00390722;29/10/2025;33873.0;1.0;29/10/2025;3.0;Compra;210101;Proveedores;Acreedor;0.0000;12340438.8300;4721475421.74;No
FA;42939;0070-00390722;29/10/2025;33873.0;1.0;29/10/2025;3.0;Compra;420201;Descuentos Obtenidos;Acreedor;0.0000;0.0100;2240398840.16;No
FA;42939;0070-00390722;29/10/2025;33873.0;1.0;29/10/2025;3.0;Compra;110406;IVA Percepciones;Deudor;279406.1500;0.0000;4871832.79;No
FA;42939;0070-00390722;29/10/2025;33873.0;1.0;29/10/2025;3.0;Compra;110420;I.B.Percepciones (CABA);Deudor;558812.3200;0.0000;15387585.48;No
FA;42944;0070-00390275;28/10/2025;33874.0;1.0;28/10/2025;3.0;Compra;110401;IVA Crédito Fiscal;Deudor;1407889.5000;0.0000;-959017881.83;No
FA;42944;0070-00390275;28/10/2025;33874.0;1.0;28/10/2025;3.0;Compra;110402;I.B. - Percepcion Bs As;Deudor;167605.8900;0.0000;-18904141.24;No
FA;42944;0070-00390275;28/10/2025;33874.0;1.0;28/10/2025;3.0;Compra;110501;Mercaderias de Reventas;Deudor;6704235.7200;0.0000;5222353191.19;No
FA;42944;0070-00390275;28/10/2025;33874.0;1.0;28/10/2025;3.0;Compra;210101;Proveedores;Acreedor;0.0000;8883112.3200;4730358534.06;No
FA;42944;0070-00390275;28/10/2025;33874.0;1.0;28/10/2025;3.0;Compra;110406;IVA Percepciones;Deudor;201127.0700;0.0000;5072959.86;No
FA;42944;0070-00390275;28/10/2025;33874.0;1.0;28/10/2025;3.0;Compra;110420;I.B.Percepciones (CABA);Deudor;402254.1400;0.0000;15789839.62;No
FA;43484;0004-00005127;31/10/2025;33875.0;1.0;31/10/2025;3.0;Compra;110401;IVA Crédito Fiscal;Deudor;78918.0000;0.0000;-958938963.83;No
FA;43484;0004-00005127;31/10/2025;33875.0;1.0;31/10/2025;3.0;Compra;210101;Proveedores;Acreedor;0.0000;454718.0000;4730813252.06;No
FA;43484;0004-00005127;31/10/2025;33875.0;1.0;31/10/2025;3.0;Compra;410801;Trabajos de impresion;Deudor;375800.0000;0.0000;2223800.00;No
FA;43488;0002-00000070;07/11/2025;33876.0;1.0;07/11/2025;3.0;Compra;110401;IVA Crédito Fiscal;Deudor;57223.5300;0.0000;-958881740.30;No
FA;43488;0002-00000070;07/11/2025;33876.0;1.0;07/11/2025;3.0;Compra;210101;Proveedores;Acreedor;0.0000;329716.5300;4731142968.59;No
FA;43488;0002-00000070;07/11/2025;33876.0;1.0;07/11/2025;3.0;Compra;410311;Gastos Recursos Humanos;Deudor;272493.0000;0.0000;11559262.69;No
FA;43489;0001-00002566;07/11/2025;33877.0;1.0;07/11/2025;3.0;Compra;110401;IVA Crédito Fiscal;Deudor;257250.0000;0.0000;-958624490.30;No
FA;43489;0001-00002566;07/11/2025;33877.0;1.0;07/11/2025;3.0;Compra;210101;Proveedores;Acreedor;0.0000;1482250.0000;4732625218.59;No
FA;43489;0001-00002566;07/11/2025;33877.0;1.0;07/11/2025;3.0;Compra;410272;Contador;Deudor;1225000.0000;0.0000;11404148.29;No
FA;43490;0007-00012968;07/11/2025;33878.0;1.0;07/11/2025;3.0;Compra;110401;IVA Crédito Fiscal;Deudor;603750.0000;0.0000;-958020740.30;No
FA;43490;0007-00012968;07/11/2025;33878.0;1.0;07/11/2025;3.0;Compra;210101;Proveedores;Acreedor;0.0000;3478750.0000;4736103968.59;No
FA;43490;0007-00012968;07/11/2025;33878.0;1.0;07/11/2025;3.0;Compra;410301;Publicidad y Marketing;Deudor;2875000.0000;0.0000;100528034.06;No
FA;43501;0003-00014563;31/10/2025;33881.0;1.0;31/10/2025;3.0;Compra;110401;IVA Crédito Fiscal;Deudor;104580.0000;0.0000;-957916160.30;No
FA;43501;0003-00014563;31/10/2025;33881.0;1.0;31/10/2025;3.0;Compra;210101;Proveedores;Acreedor;0.0000;602580.0000;4738066548.59;No
FA;43501;0003-00014563;31/10/2025;33881.0;1.0;31/10/2025;3.0;Compra;410301;Publicidad y Marketing;Deudor;498000.0000;0.0000;101726034.06;No
FA;44219;0001-00000087;11/11/2025;33885.0;1.0;11/11/2025;3.0;Compra;110401;IVA Crédito Fiscal;Deudor;963845.1900;0.0000;-956952315.11;No
FA;44219;0001-00000087;11/11/2025;33885.0;1.0;11/11/2025;3.0;Compra;210101;Proveedores;Acreedor;0.0000;5553584.1900;4729691423.94;No
FA;44219;0001-00000087;11/11/2025;33885.0;1.0;11/11/2025;3.0;Compra;410209;Alquiler;Deudor;4589739.0000;0.0000;175716844.94;No
FA;44223;0002-00000034;11/11/2025;33887.0;1.0;11/11/2025;3.0;Compra;110401;IVA Crédito Fiscal;Deudor;2334780.0000;0.0000;-954617535.11;No
FA;44223;0002-00000034;11/11/2025;33887.0;1.0;11/11/2025;3.0;Compra;210101;Proveedores;Acreedor;0.0000;13452780.0000;4737590619.75;No
FA;44223;0002-00000034;11/11/2025;33887.0;1.0;11/11/2025;3.0;Compra;410209;Alquiler;Deudor;11118000.0000;0.0000;186834844.94;No
FA;44237;0002-00049501;11/11/2025;33889.0;1.0;11/11/2025;3.0;Compra;110401;IVA Crédito Fiscal;Deudor;10231.0500;0.0000;-954607304.06;No
FA;44237;0002-00049501;11/11/2025;33889.0;1.0;11/11/2025;3.0;Compra;210101;Proveedores;Acreedor;0.0000;58950.3500;4724196790.10;No
FA;44237;0002-00049501;11/11/2025;33889.0;1.0;11/11/2025;3.0;Compra;410247;Seguridad;Deudor;48719.3000;0.0000;16759812.09;No
FA;44241;0002-00049555;11/11/2025;33890.0;1.0;11/11/2025;3.0;Compra;110401;IVA Crédito Fiscal;Deudor;10231.0500;0.0000;-954597073.01;No
FA;44241;0002-00049555;11/11/2025;33890.0;1.0;11/11/2025;3.0;Compra;210101;Proveedores;Acreedor;0.0000;58950.3300;4724255740.43;No
FA;44241;0002-00049555;11/11/2025;33890.0;1.0;11/11/2025;3.0;Compra;410247;Seguridad;Deudor;48719.2800;0.0000;16808531.37;No
FA;44242;0002-00049767;11/11/2025;33891.0;1.0;11/11/2025;3.0;Compra;110401;IVA Crédito Fiscal;Deudor;111016.5000;0.0000;-954486056.51;No
FA;44242;0002-00049767;11/11/2025;33891.0;1.0;11/11/2025;3.0;Compra;210101;Proveedores;Acreedor;0.0000;639666.5000;4724895406.93;No
FA;44242;0002-00049767;11/11/2025;33891.0;1.0;11/11/2025;3.0;Compra;410247;Seguridad;Deudor;528650.0000;0.0000;17337181.37;No
FA;44244;0002-00050231;11/11/2025;33892.0;1.0;11/11/2025;3.0;Compra;110401;IVA Crédito Fiscal;Deudor;94500.0000;0.0000;-954391556.51;No
FA;44244;0002-00050231;11/11/2025;33892.0;1.0;11/11/2025;3.0;Compra;210101;Proveedores;Acreedor;0.0000;544500.0000;4725439906.93;No
FA;44244;0002-00050231;11/11/2025;33892.0;1.0;11/11/2025;3.0;Compra;410247;Seguridad;Deudor;450000.0000;0.0000;17787181.37;No
FA;44245;0002-00049326;11/11/2025;33893.0;1.0;11/11/2025;3.0;Compra;110401;IVA Crédito Fiscal;Deudor;58259.3300;0.0000;-954333297.18;No
FA;44245;0002-00049326;11/11/2025;33893.0;1.0;11/11/2025;3.0;Compra;210101;Proveedores;Acreedor;0.0000;335684.6900;4725775591.62;No
FA;44245;0002-00049326;11/11/2025;33893.0;1.0;11/11/2025;3.0;Compra;410247;Seguridad;Deudor;277425.3600;0.0000;18064606.73;No
FA;44895;0001-00002552;13/11/2025;33895.0;1.0;13/11/2025;3.0;Compra;110401;IVA Crédito Fiscal;Deudor;68675.2100;0.0000;-954264621.97;No
FA;44895;0001-00002552;13/11/2025;33895.0;1.0;13/11/2025;3.0;Compra;210101;Proveedores;Acreedor;0.0000;395700.0000;4724533539.75;No
FA;44895;0001-00002552;13/11/2025;33895.0;1.0;13/11/2025;3.0;Compra;410272;Contador;Deudor;327024.7900;0.0000;11731173.08;No
FA;44896;0001-00002526;13/11/2025;33896.0;1.0;13/11/2025;3.0;Compra;110401;IVA Crédito Fiscal;Deudor;354900.0000;0.0000;-953909721.97;No
FA;44896;0001-00002526;13/11/2025;33896.0;1.0;13/11/2025;3.0;Compra;210101;Proveedores;Acreedor;0.0000;2044900.0000;4726578439.75;No
FA;44896;0001-00002526;13/11/2025;33896.0;1.0;13/11/2025;3.0;Compra;410272;Contador;Deudor;1690000.0000;0.0000;13421173.08;No
FA;44921;0001-00005464;13/11/2025;33898.0;1.0;13/11/2025;3.0;Compra;110401;IVA Crédito Fiscal;Deudor;531503.8600;0.0000;-953378218.11;No
FA;44921;0001-00005464;13/11/2025;33898.0;1.0;13/11/2025;3.0;Compra;110501;Mercaderias de Reventas;Deudor;2530970.7700;0.0000;5224884161.96;No
FA;44921;0001-00005464;13/11/2025;33898.0;1.0;13/11/2025;3.0;Compra;210101;Proveedores;Acreedor;0.0000;3062474.6300;4727200314.38;No
FA;45725;0070-00392956;18/11/2025;33901.0;1.0;18/11/2025;3.0;Compra;110401;IVA Crédito Fiscal;Deudor;9050367.1900;0.0000;-944327850.92;No
FA;45725;0070-00392956;18/11/2025;33901.0;1.0;18/11/2025;3.0;Compra;110402;I.B. - Percepcion Bs As;Deudor;1077424.6600;0.0000;-17826716.58;No
FA;45725;0070-00392956;18/11/2025;33901.0;1.0;18/11/2025;3.0;Compra;110501;Mercaderias de Reventas;Deudor;43096986.6300;0.0000;5267981148.59;No
FA;45725;0070-00392956;18/11/2025;33901.0;1.0;18/11/2025;3.0;Compra;210101;Proveedores;Acreedor;0.0000;55810597.7200;4626019930.79;No
FA;45725;0070-00392956;18/11/2025;33901.0;1.0;18/11/2025;3.0;Compra;110406;IVA Percepciones;Deudor;1292909.6200;0.0000;6365869.48;No
FA;45725;0070-00392956;18/11/2025;33901.0;1.0;18/11/2025;3.0;Compra;110420;I.B.Percepciones (CABA);Deudor;1292909.6200;0.0000;17082749.24;No
FA;45754;0004-00058420;18/11/2025;33902.0;1.0;18/11/2025;3.0;Compra;110401;IVA Crédito Fiscal;Deudor;353736.7200;0.0000;-943974114.20;No
FA;45754;0004-00058420;18/11/2025;33902.0;1.0;18/11/2025;3.0;Compra;110501;Mercaderias de Reventas;Deudor;1684460.5800;0.0000;5269665609.17;No
FA;45754;0004-00058420;18/11/2025;33902.0;1.0;18/11/2025;3.0;Compra;210101;Proveedores;Acreedor;0.0000;2038197.3000;4628058128.09;No
FA;46361;0048-00013551;20/11/2025;33903.0;1.0;20/11/2025;3.0;Compra;110401;IVA Crédito Fiscal;Deudor;15982.3900;0.0000;-943958131.81;No
FA;46361;0048-00013551;20/11/2025;33903.0;1.0;20/11/2025;3.0;Compra;210101;Proveedores;Acreedor;0.0000;94372.1900;4628152500.28;No
FA;46361;0048-00013551;20/11/2025;33903.0;1.0;20/11/2025;3.0;Compra;410211;Art.de Libreria;Deudor;76106.6000;0.0000;1861753.41;No
FA;46361;0048-00013551;20/11/2025;33903.0;1.0;20/11/2025;3.0;Compra;110420;I.B.Percepciones (CABA);Deudor;2283.2000;0.0000;17085032.44;No
FA;48173;0100-00035996;25/11/2025;33907.0;1.0;25/11/2025;3.0;Compra;110401;IVA Crédito Fiscal;Deudor;1206198.2100;0.0000;-942751933.60;No
FA;48173;0100-00035996;25/11/2025;33907.0;1.0;25/11/2025;3.0;Compra;110402;I.B. - Percepcion Bs As;Deudor;143595.0300;0.0000;-17683121.55;No
FA;48173;0100-00035996;25/11/2025;33907.0;1.0;25/11/2025;3.0;Compra;110501;Mercaderias de Reventas;Deudor;5743801.0000;0.0000;5275409410.17;No
FA;48173;0100-00035996;25/11/2025;33907.0;1.0;25/11/2025;3.0;Compra;210101;Proveedores;Acreedor;0.0000;7265908.2700;4052164614.96;No
FA;48173;0100-00035996;25/11/2025;33907.0;1.0;25/11/2025;3.0;Compra;110420;I.B.Percepciones (CABA);Deudor;172314.0300;0.0000;17257346.47;No
FA;48188;0010-00121791;19/11/2025;33908.0;1.0;19/11/2025;3.0;Compra;110401;IVA Crédito Fiscal;Deudor;921364.6700;0.0000;-941830568.93;No
FA;48188;0010-00121791;19/11/2025;33908.0;1.0;19/11/2025;3.0;Compra;110501;Mercaderias de Reventas;Deudor;4387450.7900;0.0000;5279796860.96;No
FA;48188;0010-00121791;19/11/2025;33908.0;1.0;19/11/2025;3.0;Compra;210101;Proveedores;Acreedor;0.0000;5440438.9800;4057605053.94;No
FA;48188;0010-00121791;19/11/2025;33908.0;1.0;19/11/2025;3.0;Compra;110406;IVA Percepciones;Deudor;131623.5200;0.0000;6497493.00;No
FA;48190;0010-00121796;19/11/2025;33909.0;1.0;19/11/2025;3.0;Compra;110401;IVA Crédito Fiscal;Deudor;67887.3400;0.0000;-941762681.59;No
FA;48190;0010-00121796;19/11/2025;33909.0;1.0;19/11/2025;3.0;Compra;110501;Mercaderias de Reventas;Deudor;337482.9100;0.0000;5280134343.87;No
FA;48190;0010-00121796;19/11/2025;33909.0;1.0;19/11/2025;3.0;Compra;210101;Proveedores;Acreedor;0.0000;400858.5700;4058005912.51;No
FA;48190;0010-00121796;19/11/2025;33909.0;1.0;19/11/2025;3.0;Compra;420201;Descuentos Obtenidos;Acreedor;0.0000;14209.8700;2240413050.03;No
FA;48190;0010-00121796;19/11/2025;33909.0;1.0;19/11/2025;3.0;Compra;110406;IVA Percepciones;Deudor;9698.1900;0.0000;6507191.19;No
FA;48253;0070-00394545;22/11/2025;33911.0;1.0;22/11/2025;3.0;Compra;110401;IVA Crédito Fiscal;Deudor;12449962.1100;0.0000;-929312719.48;No
FA;48253;0070-00394545;22/11/2025;33911.0;1.0;22/11/2025;3.0;Compra;110402;I.B. - Percepcion Bs As;Deudor;1482138.3600;0.0000;-16200983.19;No
FA;48253;0070-00394545;22/11/2025;33911.0;1.0;22/11/2025;3.0;Compra;110501;Mercaderias de Reventas;Deudor;59407521.0800;0.0000;5339541864.95;No
FA;48253;0070-00394545;22/11/2025;33911.0;1.0;22/11/2025;3.0;Compra;210101;Proveedores;Acreedor;0.0000;76774766.3700;3981827922.97;No
FA;48253;0070-00394545;22/11/2025;33911.0;1.0;22/11/2025;3.0;Compra;420201;Descuentos Obtenidos;Acreedor;0.0000;121987.2400;2240535037.27;No
FA;48253;0070-00394545;22/11/2025;33911.0;1.0;22/11/2025;3.0;Compra;110406;IVA Percepciones;Deudor;1778566.0300;0.0000;8285757.22;No
FA;48253;0070-00394545;22/11/2025;33911.0;1.0;22/11/2025;3.0;Compra;110420;I.B.Percepciones (CABA);Deudor;1778566.0300;0.0000;19035912.50;No
FA;51324;0048-00013663;03/12/2025;33913.0;1.0;03/12/2025;3.0;Compra;110401;IVA Crédito Fiscal;Deudor;14582.4500;0.0000;-929298137.03;No
FA;51324;0048-00013663;03/12/2025;33913.0;1.0;03/12/2025;3.0;Compra;210101;Proveedores;Acreedor;0.0000;84369.9000;3943550295.21;No
FA;51324;0048-00013663;03/12/2025;33913.0;1.0;03/12/2025;3.0;Compra;410211;Art.de Libreria;Deudor;69440.2500;0.0000;1931193.66;No
FA;51324;0048-00013663;03/12/2025;33913.0;1.0;03/12/2025;3.0;Compra;110420;I.B.Percepciones (CABA);Deudor;347.2000;0.0000;19036259.70;No
FA;51760;0001-00002596;21/11/2025;33915.0;1.0;21/11/2025;3.0;Compra;110401;IVA Crédito Fiscal;Deudor;71729.7500;0.0000;-929226407.28;No
FA;51760;0001-00002596;21/11/2025;33915.0;1.0;21/11/2025;3.0;Compra;210101;Proveedores;Acreedor;0.0000;413300.0000;3943879225.31;No
FA;51760;0001-00002596;21/11/2025;33915.0;1.0;21/11/2025;3.0;Compra;410272;Contador;Deudor;341570.2500;0.0000;13762743.33;No
FA;51761;0001-00002571;21/11/2025;33916.0;1.0;21/11/2025;3.0;Compra;110401;IVA Crédito Fiscal;Deudor;370728.1000;0.0000;-928855679.18;No
FA;51761;0001-00002571;21/11/2025;33916.0;1.0;21/11/2025;3.0;Compra;210101;Proveedores;Acreedor;0.0000;2136100.0000;3946015325.31;No
FA;51761;0001-00002571;21/11/2025;33916.0;1.0;21/11/2025;3.0;Compra;410272;Contador;Deudor;1765371.9000;0.0000;15528115.23;No
FA;51772;0070-00396023;29/11/2025;33918.0;1.0;29/11/2025;3.0;Compra;110401;IVA Crédito Fiscal;Deudor;134389.6000;0.0000;-928721289.58;No
FA;51772;0070-00396023;29/11/2025;33918.0;1.0;29/11/2025;3.0;Compra;110402;I.B. - Percepcion Bs As;Deudor;15998.7400;0.0000;-16184984.45;No
FA;51772;0070-00396023;29/11/2025;33918.0;1.0;29/11/2025;3.0;Compra;110501;Mercaderias de Reventas;Deudor;780413.0700;0.0000;5340322278.02;No
FA;51772;0070-00396023;29/11/2025;33918.0;1.0;29/11/2025;3.0;Compra;210101;Proveedores;Acreedor;0.0000;828735.8600;3944294661.17;No
FA;51772;0070-00396023;29/11/2025;33918.0;1.0;29/11/2025;3.0;Compra;420201;Descuentos Obtenidos;Acreedor;0.0000;140462.5900;2240675499.86;No
FA;51772;0070-00396023;29/11/2025;33918.0;1.0;29/11/2025;3.0;Compra;110406;IVA Percepciones;Deudor;19198.5200;0.0000;8304955.74;No
FA;51772;0070-00396023;29/11/2025;33918.0;1.0;29/11/2025;3.0;Compra;110420;I.B.Percepciones (CABA);Deudor;19198.5200;0.0000;19055458.22;No
FA;51776;0012-00170356;02/12/2025;33919.0;1.0;02/12/2025;3.0;Compra;110401;IVA Crédito Fiscal;Deudor;167077391.3900;0.0000;-761643898.19;No
FA;51776;0012-00170356;02/12/2025;33919.0;1.0;02/12/2025;3.0;Compra;110402;I.B. - Percepcion Bs As;Deudor;12729706.0100;0.0000;-3455278.44;No
FA;51776;0012-00170356;02/12/2025;33919.0;1.0;02/12/2025;3.0;Compra;110501;Mercaderias de Reventas;Deudor;797462630.4300;0.0000;6137784908.45;No
FA;51776;0012-00170356;02/12/2025;33919.0;1.0;02/12/2025;3.0;Compra;210101;Proveedores;Acreedor;0.0000;979391756.2000;4923686417.37;No
FA;51776;0012-00170356;02/12/2025;33919.0;1.0;02/12/2025;3.0;Compra;420201;Descuentos Obtenidos;Acreedor;0.0000;1856004.7600;2242531504.62;No
FA;51776;0012-00170356;02/12/2025;33919.0;1.0;02/12/2025;3.0;Compra;110420;I.B.Percepciones (CABA);Deudor;3978033.1300;0.0000;23033491.35;No
FA;58321;0001-00002641;23/12/2025;33931.0;1.0;23/12/2025;3.0;Compra;110401;IVA Crédito Fiscal;Deudor;370728.1000;0.0000;-761273170.09;No
FA;58321;0001-00002641;23/12/2025;33931.0;1.0;23/12/2025;3.0;Compra;210101;Proveedores;Acreedor;0.0000;2136100.0000;4932594367.37;No
FA;58321;0001-00002641;23/12/2025;33931.0;1.0;23/12/2025;3.0;Compra;410272;Contador;Deudor;1765371.9000;0.0000;17293487.13;No
FA;58324;0001-00002637;23/12/2025;33932.0;1.0;23/12/2025;3.0;Compra;110401;IVA Crédito Fiscal;Deudor;71729.7500;0.0000;-761201440.34;No
FA;58324;0001-00002637;23/12/2025;33932.0;1.0;23/12/2025;3.0;Compra;210101;Proveedores;Acreedor;0.0000;413300.0000;4933007667.37;No
FA;58324;0001-00002637;23/12/2025;33932.0;1.0;23/12/2025;3.0;Compra;410272;Contador;Deudor;341570.2500;0.0000;17635057.38;No
FA;58643;0006-00092207;17/12/2025;33935.0;1.0;17/12/2025;3.0;Compra;110401;IVA Crédito Fiscal;Deudor;8492307.9100;0.0000;-752709132.43;No
FA;58643;0006-00092207;17/12/2025;33935.0;1.0;17/12/2025;3.0;Compra;110501;Mercaderias de Reventas;Deudor;40439561.4900;0.0000;6178224469.94;No
FA;58643;0006-00092207;17/12/2025;33935.0;1.0;17/12/2025;3.0;Compra;210101;Proveedores;Acreedor;0.0000;50145056.2200;4757611865.75;No
FA;58643;0006-00092207;17/12/2025;33935.0;1.0;17/12/2025;3.0;Compra;110406;IVA Percepciones;Deudor;1213186.8200;0.0000;9518142.56;No
FA;58645;0006-00092205;17/12/2025;33936.0;1.0;17/12/2025;3.0;Compra;110401;IVA Crédito Fiscal;Deudor;746768.3300;0.0000;-751962364.10;No
FA;58645;0006-00092205;17/12/2025;33936.0;1.0;17/12/2025;3.0;Compra;110501;Mercaderias de Reventas;Deudor;3556039.6800;0.0000;6181780509.62;No
FA;58645;0006-00092205;17/12/2025;33936.0;1.0;17/12/2025;3.0;Compra;210101;Proveedores;Acreedor;0.0000;4409489.2100;4762021354.96;No
FA;58645;0006-00092205;17/12/2025;33936.0;1.0;17/12/2025;3.0;Compra;110406;IVA Percepciones;Deudor;106681.2000;0.0000;9624823.76;No
FA;58647;0006-00092208;17/12/2025;33937.0;1.0;17/12/2025;3.0;Compra;110401;IVA Crédito Fiscal;Deudor;8779613.1500;0.0000;-743182750.95;No
FA;58647;0006-00092208;17/12/2025;33937.0;1.0;17/12/2025;3.0;Compra;110501;Mercaderias de Reventas;Deudor;41807681.6900;0.0000;6223588191.31;No
FA;58647;0006-00092208;17/12/2025;33937.0;1.0;17/12/2025;3.0;Compra;210101;Proveedores;Acreedor;0.0000;51841525.2900;4813862880.25;No
FA;58647;0006-00092208;17/12/2025;33937.0;1.0;17/12/2025;3.0;Compra;110406;IVA Percepciones;Deudor;1254230.4500;0.0000;10879054.21;No
FA;58648;0006-00092206;17/12/2025;33938.0;1.0;17/12/2025;3.0;Compra;110401;IVA Crédito Fiscal;Deudor;106538.5800;0.0000;-743076212.37;No
FA;58648;0006-00092206;17/12/2025;33938.0;1.0;17/12/2025;3.0;Compra;110501;Mercaderias de Reventas;Deudor;507326.5700;0.0000;6224095517.88;No
FA;58648;0006-00092206;17/12/2025;33938.0;1.0;17/12/2025;3.0;Compra;210101;Proveedores;Acreedor;0.0000;629084.9500;4814491965.20;No
FA;58648;0006-00092206;17/12/2025;33938.0;1.0;17/12/2025;3.0;Compra;110406;IVA Percepciones;Deudor;15219.8000;0.0000;10894274.01;No
FA;58662;0006-00092204;17/12/2025;33939.0;1.0;17/12/2025;3.0;Compra;110401;IVA Crédito Fiscal;Deudor;1937323.8700;0.0000;-741138888.50;No
FA;58662;0006-00092204;17/12/2025;33939.0;1.0;17/12/2025;3.0;Compra;110501;Mercaderias de Reventas;Deudor;9225351.7500;0.0000;6233320869.63;No
FA;58662;0006-00092204;17/12/2025;33939.0;1.0;17/12/2025;3.0;Compra;210101;Proveedores;Acreedor;0.0000;11439436.1800;4825931401.38;No
FA;58662;0006-00092204;17/12/2025;33939.0;1.0;17/12/2025;3.0;Compra;110406;IVA Percepciones;Deudor;276760.5600;0.0000;11171034.57;No
FA;59425;0012-00170453;13/01/2026;33951.0;1.0;13/01/2026;3.0;Compra;110401;IVA Crédito Fiscal;Deudor;12474428.4600;0.0000;-728664460.04;No
FA;59425;0012-00170453;13/01/2026;33951.0;1.0;13/01/2026;3.0;Compra;110402;I.B. - Percepcion Bs As;Deudor;950432.6400;0.0000;-2504845.80;No
FA;59425;0012-00170453;13/01/2026;33951.0;1.0;13/01/2026;3.0;Compra;110501;Mercaderias de Reventas;Deudor;59402040.2800;0.0000;6292722909.91;No
FA;59425;0012-00170453;13/01/2026;33951.0;1.0;13/01/2026;3.0;Compra;210101;Proveedores;Acreedor;0.0000;73123911.5800;4738366375.58;No
FA;59425;0012-00170453;13/01/2026;33951.0;1.0;13/01/2026;3.0;Compra;110420;I.B.Percepciones (CABA);Deudor;297010.2000;0.0000;23330501.55;No
FA;60005;0012-00170503;15/01/2026;33952.0;1.0;15/01/2026;3.0;Compra;110401;IVA Crédito Fiscal;Deudor;89816401.8000;0.0000;-638848058.24;No
FA;60005;0012-00170503;15/01/2026;33952.0;1.0;15/01/2026;3.0;Compra;110402;I.B. - Percepcion Bs As;Deudor;6843154.4200;0.0000;4338308.62;No
FA;60005;0012-00170503;15/01/2026;33952.0;1.0;15/01/2026;3.0;Compra;110501;Mercaderias de Reventas;Deudor;459778357.9100;0.0000;6752501267.82;No
FA;60005;0012-00170503;15/01/2026;33952.0;1.0;15/01/2026;3.0;Compra;210101;Proveedores;Acreedor;0.0000;526495193.4100;5264861568.99;No
FA;60005;0012-00170503;15/01/2026;33952.0;1.0;15/01/2026;3.0;Compra;420201;Descuentos Obtenidos;Acreedor;0.0000;32081206.4800;2274612711.10;No
FA;60005;0012-00170503;15/01/2026;33952.0;1.0;15/01/2026;3.0;Compra;110420;I.B.Percepciones (CABA);Deudor;2138485.7600;0.0000;25468987.31;No
FA;60101;0003-00014445;09/01/2026;33953.0;1.0;09/01/2026;3.0;Compra;110401;IVA Crédito Fiscal;Deudor;92041.4300;0.0000;-638756016.81;No
FA;60101;0003-00014445;09/01/2026;33953.0;1.0;09/01/2026;3.0;Compra;110402;I.B. - Percepcion Bs As;Deudor;7012.6800;0.0000;4345321.30;No
FA;60101;0003-00014445;09/01/2026;33953.0;1.0;09/01/2026;3.0;Compra;110501;Mercaderias de Reventas;Deudor;489768.5400;0.0000;6752991036.36;No
FA;60101;0003-00014445;09/01/2026;33953.0;1.0;09/01/2026;3.0;Compra;210101;Proveedores;Acreedor;0.0000;539538.0800;5265401107.07;No
FA;60101;0003-00014445;09/01/2026;33953.0;1.0;09/01/2026;3.0;Compra;420201;Descuentos Obtenidos;Acreedor;0.0000;51476.0300;2274664187.13;No
FA;60101;0003-00014445;09/01/2026;33953.0;1.0;09/01/2026;3.0;Compra;110420;I.B.Percepciones (CABA);Deudor;2191.4600;0.0000;25471178.77;No
FA;60109;0004-00000510;08/01/2026;33954.0;1.0;08/01/2026;3.0;Compra;110401;IVA Crédito Fiscal;Deudor;755489.5400;0.0000;-638000527.27;No
FA;60109;0004-00000510;08/01/2026;33954.0;1.0;08/01/2026;3.0;Compra;110501;Mercaderias de Reventas;Deudor;3597569.2500;0.0000;6756588605.61;No
FA;60109;0004-00000510;08/01/2026;33954.0;1.0;08/01/2026;3.0;Compra;210101;Proveedores;Acreedor;0.0000;4353058.7900;5269754165.86;No
FA;60126;0002-00009588;12/01/2026;33955.0;1.0;12/01/2026;3.0;Compra;110401;IVA Crédito Fiscal;Deudor;229978.3100;0.0000;-637770548.96;No
FA;60126;0002-00009588;12/01/2026;33955.0;1.0;12/01/2026;3.0;Compra;110501;Mercaderias de Reventas;Deudor;1095134.8000;0.0000;6757683740.41;No
FA;60126;0002-00009588;12/01/2026;33955.0;1.0;12/01/2026;3.0;Compra;210101;Proveedores;Acreedor;0.0000;1325113.1100;5271079278.97;No
FA;60128;0004-00059098;05/01/2026;33956.0;1.0;05/01/2026;3.0;Compra;110401;IVA Crédito Fiscal;Deudor;1248476.0900;0.0000;-636522072.87;No
FA;60128;0004-00059098;05/01/2026;33956.0;1.0;05/01/2026;3.0;Compra;110501;Mercaderias de Reventas;Deudor;6680174.5800;0.0000;6764363914.99;No
FA;60128;0004-00059098;05/01/2026;33956.0;1.0;05/01/2026;3.0;Compra;210101;Proveedores;Acreedor;0.0000;7193600.3500;5278272879.32;No
FA;60128;0004-00059098;05/01/2026;33956.0;1.0;05/01/2026;3.0;Compra;420201;Descuentos Obtenidos;Acreedor;0.0000;735050.3200;2275399237.45;No
FA;61880;0002-00050997;27/01/2026;33957.0;1.0;27/01/2026;3.0;Compra;110401;IVA Crédito Fiscal;Deudor;11136.3300;0.0000;-636510936.54;No
FA;61880;0002-00050997;27/01/2026;33957.0;1.0;27/01/2026;3.0;Compra;210101;Proveedores;Acreedor;0.0000;70583.1100;5278343462.43;No
FA;61880;0002-00050997;27/01/2026;33957.0;1.0;27/01/2026;3.0;Compra;410247;Seguridad;Deudor;53030.1300;0.0000;18117636.86;No
FA;61880;0002-00050997;27/01/2026;33957.0;1.0;27/01/2026;3.0;Compra;410510;Intereses y Actualizaciones;Deudor;6416.6500;0.0000;25683650.16;No
FA;61939;0007-00014701;19/01/2026;33959.0;1.0;19/01/2026;3.0;Compra;110401;IVA Crédito Fiscal;Deudor;173460.0000;0.0000;-636337476.54;No
FA;61939;0007-00014701;19/01/2026;33959.0;1.0;19/01/2026;3.0;Compra;210101;Proveedores;Acreedor;0.0000;999460.0000;5279272339.32;No
FA;61939;0007-00014701;19/01/2026;33959.0;1.0;19/01/2026;3.0;Compra;410301;Publicidad y Marketing;Deudor;826000.0000;0.0000;102552034.06;No
FA;61942;0007-00014772;21/01/2026;33960.0;1.0;21/01/2026;3.0;Compra;110401;IVA Crédito Fiscal;Deudor;169050.0000;0.0000;-636168426.54;No
FA;61942;0007-00014772;21/01/2026;33960.0;1.0;21/01/2026;3.0;Compra;210101;Proveedores;Acreedor;0.0000;974050.0000;5280246389.32;No
FA;61942;0007-00014772;21/01/2026;33960.0;1.0;21/01/2026;3.0;Compra;410301;Publicidad y Marketing;Deudor;805000.0000;0.0000;103357034.06;No
FA;64117;0005-00037456;03/02/2026;33963.0;1.0;03/02/2026;3.0;Compra;110401;IVA Crédito Fiscal;Deudor;106214.8800;0.0000;-636062211.66;No
FA;64117;0005-00037456;03/02/2026;33963.0;1.0;03/02/2026;3.0;Compra;210101;Proveedores;Acreedor;0.0000;612000.0000;5278884879.32;No
FA;64117;0005-00037456;03/02/2026;33963.0;1.0;03/02/2026;3.0;Compra;410240;Supermercado;Deudor;505785.1200;0.0000;6149734.09;No
FA;64150;0003-00001397;04/01/2026;33965.0;1.0;04/01/2026;3.0;Compra;110401;IVA Crédito Fiscal;Deudor;59850.0000;0.0000;-636002361.66;No
FA;64150;0003-00001397;04/01/2026;33965.0;1.0;04/01/2026;3.0;Compra;210101;Proveedores;Acreedor;0.0000;344850.0000;5278617729.32;No
FA;64150;0003-00001397;04/01/2026;33965.0;1.0;04/01/2026;3.0;Compra;410273;Abogado;Deudor;285000.0000;0.0000;7471719.18;No
FA;64513;0002-00000037;06/02/2026;33970.0;1.0;06/02/2026;3.0;Compra;110401;IVA Crédito Fiscal;Deudor;2452817.6400;0.0000;-633549544.02;No
FA;64513;0002-00000037;06/02/2026;33970.0;1.0;06/02/2026;3.0;Compra;210101;Proveedores;Acreedor;0.0000;14132901.6400;5205552125.25;No
FA;64513;0002-00000037;06/02/2026;33970.0;1.0;06/02/2026;3.0;Compra;410209;Alquiler;Deudor;11680084.0000;0.0000;198514928.94;No
FA;64514;0001-00000080;06/02/2026;33971.0;1.0;06/02/2026;3.0;Compra;110401;IVA Crédito Fiscal;Deudor;1060229.5200;0.0000;-632489314.50;No
FA;64514;0001-00000080;06/02/2026;33971.0;1.0;06/02/2026;3.0;Compra;210101;Proveedores;Acreedor;0.0000;6108941.5200;5211661066.77;No
FA;64514;0001-00000080;06/02/2026;33971.0;1.0;06/02/2026;3.0;Compra;410209;Alquiler;Deudor;5048712.0000;0.0000;203563640.94;No
FA;64515;0002-00000301;06/02/2026;33972.0;1.0;06/02/2026;3.0;Compra;110401;IVA Crédito Fiscal;Deudor;1399466.3100;0.0000;-631089848.19;No
FA;64515;0002-00000301;06/02/2026;33972.0;1.0;06/02/2026;3.0;Compra;210101;Proveedores;Acreedor;0.0000;8063591.6000;5219724658.37;No
FA;64515;0002-00000301;06/02/2026;33972.0;1.0;06/02/2026;3.0;Compra;410209;Alquiler;Deudor;6664125.2900;0.0000;210227766.23;No
FA;65220;0001-00002682;26/01/2026;33979.0;1.0;26/01/2026;3.0;Compra;110401;IVA Crédito Fiscal;Deudor;124090.9100;0.0000;-630965757.28;No
FA;65220;0001-00002682;26/01/2026;33979.0;1.0;26/01/2026;3.0;Compra;210101;Proveedores;Acreedor;0.0000;715000.0000;5197517165.21;No
FA;65220;0001-00002682;26/01/2026;33979.0;1.0;26/01/2026;3.0;Compra;410213;Tramites;Deudor;590909.0900;0.0000;6919588.15;No
FA;65222;0001-00002671;22/01/2026;33980.0;1.0;22/01/2026;3.0;Compra;110401;IVA Crédito Fiscal;Deudor;75582.6500;0.0000;-630890174.63;No
FA;65222;0001-00002671;22/01/2026;33980.0;1.0;22/01/2026;3.0;Compra;210101;Proveedores;Acreedor;0.0000;435500.0100;5197952665.22;No
FA;65222;0001-00002671;22/01/2026;33980.0;1.0;22/01/2026;3.0;Compra;410272;Contador;Deudor;359917.3600;0.0000;17994974.74;No
FA;68689;0070-00405127;24/02/2026;33989.0;1.0;24/02/2026;3.0;Compra;110401;IVA Crédito Fiscal;Deudor;10448468.4300;0.0000;-620441706.20;No
FA;68689;0070-00405127;24/02/2026;33989.0;1.0;24/02/2026;3.0;Compra;110402;I.B. - Percepcion Bs As;Deudor;796073.8000;0.0000;5141395.10;No
FA;68689;0070-00405127;24/02/2026;33989.0;1.0;24/02/2026;3.0;Compra;110501;Mercaderias de Reventas;Deudor;49754611.5600;0.0000;6814118526.55;No
FA;68689;0070-00405127;24/02/2026;33989.0;1.0;24/02/2026;3.0;Compra;210101;Proveedores;Acreedor;0.0000;63362497.8300;5000458154.52;No
FA;68689;0070-00405127;24/02/2026;33989.0;1.0;24/02/2026;3.0;Compra;110406;IVA Percepciones;Deudor;1492638.3600;0.0000;12663672.93;No
FA;68689;0070-00405127;24/02/2026;33989.0;1.0;24/02/2026;3.0;Compra;110420;I.B.Percepciones (CABA);Deudor;248773.0300;0.0000;25719951.80;No
FA;68689;0070-00405127;24/02/2026;33989.0;1.0;24/02/2026;3.0;Compra;110432;I.B.Percepciones (Sta Fe);Deudor;621932.6500;0.0000;-4291245.64;No
FA;68995;0007-00015543;25/02/2026;33990.0;1.0;25/02/2026;3.0;Compra;110401;IVA Crédito Fiscal;Deudor;120750.0000;0.0000;-620320956.20;No
FA;68995;0007-00015543;25/02/2026;33990.0;1.0;25/02/2026;3.0;Compra;210101;Proveedores;Acreedor;0.0000;695750.0000;5001153904.52;No
FA;68995;0007-00015543;25/02/2026;33990.0;1.0;25/02/2026;3.0;Compra;410301;Publicidad y Marketing;Deudor;575000.0000;0.0000;103932034.06;No
FA;69257;1200-00070468;26/02/2026;33992.0;1.0;26/02/2026;3.0;Compra;110401;IVA Crédito Fiscal;Deudor;3537944.6300;0.0000;-616783011.57;No
FA;69257;1200-00070468;26/02/2026;33992.0;1.0;26/02/2026;3.0;Compra;110402;I.B. - Percepcion Bs As;Deudor;269557.6900;0.0000;5410952.79;No
FA;69257;1200-00070468;26/02/2026;33992.0;1.0;26/02/2026;3.0;Compra;110501;Mercaderias de Reventas;Deudor;16847355.3800;0.0000;6830965881.93;No
FA;69257;1200-00070468;26/02/2026;33992.0;1.0;26/02/2026;3.0;Compra;210101;Proveedores;Acreedor;0.0000;20949686.4200;5021407840.94;No
FA;69257;1200-00070468;26/02/2026;33992.0;1.0;26/02/2026;3.0;Compra;110420;I.B.Percepciones (CABA);Deudor;84236.7800;0.0000;25804188.58;No
FA;69257;1200-00070468;26/02/2026;33992.0;1.0;26/02/2026;3.0;Compra;110432;I.B.Percepciones (Sta Fe);Deudor;210591.9400;0.0000;-4080653.70;No
FA;69269;0100-00036311;26/02/2026;33993.0;1.0;26/02/2026;3.0;Compra;110401;IVA Crédito Fiscal;Deudor;762247.9600;0.0000;-616020763.61;No
FA;69269;0100-00036311;26/02/2026;33993.0;1.0;26/02/2026;3.0;Compra;110402;I.B. - Percepcion Bs As;Deudor;58076.0400;0.0000;5469028.83;No
FA;69269;0100-00036311;26/02/2026;33993.0;1.0;26/02/2026;3.0;Compra;110501;Mercaderias de Reventas;Deudor;3727973.5000;0.0000;6834693855.43;No
FA;69269;0100-00036311;26/02/2026;33993.0;1.0;26/02/2026;3.0;Compra;210101;Proveedores;Acreedor;0.0000;4468224.9600;5025876065.90;No
FA;69269;0100-00036311;26/02/2026;33993.0;1.0;26/02/2026;3.0;Compra;420201;Descuentos Obtenidos;Acreedor;0.0000;98221.3000;2275497458.75;No
FA;69269;0100-00036311;26/02/2026;33993.0;1.0;26/02/2026;3.0;Compra;110420;I.B.Percepciones (CABA);Deudor;18148.7600;0.0000;25822337.34;No
FA;70266;0005-00037785;03/03/2026;33996.0;1.0;03/03/2026;3.0;Compra;110401;IVA Crédito Fiscal;Deudor;106214.8800;0.0000;-615914548.73;No
FA;70266;0005-00037785;03/03/2026;33996.0;1.0;03/03/2026;3.0;Compra;210101;Proveedores;Acreedor;0.0000;612000.0000;5013383068.01;No
FA;70266;0005-00037785;03/03/2026;33996.0;1.0;03/03/2026;3.0;Compra;410240;Supermercado;Deudor;505785.1200;0.0000;6655519.21;No
FA;71011;0048-00014506;10/03/2026;33998.0;1.0;10/03/2026;3.0;Compra;110401;IVA Crédito Fiscal;Deudor;13780.8700;0.0000;-615900767.86;No
FA;71011;0048-00014506;10/03/2026;33998.0;1.0;10/03/2026;3.0;Compra;210101;Proveedores;Acreedor;0.0000;79732.1600;5012850800.17;No
FA;71011;0048-00014506;10/03/2026;33998.0;1.0;10/03/2026;3.0;Compra;410211;Art.de Libreria;Deudor;11400.0300;0.0000;1942593.69;No
FA;71011;0048-00014506;10/03/2026;33998.0;1.0;10/03/2026;3.0;Compra;410269;Resmas;Deudor;54223.1400;0.0000;154628.10;No
FA;71011;0048-00014506;10/03/2026;33998.0;1.0;10/03/2026;3.0;Compra;110420;I.B.Percepciones (CABA);Deudor;328.1200;0.0000;25822665.46;No
FA;71053;0003-00001432;10/03/2026;34000.0;1.0;10/03/2026;3.0;Compra;110401;IVA Crédito Fiscal;Deudor;64050.0000;0.0000;-615836717.86;No
FA;71053;0003-00001432;10/03/2026;34000.0;1.0;10/03/2026;3.0;Compra;210101;Proveedores;Acreedor;0.0000;369050.0000;5013140118.01;No
FA;71053;0003-00001432;10/03/2026;34000.0;1.0;10/03/2026;3.0;Compra;410273;Abogado;Deudor;305000.0000;0.0000;7776719.18;No
FA;71056;0001-00000091;10/03/2026;34002.0;1.0;10/03/2026;3.0;Compra;110401;IVA Crédito Fiscal;Deudor;1060229.5200;0.0000;-614776488.34;No
FA;71056;0001-00000091;10/03/2026;34002.0;1.0;10/03/2026;3.0;Compra;210101;Proveedores;Acreedor;0.0000;6108941.5200;5018880009.53;No
FA;71056;0001-00000091;10/03/2026;34002.0;1.0;10/03/2026;3.0;Compra;410209;Alquiler;Deudor;5048712.0000;0.0000;215276478.23;No
FA;71059;0002-00000038;10/03/2026;34004.0;1.0;10/03/2026;3.0;Compra;110401;IVA Crédito Fiscal;Deudor;2670043.5300;0.0000;-612106444.81;No
FA;71059;0002-00000038;10/03/2026;34004.0;1.0;10/03/2026;3.0;Compra;210101;Proveedores;Acreedor;0.0000;15384536.5300;5028155604.54;No
FA;71059;0002-00000038;10/03/2026;34004.0;1.0;10/03/2026;3.0;Compra;410209;Alquiler;Deudor;12714493.0000;0.0000;227990971.23;No
FA;71061;0001-00001163;10/03/2026;34006.0;1.0;10/03/2026;3.0;Compra;110401;IVA Crédito Fiscal;Deudor;56578.5100;0.0000;-612049866.30;No
FA;71061;0001-00001163;10/03/2026;34006.0;1.0;10/03/2026;3.0;Compra;210101;Proveedores;Acreedor;0.0000;326000.0000;5013097068.01;No
FA;71061;0001-00001163;10/03/2026;34006.0;1.0;10/03/2026;3.0;Compra;410210;Mantenimiento Bs de Uso;Deudor;269421.4900;0.0000;234343707.77;No
FA;71065;0001-00001162;10/03/2026;34008.0;1.0;10/03/2026;3.0;Compra;110401;IVA Crédito Fiscal;Deudor;134018.1800;0.0000;-611915848.12;No
FA;71065;0001-00001162;10/03/2026;34008.0;1.0;10/03/2026;3.0;Compra;210101;Proveedores;Acreedor;0.0000;772200.0000;5013543268.01;No
FA;71065;0001-00001162;10/03/2026;34008.0;1.0;10/03/2026;3.0;Compra;410210;Mantenimiento Bs de Uso;Deudor;638181.8200;0.0000;234981889.59;No
FA;71084;0002-00000303;10/03/2026;34010.0;1.0;10/03/2026;3.0;Compra;110401;IVA Crédito Fiscal;Deudor;1399466.3100;0.0000;-610516381.81;No
FA;71084;0002-00000303;10/03/2026;34010.0;1.0;10/03/2026;3.0;Compra;210101;Proveedores;Acreedor;0.0000;8063591.6000;5020834659.61;No
FA;71084;0002-00000303;10/03/2026;34010.0;1.0;10/03/2026;3.0;Compra;410209;Alquiler;Deudor;6664125.2900;0.0000;234655096.52;No
FA;71283;0012-00171086;10/03/2026;34012.0;1.0;10/03/2026;3.0;Compra;110401;IVA Crédito Fiscal;Deudor;44084275.6400;0.0000;-566432106.17;No
FA;71283;0012-00171086;10/03/2026;34012.0;1.0;10/03/2026;3.0;Compra;110402;I.B. - Percepcion Bs As;Deudor;3358801.9500;0.0000;8827830.78;No
FA;71283;0012-00171086;10/03/2026;34012.0;1.0;10/03/2026;3.0;Compra;110501;Mercaderias de Reventas;Deudor;209925122.0800;0.0000;7044618977.51;No
FA;71283;0012-00171086;10/03/2026;34012.0;1.0;10/03/2026;3.0;Compra;210101;Proveedores;Acreedor;0.0000;258417825.2800;5271188893.29;No
FA;71283;0012-00171086;10/03/2026;34012.0;1.0;10/03/2026;3.0;Compra;110420;I.B.Percepciones (CABA);Deudor;1049625.6100;0.0000;26872291.07;No
FA;71300;0001-00000229;10/03/2026;34013.0;1.0;10/03/2026;3.0;Compra;110401;IVA Crédito Fiscal;Deudor;648823.9700;0.0000;-565783282.20;No
FA;71300;0001-00000229;10/03/2026;34013.0;1.0;10/03/2026;3.0;Compra;210101;Proveedores;Acreedor;0.0000;3738461.9200;5274927355.21;No
FA;71300;0001-00000229;10/03/2026;34013.0;1.0;10/03/2026;3.0;Compra;410270;Abonos;Deudor;3089637.9500;0.0000;78347715.95;No
FA;71304;0001-00000317;10/03/2026;34015.0;1.0;10/03/2026;3.0;Compra;110401;IVA Crédito Fiscal;Deudor;667639.8900;0.0000;-565115642.31;No
FA;71304;0001-00000317;10/03/2026;34015.0;1.0;10/03/2026;3.0;Compra;210101;Proveedores;Acreedor;0.0000;3846877.4400;5275035770.73;No
FA;71304;0001-00000317;10/03/2026;34015.0;1.0;10/03/2026;3.0;Compra;410270;Abonos;Deudor;3179237.5500;0.0000;81526953.50;No
FA;71832;1200-00070620;11/03/2026;34031.0;1.0;11/03/2026;3.0;Compra;110401;IVA Crédito Fiscal;Deudor;1319702.5000;0.0000;-563795939.81;No
FA;71832;1200-00070620;11/03/2026;34031.0;1.0;11/03/2026;3.0;Compra;110402;I.B. - Percepcion Bs As;Deudor;100548.7600;0.0000;8928379.54;No
FA;71832;1200-00070620;11/03/2026;34031.0;1.0;11/03/2026;3.0;Compra;110501;Mercaderias de Reventas;Deudor;6284297.6000;0.0000;7050903275.11;No
FA;71832;1200-00070620;11/03/2026;34031.0;1.0;11/03/2026;3.0;Compra;210101;Proveedores;Acreedor;0.0000;7814524.0700;5279003417.36;No
FA;71832;1200-00070620;11/03/2026;34031.0;1.0;11/03/2026;3.0;Compra;110420;I.B.Percepciones (CABA);Deudor;31421.4900;0.0000;26903712.56;No
FA;71832;1200-00070620;11/03/2026;34031.0;1.0;11/03/2026;3.0;Compra;110432;I.B.Percepciones (Sta Fe);Deudor;78553.7200;0.0000;-4002099.98;No
FA;71861;0012-00171125;11/03/2026;34032.0;1.0;11/03/2026;3.0;Compra;110401;IVA Crédito Fiscal;Deudor;85233059.9400;0.0000;-478562879.87;No
FA;71861;0012-00171125;11/03/2026;34032.0;1.0;11/03/2026;3.0;Compra;110402;I.B. - Percepcion Bs As;Deudor;6493947.4200;0.0000;15422326.96;No
FA;71861;0012-00171125;11/03/2026;34032.0;1.0;11/03/2026;3.0;Compra;110501;Mercaderias de Reventas;Deudor;405871714.0200;0.0000;7456774989.13;No
FA;71861;0012-00171125;11/03/2026;34032.0;1.0;11/03/2026;3.0;Compra;210101;Proveedores;Acreedor;0.0000;499628079.9500;5778631497.31;No
FA;71861;0012-00171125;11/03/2026;34032.0;1.0;11/03/2026;3.0;Compra;110420;I.B.Percepciones (CABA);Deudor;2029358.5700;0.0000;28933071.13;No
FA;71862;0012-00171088;11/03/2026;34033.0;1.0;11/03/2026;3.0;Compra;110401;IVA Crédito Fiscal;Deudor;21469000.7700;0.0000;-457093879.10;No
FA;71862;0012-00171088;11/03/2026;34033.0;1.0;11/03/2026;3.0;Compra;110402;I.B. - Percepcion Bs As;Deudor;1635733.3900;0.0000;17058060.35;No
FA;71862;0012-00171088;11/03/2026;34033.0;1.0;11/03/2026;3.0;Compra;110501;Mercaderias de Reventas;Deudor;102233337.0000;0.0000;7559008326.13;No
FA;71862;0012-00171088;11/03/2026;34033.0;1.0;11/03/2026;3.0;Compra;210101;Proveedores;Acreedor;0.0000;125849237.8500;5904480735.16;No
FA;71862;0012-00171088;11/03/2026;34033.0;1.0;11/03/2026;3.0;Compra;110420;I.B.Percepciones (CABA);Deudor;511166.6900;0.0000;29444237.82;No
FA;71916;0005-00000221;11/03/2026;34034.0;1.0;11/03/2026;3.0;Compra;110401;IVA Crédito Fiscal;Deudor;526616.5600;0.0000;-456567262.54;No
FA;71916;0005-00000221;11/03/2026;34034.0;1.0;11/03/2026;3.0;Compra;110501;Mercaderias de Reventas;Deudor;2507697.9000;0.0000;7561516024.03;No
FA;71916;0005-00000221;11/03/2026;34034.0;1.0;11/03/2026;3.0;Compra;210101;Proveedores;Acreedor;0.0000;3034314.4600;5907515049.62;No
FA;72710;0012-00171057;16/03/2026;34035.0;1.0;16/03/2026;3.0;Compra;110401;IVA Crédito Fiscal;Deudor;15851.1400;0.0000;-456551411.40;No
FA;72710;0012-00171057;16/03/2026;34035.0;1.0;16/03/2026;3.0;Compra;110402;I.B. - Percepcion Bs As;Deudor;1207.7100;0.0000;17059268.06;No
FA;72710;0012-00171057;16/03/2026;34035.0;1.0;16/03/2026;3.0;Compra;110501;Mercaderias de Reventas;Deudor;75481.6100;0.0000;7561591505.64;No
FA;72710;0012-00171057;16/03/2026;34035.0;1.0;16/03/2026;3.0;Compra;210101;Proveedores;Acreedor;0.0000;92917.8700;5907607967.49;No
FA;72710;0012-00171057;16/03/2026;34035.0;1.0;16/03/2026;3.0;Compra;110420;I.B.Percepciones (CABA);Deudor;377.4100;0.0000;29444615.23;No
FA;73003;1200-00070716;16/03/2026;34036.0;1.0;16/03/2026;3.0;Compra;110401;IVA Crédito Fiscal;Deudor;363074.3800;0.0000;-456188337.02;No
FA;73003;1200-00070716;16/03/2026;34036.0;1.0;16/03/2026;3.0;Compra;110402;I.B. - Percepcion Bs As;Deudor;27662.8100;0.0000;17086930.87;No
FA;73003;1200-00070716;16/03/2026;34036.0;1.0;16/03/2026;3.0;Compra;110501;Mercaderias de Reventas;Deudor;1728925.6000;0.0000;7563320431.24;No
FA;73003;1200-00070716;16/03/2026;34036.0;1.0;16/03/2026;3.0;Compra;210101;Proveedores;Acreedor;0.0000;2149918.9900;5909757886.48;No
FA;73003;1200-00070716;16/03/2026;34036.0;1.0;16/03/2026;3.0;Compra;110420;I.B.Percepciones (CABA);Deudor;8644.6300;0.0000;29453259.86;No
FA;73003;1200-00070716;16/03/2026;34036.0;1.0;16/03/2026;3.0;Compra;110432;I.B.Percepciones (Sta Fe);Deudor;21611.5700;0.0000;-3980488.41;No
FA;73326;0070-00409638;19/03/2026;34037.0;1.0;19/03/2026;3.0;Compra;110401;IVA Crédito Fiscal;Deudor;3910736.0500;0.0000;-452277600.97;No
FA;73326;0070-00409638;19/03/2026;34037.0;1.0;19/03/2026;3.0;Compra;110402;I.B. - Percepcion Bs As;Deudor;297960.8400;0.0000;17384891.71;No
FA;73326;0070-00409638;19/03/2026;34037.0;1.0;19/03/2026;3.0;Compra;110501;Mercaderias de Reventas;Deudor;18622552.6100;0.0000;7581942983.85;No
FA;73326;0070-00409638;19/03/2026;34037.0;1.0;19/03/2026;3.0;Compra;210101;Proveedores;Acreedor;0.0000;23715820.7500;5933473707.23;No
FA;73326;0070-00409638;19/03/2026;34037.0;1.0;19/03/2026;3.0;Compra;110406;IVA Percepciones;Deudor;558676.5800;0.0000;13222349.51;No
FA;73326;0070-00409638;19/03/2026;34037.0;1.0;19/03/2026;3.0;Compra;110420;I.B.Percepciones (CABA);Deudor;93112.7600;0.0000;29546372.62;No
FA;73326;0070-00409638;19/03/2026;34037.0;1.0;19/03/2026;3.0;Compra;110432;I.B.Percepciones (Sta Fe);Deudor;232781.9100;0.0000;-3747706.50;No
FA;73548;0004-00060130;20/03/2026;34044.0;1.0;20/03/2026;3.0;Compra;110401;IVA Crédito Fiscal;Deudor;126718.0700;0.0000;-452150882.90;No
FA;73548;0004-00060130;20/03/2026;34044.0;1.0;20/03/2026;3.0;Compra;110501;Mercaderias de Reventas;Deudor;603419.4000;0.0000;7582546403.25;No
FA;73548;0004-00060130;20/03/2026;34044.0;1.0;20/03/2026;3.0;Compra;210101;Proveedores;Acreedor;0.0000;730137.4700;5932406952.20;No
FA;74094;0002-00114713;25/03/2026;34046.0;1.0;25/03/2026;3.0;Compra;110401;IVA Crédito Fiscal;Deudor;43098.2200;0.0000;-452107784.68;No
FA;74094;0002-00114713;25/03/2026;34046.0;1.0;25/03/2026;3.0;Compra;210101;Proveedores;Acreedor;0.0000;248327.8300;5926270308.08;No
FA;74094;0002-00114713;25/03/2026;34046.0;1.0;25/03/2026;3.0;Compra;410270;Abonos;Deudor;205229.6100;0.0000;81732183.11;No
FA;74932;0070-00411001;27/03/2026;34049.0;1.0;27/03/2026;3.0;Compra;110401;IVA Crédito Fiscal;Deudor;13546950.3600;0.0000;-438560834.32;No
FA;74932;0070-00411001;27/03/2026;34049.0;1.0;27/03/2026;3.0;Compra;110402;I.B. - Percepcion Bs As;Deudor;1032148.5900;0.0000;18417040.30;No
FA;74932;0070-00411001;27/03/2026;34049.0;1.0;27/03/2026;3.0;Compra;110501;Mercaderias de Reventas;Deudor;64509287.4200;0.0000;7647055690.67;No
FA;74932;0070-00411001;27/03/2026;34049.0;1.0;27/03/2026;3.0;Compra;210101;Proveedores;Acreedor;0.0000;82152577.5400;5853303131.59;No
FA;74932;0070-00411001;27/03/2026;34049.0;1.0;27/03/2026;3.0;Compra;110406;IVA Percepciones;Deudor;1935278.6100;0.0000;15157628.12;No
FA;74932;0070-00411001;27/03/2026;34049.0;1.0;27/03/2026;3.0;Compra;110420;I.B.Percepciones (CABA);Deudor;322546.4500;0.0000;29868919.07;No
FA;74932;0070-00411001;27/03/2026;34049.0;1.0;27/03/2026;3.0;Compra;110432;I.B.Percepciones (Sta Fe);Deudor;806366.1100;0.0000;-2941340.39;No
FA;75952;0013-00096646;31/03/2026;34050.0;1.0;31/03/2026;3.0;Compra;110401;IVA Crédito Fiscal;Deudor;15164495.2500;0.0000;-423396339.07;No
FA;75952;0013-00096646;31/03/2026;34050.0;1.0;31/03/2026;3.0;Compra;110501;Mercaderias de Reventas;Deudor;72211882.1600;0.0000;7719267572.83;No
FA;75952;0013-00096646;31/03/2026;34050.0;1.0;31/03/2026;3.0;Compra;210101;Proveedores;Acreedor;0.0000;92070149.7400;5945373281.33;No
FA;75952;0013-00096646;31/03/2026;34050.0;1.0;31/03/2026;3.0;Compra;110406;IVA Percepciones;Deudor;2166356.4500;0.0000;17323984.57;No
FA;75952;0013-00096646;31/03/2026;34050.0;1.0;31/03/2026;3.0;Compra;110420;I.B.Percepciones (CABA);Deudor;361059.4200;0.0000;30229978.49;No
FA;75952;0013-00096646;31/03/2026;34050.0;1.0;31/03/2026;3.0;Compra;110432;I.B.Percepciones (Sta Fe);Deudor;2166356.4600;0.0000;-774983.93;No
FA;75954;0013-00096647;31/03/2026;34051.0;1.0;31/03/2026;3.0;Compra;110401;IVA Crédito Fiscal;Deudor;7046045.9400;0.0000;-416350293.13;No
FA;75954;0013-00096647;31/03/2026;34051.0;1.0;31/03/2026;3.0;Compra;110501;Mercaderias de Reventas;Deudor;33552599.7200;0.0000;7752820172.55;No
FA;75954;0013-00096647;31/03/2026;34051.0;1.0;31/03/2026;3.0;Compra;210101;Proveedores;Acreedor;0.0000;42779564.6500;5988152845.98;No
FA;75954;0013-00096647;31/03/2026;34051.0;1.0;31/03/2026;3.0;Compra;110406;IVA Percepciones;Deudor;1006577.9900;0.0000;18330562.56;No
FA;75954;0013-00096647;31/03/2026;34051.0;1.0;31/03/2026;3.0;Compra;110420;I.B.Percepciones (CABA);Deudor;167763.0100;0.0000;30397741.50;No
FA;75954;0013-00096647;31/03/2026;34051.0;1.0;31/03/2026;3.0;Compra;110432;I.B.Percepciones (Sta Fe);Deudor;1006577.9900;0.0000;231594.06;No
FA;76610;0100-00036429;30/03/2026;34054.0;1.0;30/03/2026;3.0;Compra;110401;IVA Crédito Fiscal;Deudor;965300.5500;0.0000;-415384992.58;No
FA;76610;0100-00036429;30/03/2026;34054.0;1.0;30/03/2026;3.0;Compra;110402;I.B. - Percepcion Bs As;Deudor;73546.7100;0.0000;18490587.01;No
FA;76610;0100-00036429;30/03/2026;34054.0;1.0;30/03/2026;3.0;Compra;110501;Mercaderias de Reventas;Deudor;4596669.3000;0.0000;7757416841.85;No
FA;76610;0100-00036429;30/03/2026;34054.0;1.0;30/03/2026;3.0;Compra;210101;Proveedores;Acreedor;0.0000;5658499.9100;5858961631.50;No
FA;76610;0100-00036429;30/03/2026;34054.0;1.0;30/03/2026;3.0;Compra;110420;I.B.Percepciones (CABA);Deudor;22983.3500;0.0000;30420724.85;No
FA;76611;0001-00000031;31/03/2026;34055.0;1.0;31/03/2026;3.0;Compra;110401;IVA Crédito Fiscal;Deudor;451500000.0000;0.0000;36115007.42;No
FA;76611;0001-00000031;31/03/2026;34055.0;1.0;31/03/2026;3.0;Compra;110501;Mercaderias de Reventas;Deudor;2150000000.0000;0.0000;9907416841.85;No
FA;76611;0001-00000031;31/03/2026;34055.0;1.0;31/03/2026;3.0;Compra;210101;Proveedores;Acreedor;0.0000;2601500000.0000;8460461631.50;No
FA;76856;0048-00014730;08/04/2026;16286.0;2.0;08/04/2026;3.0;Compra;110401;IVA Crédito Fiscal;Deudor;14241.6500;0.0000;1018639750.43;No
FA;76856;0048-00014730;08/04/2026;16286.0;2.0;08/04/2026;3.0;Compra;210101;Proveedores;Acreedor;0.0000;82398.1100;2180711077.91;No
FA;76856;0048-00014730;08/04/2026;16286.0;2.0;08/04/2026;3.0;Compra;410211;Art.de Libreria;Deudor;18726.3500;0.0000;1236321.26;No
FA;76856;0048-00014730;08/04/2026;16286.0;2.0;08/04/2026;3.0;Compra;410269;Resmas;Deudor;49091.0200;0.0000;202165.48;No
FA;76856;0048-00014730;08/04/2026;16286.0;2.0;08/04/2026;3.0;Compra;110420;I.B.Percepciones (CABA);Deudor;339.0900;0.0000;18418155.04;No
FA;79305;0001-00000413;16/04/2026;16288.0;2.0;16/04/2026;3.0;Compra;110401;IVA Crédito Fiscal;Deudor;687001.4300;0.0000;1019326751.86;No
FA;79305;0001-00000413;16/04/2026;16288.0;2.0;16/04/2026;3.0;Compra;210101;Proveedores;Acreedor;0.0000;3958436.8100;2184587116.61;No
FA;79305;0001-00000413;16/04/2026;16288.0;2.0;16/04/2026;3.0;Compra;410270;Abonos;Deudor;3271435.3800;0.0000;27182100.29;No
FA;79306;0002-00000306;16/04/2026;16289.0;2.0;16/04/2026;3.0;Compra;110401;IVA Crédito Fiscal;Deudor;1531607.9800;0.0000;1020858359.84;No
FA;79306;0002-00000306;16/04/2026;16289.0;2.0;16/04/2026;3.0;Compra;210101;Proveedores;Acreedor;0.0000;8824979.3300;2193412095.94;No
FA;79306;0002-00000306;16/04/2026;16289.0;2.0;16/04/2026;3.0;Compra;410209;Alquiler;Deudor;7293371.3500;0.0000;50881751.05;No
FA;83130;0100-00036527;30/04/2026;16296.0;2.0;30/04/2026;3.0;Compra;110401;IVA Crédito Fiscal;Deudor;619323.8200;0.0000;1021477683.66;No
FA;83130;0100-00036527;30/04/2026;16296.0;2.0;30/04/2026;3.0;Compra;110402;I.B. - Percepcion Bs As;Deudor;47186.5800;0.0000;65310482.75;No
FA;83130;0100-00036527;30/04/2026;16296.0;2.0;30/04/2026;3.0;Compra;110501;Mercaderias de Reventas;Deudor;2949161.0700;0.0000;-333469120743.10;No
FA;83130;0100-00036527;30/04/2026;16296.0;2.0;30/04/2026;3.0;Compra;210101;Proveedores;Acreedor;0.0000;3630417.2800;2114420374.29;No
FA;83130;0100-00036527;30/04/2026;16296.0;2.0;30/04/2026;3.0;Compra;110420;I.B.Percepciones (CABA);Deudor;14745.8100;0.0000;18432900.85;No
FA;88363;0001-00002735;19/05/2026;16297.0;2.0;19/05/2026;3.0;Compra;210101;Proveedores;Acreedor;0.0000;10000.0000;2114430374.29;No
FA;88363;0001-00002735;19/05/2026;16297.0;2.0;19/05/2026;3.0;Compra;410272;Contador;Deudor;10000.0000;0.0000;451680.03;No
FA;88364;0001-00002756;19/05/2026;16298.0;2.0;19/05/2026;3.0;Compra;110401;IVA Crédito Fiscal;Deudor;80008.2700;0.0000;1021557691.93;No
FA;88364;0001-00002756;19/05/2026;16298.0;2.0;19/05/2026;3.0;Compra;210101;Proveedores;Acreedor;0.0000;461000.0100;2114891374.30;No
FA;88364;0001-00002756;19/05/2026;16298.0;2.0;19/05/2026;3.0;Compra;410272;Contador;Deudor;380991.7400;0.0000;832671.77;No
FA;93061;0001-00002838;04/06/2026;16301.0;2.0;04/06/2026;3.0;Compra;110401;IVA Crédito Fiscal;Deudor;84850.4100;0.0000;1021642542.34;No
FA;93061;0001-00002838;04/06/2026;16301.0;2.0;04/06/2026;3.0;Compra;210101;Proveedores;Acreedor;0.0000;488900.0000;2113085000.30;No
FA;93061;0001-00002838;04/06/2026;16301.0;2.0;04/06/2026;3.0;Compra;410272;Contador;Deudor;404049.5900;0.0000;1236721.36;No
FA;93072;0012-00172453;27/05/2026;16303.0;2.0;27/05/2026;3.0;Compra;110401;IVA Crédito Fiscal;Deudor;2126853.3400;0.0000;1023769395.68;No
FA;93072;0012-00172453;27/05/2026;16303.0;2.0;27/05/2026;3.0;Compra;110402;I.B. - Percepcion Bs As;Deudor;364603.4300;0.0000;65675086.18;No
FA;93072;0012-00172453;27/05/2026;16303.0;2.0;27/05/2026;3.0;Compra;110501;Mercaderias de Reventas;Deudor;10127873.0700;0.0000;-333458992870.03;No
FA;93072;0012-00172453;27/05/2026;16303.0;2.0;27/05/2026;3.0;Compra;210101;Proveedores;Acreedor;0.0000;12796567.6200;2125392667.92;No
FA;93072;0012-00172453;27/05/2026;16303.0;2.0;27/05/2026;3.0;Compra;110420;I.B.Percepciones (CABA);Deudor;50639.3700;0.0000;18483540.22;No
FA;93072;0012-00172453;27/05/2026;16303.0;2.0;27/05/2026;3.0;Compra;110432;I.B.Percepciones (Sta Fe);Deudor;126598.4100;0.0000;40478815.40;No
FA;98881;0048-00015380;23/06/2026;16304.0;2.0;23/06/2026;3.0;Compra;110401;IVA Crédito Fiscal;Deudor;12318.8700;0.0000;1023781714.55;No
FA;98881;0048-00015380;23/06/2026;16304.0;2.0;23/06/2026;3.0;Compra;210101;Proveedores;Acreedor;0.0000;71273.4700;2125463941.39;No
FA;98881;0048-00015380;23/06/2026;16304.0;2.0;23/06/2026;3.0;Compra;410211;Art.de Libreria;Deudor;6669.5500;0.0000;1242990.81;No
FA;98881;0048-00015380;23/06/2026;16304.0;2.0;23/06/2026;3.0;Compra;410269;Resmas;Deudor;51991.7400;0.0000;254157.22;No
FA;98881;0048-00015380;23/06/2026;16304.0;2.0;23/06/2026;3.0;Compra;110420;I.B.Percepciones (CABA);Deudor;293.3100;0.0000;18483833.53;No
FA;102726;0048-00015473;02/07/2026;16305.0;2.0;02/07/2026;3.0;Compra;110401;IVA Crédito Fiscal;Deudor;12319.3700;0.0000;1023794033.92;No
FA;102726;0048-00015473;02/07/2026;16305.0;2.0;02/07/2026;3.0;Compra;110402;I.B. - Percepcion Bs As;Deudor;293.3200;0.0000;65675379.50;No
FA;102726;0048-00015473;02/07/2026;16305.0;2.0;02/07/2026;3.0;Compra;210101;Proveedores;Acreedor;0.0000;71276.3500;2125535217.74;No
FA;102726;0048-00015473;02/07/2026;16305.0;2.0;02/07/2026;3.0;Compra;410211;Art.de Libreria;Deudor;6604.9800;0.0000;1249595.79;No
FA;102726;0048-00015473;02/07/2026;16305.0;2.0;02/07/2026;3.0;Compra;410269;Resmas;Deudor;52058.6800;0.0000;306215.90;No
FA;104376;0005-00039118;02/07/2026;16307.0;2.0;02/07/2026;3.0;Compra;110401;IVA Crédito Fiscal;Deudor;93233.0700;0.0000;1023887266.99;No
FA;104376;0005-00039118;02/07/2026;16307.0;2.0;02/07/2026;3.0;Compra;210101;Proveedores;Acreedor;0.0000;537200.0700;2126001141.46;No
FA;104376;0005-00039118;02/07/2026;16307.0;2.0;02/07/2026;3.0;Compra;410265;IVESS;Deudor;443967.0000;0.0000;2051239.78;No
FC;21575;0002-00000285;27/08/2025;33790.0;1.0;27/08/2025;3.0;Compra;210101;Proveedores;Acreedor;0.0000;1249725.0000;2722109774.44;No
FC;21575;0002-00000285;27/08/2025;33790.0;1.0;27/08/2025;3.0;Compra;410245;Honorarios por Asesoramiento;Deudor;1249725.0000;0.0000;35440921.61;No
FC;21679;0001-00000227;27/08/2025;33799.0;1.0;27/08/2025;3.0;Compra;210101;Proveedores;Acreedor;0.0000;330000.0000;2721190049.44;No
FC;21679;0001-00000227;27/08/2025;33799.0;1.0;27/08/2025;3.0;Compra;410301;Publicidad y Marketing;Deudor;330000.0000;0.0000;82054871.26;No
FC;21692;0003-00000612;27/08/2025;33801.0;1.0;27/08/2025;3.0;Compra;210101;Proveedores;Acreedor;0.0000;856863.0000;2721716912.44;No
FC;21692;0003-00000612;27/08/2025;33801.0;1.0;27/08/2025;3.0;Compra;410245;Honorarios por Asesoramiento;Deudor;856863.0000;0.0000;36297784.61;No
FC;21694;0003-00000613;27/08/2025;33802.0;1.0;27/08/2025;3.0;Compra;210101;Proveedores;Acreedor;0.0000;856863.0000;2722573775.44;No
FC;21694;0003-00000613;27/08/2025;33802.0;1.0;27/08/2025;3.0;Compra;410245;Honorarios por Asesoramiento;Deudor;856863.0000;0.0000;37154647.61;No
FC;21714;0003-00000614;27/08/2025;33807.0;1.0;27/08/2025;3.0;Compra;210101;Proveedores;Acreedor;0.0000;1014447.0000;2721874496.44;No
FC;21714;0003-00000614;27/08/2025;33807.0;1.0;27/08/2025;3.0;Compra;410245;Honorarios por Asesoramiento;Deudor;1014447.0000;0.0000;38169094.61;No
FC;22177;0002-00000073;28/08/2025;33812.0;1.0;28/08/2025;3.0;Compra;210101;Proveedores;Acreedor;0.0000;600000.0000;2694963161.29;No
FC;22177;0002-00000073;28/08/2025;33812.0;1.0;28/08/2025;3.0;Compra;410245;Honorarios por Asesoramiento;Deudor;600000.0000;0.0000;38769094.61;No
FC;29314;0002-00000075;19/09/2025;33829.0;1.0;19/09/2025;3.0;Compra;210101;Proveedores;Acreedor;0.0000;850000.0000;4599016792.35;No
FC;29314;0002-00000075;19/09/2025;33829.0;1.0;19/09/2025;3.0;Compra;410213;Tramites;Deudor;850000.0000;0.0000;6306679.06;No
FC;33966;0002-00000076;30/09/2025;33849.0;1.0;30/09/2025;3.0;Compra;210101;Proveedores;Acreedor;0.0000;425000.0000;4616950546.22;No
FC;33966;0002-00000076;30/09/2025;33849.0;1.0;30/09/2025;3.0;Compra;410245;Honorarios por Asesoramiento;Deudor;425000.0000;0.0000;40528805.35;No
FC;39262;0001-00000017;24/10/2025;33864.0;1.0;24/10/2025;3.0;Compra;210101;Proveedores;Acreedor;0.0000;500000.0000;4654488330.03;No
FC;39262;0001-00000017;24/10/2025;33864.0;1.0;24/10/2025;3.0;Compra;410330;Comisiones Vendedores de Calle;Deudor;500000.0000;0.0000;79088715.09;No
FC;43496;0001-00000005;07/11/2025;33879.0;1.0;07/11/2025;3.0;Compra;210101;Proveedores;Acreedor;0.0000;660000.0000;4736763968.59;No
FC;43496;0001-00000005;07/11/2025;33879.0;1.0;07/11/2025;3.0;Compra;410801;Trabajos de impresion;Deudor;660000.0000;0.0000;2883800.00;No
FC;43500;0001-00000013;07/11/2025;33880.0;1.0;07/11/2025;3.0;Compra;210101;Proveedores;Acreedor;0.0000;700000.0000;4737463968.59;No
FC;43500;0001-00000013;07/11/2025;33880.0;1.0;07/11/2025;3.0;Compra;410301;Publicidad y Marketing;Deudor;700000.0000;0.0000;101228034.06;No
FC;57500;0002-00000235;29/12/2025;33922.0;1.0;29/12/2025;3.0;Compra;210101;Proveedores;Acreedor;0.0000;2000000.0000;4925686417.37;No
FC;57500;0002-00000235;29/12/2025;33922.0;1.0;29/12/2025;3.0;Compra;410330;Comisiones Vendedores de Calle;Deudor;2000000.0000;0.0000;81088715.09;No
FC;57501;0002-00000041;29/12/2025;33923.0;1.0;29/12/2025;3.0;Compra;210101;Proveedores;Acreedor;0.0000;1500000.0000;4927186417.37;No
FC;57501;0002-00000041;29/12/2025;33923.0;1.0;29/12/2025;3.0;Compra;410330;Comisiones Vendedores de Calle;Deudor;1500000.0000;0.0000;82588715.09;No
FC;57502;0002-00000068;29/12/2025;33924.0;1.0;29/12/2025;3.0;Compra;210101;Proveedores;Acreedor;0.0000;500000.0000;4927686417.37;No
FC;57502;0002-00000068;29/12/2025;33924.0;1.0;29/12/2025;3.0;Compra;410330;Comisiones Vendedores de Calle;Deudor;500000.0000;0.0000;83088715.09;No
FC;57503;0001-00000092;29/12/2025;33925.0;1.0;29/12/2025;3.0;Compra;210101;Proveedores;Acreedor;0.0000;300000.0000;4927986417.37;No
FC;57503;0001-00000092;29/12/2025;33925.0;1.0;29/12/2025;3.0;Compra;410330;Comisiones Vendedores de Calle;Deudor;300000.0000;0.0000;83388715.09;No
FC;57504;0001-00000020;29/12/2025;33926.0;1.0;29/12/2025;3.0;Compra;210101;Proveedores;Acreedor;0.0000;300000.0000;4928286417.37;No
FC;57504;0001-00000020;29/12/2025;33926.0;1.0;29/12/2025;3.0;Compra;410330;Comisiones Vendedores de Calle;Deudor;300000.0000;0.0000;83688715.09;No
FC;57505;0001-00000018;29/12/2025;33927.0;1.0;29/12/2025;3.0;Compra;210101;Proveedores;Acreedor;0.0000;1500000.0000;4929786417.37;No
FC;57505;0001-00000018;29/12/2025;33927.0;1.0;29/12/2025;3.0;Compra;410330;Comisiones Vendedores de Calle;Deudor;1500000.0000;0.0000;85188715.09;No
FC;57506;0001-00000092;29/12/2025;33928.0;1.0;29/12/2025;3.0;Compra;210101;Proveedores;Acreedor;0.0000;500000.0000;4930286417.37;No
FC;57506;0001-00000092;29/12/2025;33928.0;1.0;29/12/2025;3.0;Compra;410330;Comisiones Vendedores de Calle;Deudor;500000.0000;0.0000;85688715.09;No
FC;57510;0003-00000642;29/12/2025;33929.0;1.0;29/12/2025;3.0;Compra;210101;Proveedores;Acreedor;0.0000;401850.0000;4930688267.37;No
FC;57510;0003-00000642;29/12/2025;33929.0;1.0;29/12/2025;3.0;Compra;410245;Honorarios por Asesoramiento;Deudor;401850.0000;0.0000;40930655.35;No
FC;69959;0001-00000153;02/03/2026;33995.0;1.0;02/03/2026;3.0;Compra;210101;Proveedores;Acreedor;0.0000;750000.0000;5012771068.01;No
FC;69959;0001-00000153;02/03/2026;33995.0;1.0;02/03/2026;3.0;Compra;410301;Publicidad y Marketing;Deudor;750000.0000;0.0000;104682034.06;No
FC;71308;0002-00000072;10/03/2026;34017.0;1.0;10/03/2026;3.0;Compra;210101;Proveedores;Acreedor;0.0000;500000.0000;5271688893.29;No
FC;71308;0002-00000072;10/03/2026;34017.0;1.0;10/03/2026;3.0;Compra;410330;Comisiones Vendedores de Calle;Deudor;500000.0000;0.0000;86188715.09;No
FC;71311;0001-00000659;10/03/2026;34019.0;1.0;10/03/2026;3.0;Compra;210101;Proveedores;Acreedor;0.0000;600000.0000;5271788893.29;No
FC;71311;0001-00000659;10/03/2026;34019.0;1.0;10/03/2026;3.0;Compra;410330;Comisiones Vendedores de Calle;Deudor;600000.0000;0.0000;86788715.09;No
FC;71315;0001-00000104;10/03/2026;34021.0;1.0;10/03/2026;3.0;Compra;210101;Proveedores;Acreedor;0.0000;300000.0000;5271488893.29;No
FC;71315;0001-00000104;10/03/2026;34021.0;1.0;10/03/2026;3.0;Compra;410330;Comisiones Vendedores de Calle;Deudor;300000.0000;0.0000;87088715.09;No
FC;71317;0002-00000243;10/03/2026;34023.0;1.0;10/03/2026;3.0;Compra;210101;Proveedores;Acreedor;0.0000;1500000.0000;5272688893.29;No
FC;71317;0002-00000243;10/03/2026;34023.0;1.0;10/03/2026;3.0;Compra;410330;Comisiones Vendedores de Calle;Deudor;1500000.0000;0.0000;88588715.09;No
FC;71321;0002-00000046;10/03/2026;34025.0;1.0;10/03/2026;3.0;Compra;210101;Proveedores;Acreedor;0.0000;2000000.0000;5273188893.29;No
FC;71321;0002-00000046;10/03/2026;34025.0;1.0;10/03/2026;3.0;Compra;410330;Comisiones Vendedores de Calle;Deudor;2000000.0000;0.0000;90588715.09;No
FC;71324;0001-00000099;10/03/2026;34027.0;1.0;10/03/2026;3.0;Compra;210101;Proveedores;Acreedor;0.0000;1500000.0000;5272688893.29;No
FC;71324;0001-00000099;10/03/2026;34027.0;1.0;10/03/2026;3.0;Compra;410330;Comisiones Vendedores de Calle;Deudor;1500000.0000;0.0000;92088715.09;No
FC;71327;0001-00000009;10/03/2026;34029.0;1.0;10/03/2026;3.0;Compra;210101;Proveedores;Acreedor;0.0000;660000.0000;5271848893.29;No
FC;71327;0001-00000009;10/03/2026;34029.0;1.0;10/03/2026;3.0;Compra;410301;Publicidad y Marketing;Deudor;660000.0000;0.0000;105342034.06;No
OP;10933;0200-00000008;10/07/2025;33759.0;1.0;10/07/2025;7.0;Pago;110101;Caja Huidobro;Deudor;0.0000;218942.9000;1549546551.47;No
OP;10933;0200-00000008;10/07/2025;33759.0;1.0;10/07/2025;7.0;Pago;210807;Autonomos;Acreedor;218942.9000;0.0000;-218942.90;No
OP;10952;0002-00006099;10/07/2025;33760.0;1.0;10/07/2025;7.0;Pago;110101;Caja Huidobro;Deudor;0.0000;353920.0000;1549192631.47;No
OP;10952;0002-00006099;10/07/2025;33760.0;1.0;10/07/2025;7.0;Pago;410220;Service Rodados;Deudor;353920.0000;0.0000;5106421.41;No
OP;10953;0002-00006100;10/07/2025;33761.0;1.0;10/07/2025;7.0;Pago;110101;Caja Huidobro;Deudor;0.0000;2462.0000;1549190169.47;No
OP;10953;0002-00006100;10/07/2025;33761.0;1.0;10/07/2025;7.0;Pago;410217;Insumos Ferreteria Deposito;Deudor;2462.0000;0.0000;8307570.11;No
OP;10955;0002-00006102;10/07/2025;33762.0;1.0;10/07/2025;7.0;Pago;110101;Caja Huidobro;Deudor;0.0000;40000.0000;1549150169.47;No
OP;10955;0002-00006102;10/07/2025;33762.0;1.0;10/07/2025;7.0;Pago;410217;Insumos Ferreteria Deposito;Deudor;40000.0000;0.0000;8347570.11;No
OP;11216;0200-00000018;14/07/2025;33764.0;1.0;14/07/2025;7.0;Pago;110101;Caja Huidobro;Deudor;0.0000;199460.0000;1548950709.47;No
OP;11216;0200-00000018;14/07/2025;33764.0;1.0;14/07/2025;7.0;Pago;410232;Internet;Deudor;199460.0000;0.0000;849071.75;No
OP;17401;0002-00006160;11/08/2025;33773.0;1.0;11/08/2025;7.0;Pago;110101;Caja Huidobro;Deudor;0.0000;312908.0700;1548637801.40;No
OP;17401;0002-00006160;11/08/2025;33773.0;1.0;11/08/2025;7.0;Pago;210101;Proveedores;Acreedor;319509.5100;0.0000;2703533001.39;No
OP;17401;0002-00006160;11/08/2025;33773.0;1.0;11/08/2025;7.0;Pago;210404;Retenciones IIBB a Pagar;Acreedor;0.0000;6601.4400;131739348.93;No
OP;17404;0002-00006161;11/08/2025;33775.0;1.0;11/08/2025;7.0;Pago;110101;Caja Huidobro;Deudor;0.0000;54950.5000;1548582850.90;No
OP;17404;0002-00006161;11/08/2025;33775.0;1.0;11/08/2025;7.0;Pago;210101;Proveedores;Acreedor;56109.7900;0.0000;2703533001.39;No
OP;17404;0002-00006161;11/08/2025;33775.0;1.0;11/08/2025;7.0;Pago;210404;Retenciones IIBB a Pagar;Acreedor;0.0000;1159.2900;131740508.22;No
OP;17666;0002-00006172;12/08/2025;33779.0;1.0;12/08/2025;7.0;Pago;210101;Proveedores;Acreedor;4643685.9800;0.0000;2703516295.41;No
OP;17666;0002-00006172;12/08/2025;33779.0;1.0;12/08/2025;7.0;Pago;110110;Cheques pend Acreditacion;Deudor;0.0000;4643685.9800;8396689592.18;No
OP;20972;0002-00006206;25/08/2025;33783.0;1.0;25/08/2025;7.0;Pago;210101;Proveedores;Acreedor;28883305.0000;0.0000;2727648396.41;No
OP;20972;0002-00006206;25/08/2025;33783.0;1.0;25/08/2025;7.0;Pago;110115;Banco Galicia cta cte Laguna;Deudor;0.0000;28883305.0000;1333981993.35;No
OP;20975;0002-00006207;25/08/2025;33785.0;1.0;25/08/2025;7.0;Pago;210101;Proveedores;Acreedor;1120460.0000;0.0000;2727648396.41;No
OP;20975;0002-00006207;25/08/2025;33785.0;1.0;25/08/2025;7.0;Pago;110115;Banco Galicia cta cte Laguna;Deudor;0.0000;1120460.0000;1332861533.35;No
OP;21559;0002-00006214;27/08/2025;33786.0;1.0;27/08/2025;7.0;Pago;210101;Proveedores;Acreedor;5022816.4800;0.0000;2722625579.93;No
OP;21559;0002-00006214;27/08/2025;33786.0;1.0;27/08/2025;7.0;Pago;110115;Banco Galicia cta cte Laguna;Deudor;0.0000;5022816.4800;1327838716.87;No
OP;21563;0002-00006215;27/08/2025;33787.0;1.0;27/08/2025;7.0;Pago;210101;Proveedores;Acreedor;1765530.4900;0.0000;2720860049.44;No
OP;21563;0002-00006215;27/08/2025;33787.0;1.0;27/08/2025;7.0;Pago;110115;Banco Galicia cta cte Laguna;Deudor;0.0000;1765530.4900;1326073186.38;No
OP;21571;0002-00006216;27/08/2025;33789.0;1.0;27/08/2025;7.0;Pago;210101;Proveedores;Acreedor;220858.4400;0.0000;2720860049.44;No
OP;21571;0002-00006216;27/08/2025;33789.0;1.0;27/08/2025;7.0;Pago;110115;Banco Galicia cta cte Laguna;Deudor;0.0000;220858.4400;1325852327.94;No
OP;21576;0002-00006217;27/08/2025;33791.0;1.0;27/08/2025;7.0;Pago;210101;Proveedores;Acreedor;1249725.0000;0.0000;2720860049.44;No
OP;21576;0002-00006217;27/08/2025;33791.0;1.0;27/08/2025;7.0;Pago;110115;Banco Galicia cta cte Laguna;Deudor;0.0000;1249725.0000;1324602602.94;No
OP;21652;0002-00006218;27/08/2025;33793.0;1.0;27/08/2025;7.0;Pago;210101;Proveedores;Acreedor;2182207.1700;0.0000;2720860049.44;No
OP;21652;0002-00006218;27/08/2025;33793.0;1.0;27/08/2025;7.0;Pago;110115;Banco Galicia cta cte Laguna;Deudor;0.0000;2182207.1700;1322420395.77;No
OP;21660;0002-00006219;27/08/2025;33795.0;1.0;27/08/2025;7.0;Pago;210101;Proveedores;Acreedor;285318.0000;0.0000;2720860049.44;No
OP;21660;0002-00006219;27/08/2025;33795.0;1.0;27/08/2025;7.0;Pago;110115;Banco Galicia cta cte Laguna;Deudor;0.0000;285318.0000;1322135077.77;No
OP;21663;0002-00006220;27/08/2025;33796.0;1.0;27/08/2025;7.0;Pago;110115;Banco Galicia cta cte Laguna;Deudor;0.0000;48734.6700;1322086343.10;No
OP;21663;0002-00006220;27/08/2025;33796.0;1.0;27/08/2025;7.0;Pago;410252;Obra Social;Deudor;48734.6700;0.0000;34176265.91;No
OP;21664;0002-00006221;27/08/2025;33797.0;1.0;27/08/2025;7.0;Pago;110115;Banco Galicia cta cte Laguna;Deudor;0.0000;1672086.9500;1320414256.15;No
OP;21664;0002-00006221;27/08/2025;33797.0;1.0;27/08/2025;7.0;Pago;410252;Obra Social;Deudor;1672086.9500;0.0000;35848352.86;No
OP;21665;0002-00006222;27/08/2025;33798.0;1.0;27/08/2025;7.0;Pago;110115;Banco Galicia cta cte Laguna;Deudor;0.0000;1842056.2500;1318572199.90;No
OP;21665;0002-00006222;27/08/2025;33798.0;1.0;27/08/2025;7.0;Pago;410252;Obra Social;Deudor;1842056.2500;0.0000;37690409.11;No
OP;21680;0002-00006223;27/08/2025;33800.0;1.0;27/08/2025;7.0;Pago;210101;Proveedores;Acreedor;330000.0000;0.0000;2720860049.44;No
OP;21680;0002-00006223;27/08/2025;33800.0;1.0;27/08/2025;7.0;Pago;110115;Banco Galicia cta cte Laguna;Deudor;0.0000;330000.0000;1318242199.90;No
OP;21697;0002-00006224;27/08/2025;33803.0;1.0;27/08/2025;7.0;Pago;210101;Proveedores;Acreedor;1713726.0000;0.0000;2720860049.44;No
OP;21697;0002-00006224;27/08/2025;33803.0;1.0;27/08/2025;7.0;Pago;110115;Banco Galicia cta cte Laguna;Deudor;0.0000;1713726.0000;1316528473.90;No
OP;21709;0002-00006225;27/08/2025;33806.0;1.0;27/08/2025;7.0;Pago;210101;Proveedores;Acreedor;12268492.5000;0.0000;2720860049.44;No
OP;21709;0002-00006225;27/08/2025;33806.0;1.0;27/08/2025;7.0;Pago;110115;Banco Galicia cta cte Laguna;Deudor;0.0000;12268492.5000;1304259981.40;No
OP;21716;0002-00006226;27/08/2025;33808.0;1.0;27/08/2025;7.0;Pago;210101;Proveedores;Acreedor;1014447.0000;0.0000;2720860049.44;No
OP;21716;0002-00006226;27/08/2025;33808.0;1.0;27/08/2025;7.0;Pago;110115;Banco Galicia cta cte Laguna;Deudor;0.0000;1014447.0000;1303245534.40;No
OP;21735;0002-00006227;27/08/2025;33809.0;1.0;27/08/2025;7.0;Pago;210101;Proveedores;Acreedor;26496888.1500;0.0000;2694363161.29;No
OP;21735;0002-00006227;27/08/2025;33809.0;1.0;27/08/2025;7.0;Pago;210404;Retenciones IIBB a Pagar;Acreedor;0.0000;149579.2100;131890087.43;No
OP;21735;0002-00006227;27/08/2025;33809.0;1.0;27/08/2025;7.0;Pago;110115;Banco Galicia cta cte Laguna;Deudor;0.0000;26347308.9400;1276898225.46;No
OP;22020;0002-00006228;28/08/2025;33811.0;1.0;28/08/2025;7.0;Pago;110101;Caja Huidobro;Deudor;0.0000;88219.1500;1548494631.75;No
OP;22020;0002-00006228;28/08/2025;33811.0;1.0;28/08/2025;7.0;Pago;210101;Proveedores;Acreedor;88219.1500;0.0000;2694363161.29;No
OP;22241;0002-00006229;28/08/2025;33813.0;1.0;28/08/2025;7.0;Pago;210101;Proveedores;Acreedor;600000.0000;0.0000;2694363161.29;No
OP;22241;0002-00006229;28/08/2025;33813.0;1.0;28/08/2025;7.0;Pago;110115;Banco Galicia cta cte Laguna;Deudor;0.0000;600000.0000;1276298225.46;No
OP;24482;0002-00006259;04/09/2025;33815.0;1.0;04/09/2025;7.0;Pago;210101;Proveedores;Acreedor;1615000.0000;0.0000;2694363161.29;No
OP;24482;0002-00006259;04/09/2025;33815.0;1.0;04/09/2025;7.0;Pago;110115;Banco Galicia cta cte Laguna;Deudor;0.0000;1615000.0000;1274683225.46;No
OP;24484;0002-00006260;04/09/2025;33816.0;1.0;04/09/2025;7.0;Pago;210101;Proveedores;Acreedor;120937.5900;0.0000;2694242223.70;No
OP;24484;0002-00006260;04/09/2025;33816.0;1.0;04/09/2025;7.0;Pago;110115;Banco Galicia cta cte Laguna;Deudor;0.0000;120937.5900;1274562287.87;No
OP;24486;0002-00006261;04/09/2025;33818.0;1.0;04/09/2025;7.0;Pago;210101;Proveedores;Acreedor;86794.5100;0.0000;2694242223.70;No
OP;24486;0002-00006261;04/09/2025;33818.0;1.0;04/09/2025;7.0;Pago;110115;Banco Galicia cta cte Laguna;Deudor;0.0000;86794.5100;1274475493.36;No
OP;24525;0002-00006262;22/08/2025;33819.0;1.0;22/08/2025;7.0;Pago;110101;Caja Huidobro;Deudor;0.0000;256267923.1300;1292226708.62;No
OP;24525;0002-00006262;22/08/2025;33819.0;1.0;22/08/2025;7.0;Pago;210101;Proveedores;Acreedor;256267923.1300;0.0000;2437974300.57;No
OP;26685;0002-00006350;11/09/2025;33826.0;1.0;11/09/2025;7.0;Pago;210101;Proveedores;Acreedor;15182752.6100;0.0000;2748963036.31;No
OP;26685;0002-00006350;11/09/2025;33826.0;1.0;11/09/2025;7.0;Pago;110114;Banco Galicia cta cte Caseros;Deudor;0.0000;15182752.6100;61321468.65;No
OP;29315;0002-00006355;19/09/2025;33830.0;1.0;19/09/2025;7.0;Pago;110101;Caja Huidobro;Deudor;0.0000;850000.0000;1291376708.62;No
OP;29315;0002-00006355;19/09/2025;33830.0;1.0;19/09/2025;7.0;Pago;210101;Proveedores;Acreedor;850000.0000;0.0000;4598166792.35;No
OP;29359;0002-00006356;19/09/2025;33831.0;1.0;19/09/2025;7.0;Pago;210101;Proveedores;Acreedor;8434548.5900;0.0000;4589732243.76;No
OP;29359;0002-00006356;19/09/2025;33831.0;1.0;19/09/2025;7.0;Pago;110114;Banco Galicia cta cte Caseros;Deudor;0.0000;8434548.5900;52886920.06;No
OP;29484;0002-00006359;19/09/2025;33833.0;1.0;19/09/2025;7.0;Pago;210101;Proveedores;Acreedor;16282728.0000;0.0000;4589732243.76;No
OP;29484;0002-00006359;19/09/2025;33833.0;1.0;19/09/2025;7.0;Pago;110114;Banco Galicia cta cte Caseros;Deudor;0.0000;16282728.0000;36604192.06;No
OP;29488;0002-00006360;19/09/2025;33835.0;1.0;19/09/2025;7.0;Pago;210101;Proveedores;Acreedor;1482250.0000;0.0000;4589732243.76;No
OP;29488;0002-00006360;19/09/2025;33835.0;1.0;19/09/2025;7.0;Pago;110114;Banco Galicia cta cte Caseros;Deudor;0.0000;1482250.0000;35121942.06;No
OP;29490;0002-00006361;19/09/2025;33837.0;1.0;19/09/2025;7.0;Pago;210101;Proveedores;Acreedor;539189.8300;0.0000;4589732243.76;No
OP;29490;0002-00006361;19/09/2025;33837.0;1.0;19/09/2025;7.0;Pago;210404;Retenciones IIBB a Pagar;Acreedor;0.0000;5412.7200;131895500.15;No
OP;29490;0002-00006361;19/09/2025;33837.0;1.0;19/09/2025;7.0;Pago;110114;Banco Galicia cta cte Caseros;Deudor;0.0000;533777.1100;34588164.95;No
OP;29491;0002-00006362;19/09/2025;33838.0;1.0;19/09/2025;7.0;Pago;210101;Proveedores;Acreedor;4093884.4600;0.0000;4585638359.30;No
OP;29491;0002-00006362;19/09/2025;33838.0;1.0;19/09/2025;7.0;Pago;210404;Retenciones IIBB a Pagar;Acreedor;0.0000;79338.8500;131974839.00;No
OP;29491;0002-00006362;19/09/2025;33838.0;1.0;19/09/2025;7.0;Pago;110114;Banco Galicia cta cte Caseros;Deudor;0.0000;4014545.6100;30573619.34;No
OP;29492;0002-00006363;19/09/2025;33839.0;1.0;19/09/2025;7.0;Pago;210101;Proveedores;Acreedor;4653258.8900;0.0000;4580985100.41;No
OP;29492;0002-00006363;19/09/2025;33839.0;1.0;19/09/2025;7.0;Pago;210404;Retenciones IIBB a Pagar;Acreedor;0.0000;88972.4500;132063811.45;No
OP;29492;0002-00006363;19/09/2025;33839.0;1.0;19/09/2025;7.0;Pago;110114;Banco Galicia cta cte Caseros;Deudor;0.0000;4564286.4400;26009332.90;No
OP;30582;0002-00006451;24/09/2025;33845.0;1.0;24/09/2025;7.0;Pago;110101;Caja Huidobro;Deudor;0.0000;65323.4500;1291311385.17;No
OP;30582;0002-00006451;24/09/2025;33845.0;1.0;24/09/2025;7.0;Pago;210101;Proveedores;Acreedor;66635.1700;0.0000;4616525546.22;No
OP;30582;0002-00006451;24/09/2025;33845.0;1.0;24/09/2025;7.0;Pago;210404;Retenciones IIBB a Pagar;Acreedor;0.0000;1311.7200;132065123.17;No
OP;33178;0002-00006460;29/09/2025;33846.0;1.0;29/09/2025;7.0;Pago;110101;Caja Huidobro;Deudor;0.0000;40000.0000;1291271385.17;No
OP;33178;0002-00006460;29/09/2025;33846.0;1.0;29/09/2025;7.0;Pago;410313;Nafta Flete;Deudor;40000.0000;0.0000;558344.00;No
OP;33179;0002-00006461;29/09/2025;33847.0;1.0;29/09/2025;7.0;Pago;110101;Caja Huidobro;Deudor;0.0000;140000.0000;1291131385.17;No
OP;33179;0002-00006461;29/09/2025;33847.0;1.0;29/09/2025;7.0;Pago;410708;Mano de Obra Reparaciones de prod.;Deudor;140000.0000;0.0000;589790.00;No
OP;33180;0002-00006462;29/09/2025;33848.0;1.0;29/09/2025;7.0;Pago;110101;Caja Huidobro;Deudor;0.0000;102000.0000;1291029385.17;No
OP;33180;0002-00006462;29/09/2025;33848.0;1.0;29/09/2025;7.0;Pago;410335;Comidas y Refrigerios;Deudor;102000.0000;0.0000;14066201.60;No
OP;33967;0002-00006469;30/09/2025;33850.0;1.0;30/09/2025;7.0;Pago;210101;Proveedores;Acreedor;425000.0000;0.0000;4616525546.22;No
OP;33967;0002-00006469;30/09/2025;33850.0;1.0;30/09/2025;7.0;Pago;110115;Banco Galicia cta cte Laguna;Deudor;0.0000;425000.0000;1274050493.36;No
OP;34935;0002-00006471;03/10/2025;33852.0;1.0;03/10/2025;7.0;Pago;110101;Caja Huidobro;Deudor;0.0000;69604.8200;1290959780.35;No
OP;34935;0002-00006471;03/10/2025;33852.0;1.0;03/10/2025;7.0;Pago;210101;Proveedores;Acreedor;71002.5100;0.0000;4616525546.22;No
OP;34935;0002-00006471;03/10/2025;33852.0;1.0;03/10/2025;7.0;Pago;210404;Retenciones IIBB a Pagar;Acreedor;0.0000;1397.6900;132066520.86;No
OP;36527;0002-00006543;13/10/2025;33856.0;1.0;13/10/2025;7.0;Pago;110101;Caja Huidobro;Deudor;0.0000;528842.9800;1290430937.37;No
OP;36527;0002-00006543;13/10/2025;33856.0;1.0;13/10/2025;7.0;Pago;210101;Proveedores;Acreedor;540000.0000;0.0000;4653988330.03;No
OP;36527;0002-00006543;13/10/2025;33856.0;1.0;13/10/2025;7.0;Pago;210404;Retenciones IIBB a Pagar;Acreedor;0.0000;11157.0200;132077677.88;No
OP;36602;0002-00006545;13/10/2025;33861.0;1.0;13/10/2025;7.0;Pago;110101;Caja Huidobro;Deudor;0.0000;3364029.7700;1287066907.60;No
OP;36602;0002-00006545;13/10/2025;33861.0;1.0;13/10/2025;7.0;Pago;210101;Proveedores;Acreedor;3364029.7700;0.0000;4653988330.03;No
OP;39232;0002-00006578;24/10/2025;33863.0;1.0;24/10/2025;7.0;Pago;210101;Proveedores;Acreedor;324500.0000;0.0000;4653988330.03;No
OP;39232;0002-00006578;24/10/2025;33863.0;1.0;24/10/2025;7.0;Pago;110114;Banco Galicia cta cte Caseros;Deudor;0.0000;324500.0000;25684832.90;No
OP;39263;0002-00006580;24/10/2025;33865.0;1.0;24/10/2025;7.0;Pago;210101;Proveedores;Acreedor;500000.0000;0.0000;4653988330.03;No
OP;39263;0002-00006580;24/10/2025;33865.0;1.0;24/10/2025;7.0;Pago;110115;Banco Galicia cta cte Laguna;Deudor;0.0000;500000.0000;1273550493.36;No
OP;42140;0002-00006587;20/10/2025;33868.0;1.0;20/10/2025;7.0;Pago;210101;Proveedores;Acreedor;7476208.8400;0.0000;4678357033.83;No
OP;42140;0002-00006587;20/10/2025;33868.0;1.0;20/10/2025;7.0;Pago;110114;Banco Galicia cta cte Caseros;Deudor;0.0000;7476208.8400;18208624.06;No
OP;42148;0002-00006591;03/11/2025;33870.0;1.0;03/11/2025;7.0;Pago;110101;Caja Huidobro;Deudor;0.0000;646363.6500;1286420543.95;No
OP;42148;0002-00006591;03/11/2025;33870.0;1.0;03/11/2025;7.0;Pago;210101;Proveedores;Acreedor;660000.0100;0.0000;4678357033.83;No
OP;42148;0002-00006591;03/11/2025;33870.0;1.0;03/11/2025;7.0;Pago;210404;Retenciones IIBB a Pagar;Acreedor;0.0000;13636.3600;132091314.24;No
OP;43502;0002-00006641;07/11/2025;33882.0;1.0;07/11/2025;7.0;Pago;210101;Proveedores;Acreedor;5142500.0000;0.0000;4732924048.59;No
OP;43502;0002-00006641;07/11/2025;33882.0;1.0;07/11/2025;7.0;Pago;110115;Banco Galicia cta cte Laguna;Deudor;0.0000;5142500.0000;1268407993.36;No
OP;43505;0002-00006642;07/11/2025;33883.0;1.0;07/11/2025;7.0;Pago;210101;Proveedores;Acreedor;1310000.0000;0.0000;4731614048.59;No
OP;43505;0002-00006642;07/11/2025;33883.0;1.0;07/11/2025;7.0;Pago;110115;Banco Galicia cta cte Laguna;Deudor;0.0000;1310000.0000;1267097993.36;No
OP;43507;0002-00006643;07/11/2025;33884.0;1.0;07/11/2025;7.0;Pago;210101;Proveedores;Acreedor;7476208.8400;0.0000;4724137839.75;No
OP;43507;0002-00006643;07/11/2025;33884.0;1.0;07/11/2025;7.0;Pago;110115;Banco Galicia cta cte Laguna;Deudor;0.0000;7476208.8400;1259621784.52;No
OP;44220;0002-00006660;11/11/2025;33886.0;1.0;11/11/2025;7.0;Pago;210101;Proveedores;Acreedor;5553584.1900;0.0000;4724137839.75;No
OP;44220;0002-00006660;11/11/2025;33886.0;1.0;11/11/2025;7.0;Pago;110115;Banco Galicia cta cte Laguna;Deudor;0.0000;5553584.1900;1254068200.33;No
OP;44224;0002-00006662;11/11/2025;33888.0;1.0;11/11/2025;7.0;Pago;210101;Proveedores;Acreedor;13452780.0000;0.0000;4724137839.75;No
OP;44224;0002-00006662;11/11/2025;33888.0;1.0;11/11/2025;7.0;Pago;110115;Banco Galicia cta cte Laguna;Deudor;0.0000;13452780.0000;1240615420.33;No
OP;44246;0002-00006665;11/11/2025;33894.0;1.0;11/11/2025;7.0;Pago;210101;Proveedores;Acreedor;1637751.8700;0.0000;4724137839.75;No
OP;44246;0002-00006665;11/11/2025;33894.0;1.0;11/11/2025;7.0;Pago;110115;Banco Galicia cta cte Laguna;Deudor;0.0000;1637751.8700;1238977668.46;No
OP;44897;0002-00006683;13/11/2025;33897.0;1.0;13/11/2025;7.0;Pago;110101;Caja Huidobro;Deudor;0.0000;9909.8800;1286410634.07;No
OP;44897;0002-00006683;13/11/2025;33897.0;1.0;13/11/2025;7.0;Pago;210101;Proveedores;Acreedor;2440600.0000;0.0000;4724137839.75;No
OP;44897;0002-00006683;13/11/2025;33897.0;1.0;13/11/2025;7.0;Pago;110110;Cheques pend Acreditacion;Deudor;0.0000;2430690.1200;8394258902.06;No
OP;44922;0002-00006684;13/11/2025;33899.0;1.0;13/11/2025;7.0;Pago;210101;Proveedores;Acreedor;117431525.7400;0.0000;4609768788.64;No
OP;44922;0002-00006684;13/11/2025;33899.0;1.0;13/11/2025;7.0;Pago;210107;Cheques Emitidos;Acreedor;0.0000;117431525.7400;518273922.55;No
OP;45068;0002-00006686;13/11/2025;33900.0;1.0;13/11/2025;7.0;Pago;210101;Proveedores;Acreedor;39559455.5700;0.0000;4570209333.07;No
OP;45068;0002-00006686;13/11/2025;33900.0;1.0;13/11/2025;7.0;Pago;210404;Retenciones IIBB a Pagar;Acreedor;0.0000;358274.3100;132449588.55;No
OP;45068;0002-00006686;13/11/2025;33900.0;1.0;13/11/2025;7.0;Pago;110115;Banco Galicia cta cte Laguna;Deudor;0.0000;39201181.2600;1199776487.20;No
OP;46362;0002-00006700;20/11/2025;33904.0;1.0;20/11/2025;7.0;Pago;110101;Caja Huidobro;Deudor;0.0000;92469.5200;1286318164.55;No
OP;46362;0002-00006700;20/11/2025;33904.0;1.0;20/11/2025;7.0;Pago;210101;Proveedores;Acreedor;94372.1900;0.0000;4628058128.09;No
OP;46362;0002-00006700;20/11/2025;33904.0;1.0;20/11/2025;7.0;Pago;210404;Retenciones IIBB a Pagar;Acreedor;0.0000;1902.6700;132451491.22;No
OP;48024;0002-00006708;26/11/2025;33905.0;1.0;26/11/2025;7.0;Pago;110101;Caja Huidobro;Deudor;0.0000;497790626.6600;788527537.89;No
OP;48024;0002-00006708;26/11/2025;33905.0;1.0;26/11/2025;7.0;Pago;210101;Proveedores;Acreedor;507589654.7400;0.0000;4120468473.35;No
OP;48024;0002-00006708;26/11/2025;33905.0;1.0;26/11/2025;7.0;Pago;210404;Retenciones IIBB a Pagar;Acreedor;0.0000;9799028.0800;142250519.30;No
OP;48026;0002-00006709;26/11/2025;33906.0;1.0;26/11/2025;7.0;Pago;210101;Proveedores;Acreedor;75569766.6600;0.0000;4044898706.69;No
OP;48026;0002-00006709;26/11/2025;33906.0;1.0;26/11/2025;7.0;Pago;210404;Retenciones IIBB a Pagar;Acreedor;0.0000;1429806.6100;143680325.91;No
OP;48026;0002-00006709;26/11/2025;33906.0;1.0;26/11/2025;7.0;Pago;110110;Cheques pend Acreditacion;Deudor;0.0000;72681833.5600;8321577068.50;No
OP;48026;0002-00006709;26/11/2025;33906.0;1.0;26/11/2025;7.0;Pago;110115;Banco Galicia cta cte Laguna;Deudor;0.0000;1458126.4900;1198318360.71;No
OP;48230;0002-00006711;26/11/2025;33910.0;1.0;26/11/2025;7.0;Pago;210101;Proveedores;Acreedor;152952755.9100;0.0000;3905053156.60;No
OP;48230;0002-00006711;26/11/2025;33910.0;1.0;26/11/2025;7.0;Pago;210404;Retenciones IIBB a Pagar;Acreedor;0.0000;2952755.9100;146633081.82;No
OP;48230;0002-00006711;26/11/2025;33910.0;1.0;26/11/2025;7.0;Pago;110115;Banco Galicia cta cte Laguna;Deudor;0.0000;150000000.0000;1048318360.71;No
OP;48522;0002-00006716;27/11/2025;33912.0;1.0;27/11/2025;7.0;Pago;210101;Proveedores;Acreedor;38361997.6600;0.0000;3943465925.31;No
OP;48522;0002-00006716;27/11/2025;33912.0;1.0;27/11/2025;7.0;Pago;210404;Retenciones IIBB a Pagar;Acreedor;0.0000;347429.4100;146980511.23;No
OP;48522;0002-00006716;27/11/2025;33912.0;1.0;27/11/2025;7.0;Pago;110115;Banco Galicia cta cte Laguna;Deudor;0.0000;38014568.2500;1010303792.46;No
OP;51325;0002-00006726;03/12/2025;33914.0;1.0;03/12/2025;7.0;Pago;110101;Caja Huidobro;Deudor;0.0000;82633.8900;788444904.00;No
OP;51325;0002-00006726;03/12/2025;33914.0;1.0;03/12/2025;7.0;Pago;210101;Proveedores;Acreedor;84369.9000;0.0000;3943465925.31;No
OP;51325;0002-00006726;03/12/2025;33914.0;1.0;03/12/2025;7.0;Pago;210404;Retenciones IIBB a Pagar;Acreedor;0.0000;1736.0100;146982247.24;No
OP;51762;0002-00006735;04/12/2025;33917.0;1.0;04/12/2025;7.0;Pago;110101;Caja Huidobro;Deudor;0.0000;33707.0000;788411197.00;No
OP;51762;0002-00006735;04/12/2025;33917.0;1.0;04/12/2025;7.0;Pago;210101;Proveedores;Acreedor;2549400.0000;0.0000;3943465925.31;No
OP;51762;0002-00006735;04/12/2025;33917.0;1.0;04/12/2025;7.0;Pago;110110;Cheques pend Acreditacion;Deudor;0.0000;2515693.0000;8319061375.50;No
OP;56420;0002-00006796;19/12/2025;33920.0;1.0;19/12/2025;7.0;Pago;110101;Caja Huidobro;Deudor;0.0000;7820.0000;788403377.00;No
OP;56420;0002-00006796;19/12/2025;33920.0;1.0;19/12/2025;7.0;Pago;410275;Remises del Personal;Deudor;7820.0000;0.0000;250194.00;No
OP;57128;0002-00006798;23/12/2025;33921.0;1.0;23/12/2025;7.0;Pago;110101;Caja Huidobro;Deudor;0.0000;23570.0000;788379807.00;No
OP;57128;0002-00006798;23/12/2025;33921.0;1.0;23/12/2025;7.0;Pago;410275;Remises del Personal;Deudor;23570.0000;0.0000;273764.00;No
OP;57536;0002-00006804;29/12/2025;33930.0;1.0;29/12/2025;7.0;Pago;110101;Caja Huidobro;Deudor;0.0000;230000.0000;788149807.00;No
OP;57536;0002-00006804;29/12/2025;33930.0;1.0;29/12/2025;7.0;Pago;210101;Proveedores;Acreedor;230000.0000;0.0000;4930458267.37;No
OP;58326;0002-00006847;07/01/2026;33933.0;1.0;07/01/2026;7.0;Pago;110101;Caja Huidobro;Deudor;0.0000;20457.0000;788129350.00;No
OP;58326;0002-00006847;07/01/2026;33933.0;1.0;07/01/2026;7.0;Pago;210101;Proveedores;Acreedor;2549400.0000;0.0000;4930458267.37;No
OP;58326;0002-00006847;07/01/2026;33933.0;1.0;07/01/2026;7.0;Pago;110110;Cheques pend Acreditacion;Deudor;0.0000;2528943.0000;8316532432.50;No
OP;58629;0002-00006889;08/01/2026;33934.0;1.0;08/01/2026;7.0;Pago;210101;Proveedores;Acreedor;222991457.8400;0.0000;4707466809.53;No
OP;58629;0002-00006889;08/01/2026;33934.0;1.0;08/01/2026;7.0;Pago;210404;Retenciones IIBB a Pagar;Acreedor;0.0000;4304854.4000;151287101.64;No
OP;58629;0002-00006889;08/01/2026;33934.0;1.0;08/01/2026;7.0;Pago;110110;Cheques pend Acreditacion;Deudor;0.0000;218686603.4400;8097845829.06;No
OP;58734;0002-00006912;08/01/2026;33940.0;1.0;08/01/2026;7.0;Pago;110101;Caja Huidobro;Deudor;0.0000;14995.2000;788114354.80;No
OP;58734;0002-00006912;08/01/2026;33940.0;1.0;08/01/2026;7.0;Pago;210101;Proveedores;Acreedor;118284591.8500;0.0000;4707646809.53;No
OP;58734;0002-00006912;08/01/2026;33940.0;1.0;08/01/2026;7.0;Pago;110110;Cheques pend Acreditacion;Deudor;0.0000;118269596.6500;7979576232.41;No
OP;58736;0002-00006913;08/01/2026;33941.0;1.0;08/01/2026;7.0;Pago;110101;Caja Huidobro;Deudor;0.0000;22084.1800;788092270.62;No
OP;58736;0002-00006913;08/01/2026;33941.0;1.0;08/01/2026;7.0;Pago;210101;Proveedores;Acreedor;35222495.5300;0.0000;4672424314.00;No
OP;58736;0002-00006913;08/01/2026;33941.0;1.0;08/01/2026;7.0;Pago;110110;Cheques pend Acreditacion;Deudor;0.0000;35200411.3500;7944375821.06;No
OP;58738;0002-00006914;08/01/2026;33942.0;1.0;08/01/2026;7.0;Pago;210101;Proveedores;Acreedor;180000.0000;0.0000;4672244314.00;No
OP;58738;0002-00006914;08/01/2026;33942.0;1.0;08/01/2026;7.0;Pago;110110;Cheques pend Acreditacion;Deudor;0.0000;180000.0000;7944195821.06;No
OP;58880;0002-00006933;29/12/2025;33943.0;1.0;29/12/2025;7.0;Pago;210101;Proveedores;Acreedor;500000.0000;0.0000;4671744314.00;No
OP;58880;0002-00006933;29/12/2025;33943.0;1.0;29/12/2025;7.0;Pago;110114;Banco Galicia cta cte Caseros;Deudor;0.0000;500000.0000;17708624.06;No
OP;58881;0002-00006934;29/12/2025;33944.0;1.0;29/12/2025;7.0;Pago;210101;Proveedores;Acreedor;1500000.0000;0.0000;4670244314.00;No
OP;58881;0002-00006934;29/12/2025;33944.0;1.0;29/12/2025;7.0;Pago;110114;Banco Galicia cta cte Caseros;Deudor;0.0000;1500000.0000;16208624.06;No
OP;58882;0002-00006935;29/12/2025;33945.0;1.0;29/12/2025;7.0;Pago;210101;Proveedores;Acreedor;300000.0000;0.0000;4669944314.00;No
OP;58882;0002-00006935;29/12/2025;33945.0;1.0;29/12/2025;7.0;Pago;110114;Banco Galicia cta cte Caseros;Deudor;0.0000;300000.0000;15908624.06;No
OP;58883;0002-00006936;29/12/2025;33946.0;1.0;29/12/2025;7.0;Pago;210101;Proveedores;Acreedor;300000.0000;0.0000;4669644314.00;No
OP;58883;0002-00006936;29/12/2025;33946.0;1.0;29/12/2025;7.0;Pago;110114;Banco Galicia cta cte Caseros;Deudor;0.0000;300000.0000;15608624.06;No
OP;58884;0002-00006937;29/12/2025;33947.0;1.0;29/12/2025;7.0;Pago;210101;Proveedores;Acreedor;500000.0000;0.0000;4669144314.00;No
OP;58884;0002-00006937;29/12/2025;33947.0;1.0;29/12/2025;7.0;Pago;110114;Banco Galicia cta cte Caseros;Deudor;0.0000;500000.0000;15108624.06;No
OP;58885;0002-00006938;29/12/2025;33948.0;1.0;29/12/2025;7.0;Pago;210101;Proveedores;Acreedor;1500000.0000;0.0000;4667644314.00;No
OP;58885;0002-00006938;29/12/2025;33948.0;1.0;29/12/2025;7.0;Pago;110114;Banco Galicia cta cte Caseros;Deudor;0.0000;1500000.0000;13608624.06;No
OP;58886;0002-00006939;29/12/2025;33949.0;1.0;29/12/2025;7.0;Pago;210101;Proveedores;Acreedor;2000000.0000;0.0000;4665644314.00;No
OP;58886;0002-00006939;29/12/2025;33949.0;1.0;29/12/2025;7.0;Pago;110114;Banco Galicia cta cte Caseros;Deudor;0.0000;2000000.0000;11608624.06;No
OP;58887;0002-00006940;29/12/2025;33950.0;1.0;29/12/2025;7.0;Pago;210101;Proveedores;Acreedor;401850.0000;0.0000;4665242464.00;No
OP;58887;0002-00006940;29/12/2025;33950.0;1.0;29/12/2025;7.0;Pago;110114;Banco Galicia cta cte Caseros;Deudor;0.0000;401850.0000;11206774.06;No
OP;61885;0002-00006993;27/01/2026;33958.0;1.0;27/01/2026;7.0;Pago;110101;Caja Huidobro;Deudor;0.0000;70583.1100;788021687.51;No
OP;61885;0002-00006993;27/01/2026;33958.0;1.0;27/01/2026;7.0;Pago;210101;Proveedores;Acreedor;70583.1100;0.0000;5278272879.32;No
OP;61944;0002-00006998;20/01/2026;33961.0;1.0;20/01/2026;7.0;Pago;210101;Proveedores;Acreedor;999460.0000;0.0000;5279246929.32;No
OP;61944;0002-00006998;20/01/2026;33961.0;1.0;20/01/2026;7.0;Pago;110121;Banco Santander;Deudor;0.0000;999460.0000;864455.23;No
OP;61950;0002-00006999;22/01/2026;33962.0;1.0;22/01/2026;7.0;Pago;210101;Proveedores;Acreedor;974050.0000;0.0000;5278272879.32;No
OP;61950;0002-00006999;22/01/2026;33962.0;1.0;22/01/2026;7.0;Pago;110121;Banco Santander;Deudor;0.0000;974050.0000;-109594.77;No
OP;64118;0002-00007026;03/02/2026;33964.0;1.0;03/02/2026;7.0;Pago;110101;Caja Huidobro;Deudor;0.0000;599355.3700;787422332.14;No
OP;64118;0002-00007026;03/02/2026;33964.0;1.0;03/02/2026;7.0;Pago;210101;Proveedores;Acreedor;612000.0000;0.0000;5278272879.32;No
OP;64118;0002-00007026;03/02/2026;33964.0;1.0;03/02/2026;7.0;Pago;210404;Retenciones IIBB a Pagar;Acreedor;0.0000;12644.6300;151299746.27;No
OP;64487;0002-00007046;06/02/2026;33966.0;1.0;06/02/2026;7.0;Pago;210101;Proveedores;Acreedor;66013585.4200;0.0000;5212604143.90;No
OP;64487;0002-00007046;06/02/2026;33966.0;1.0;06/02/2026;7.0;Pago;210404;Retenciones IIBB a Pagar;Acreedor;0.0000;627995.1800;151927741.45;No
OP;64487;0002-00007046;06/02/2026;33966.0;1.0;06/02/2026;7.0;Pago;110115;Banco Galicia cta cte Laguna;Deudor;0.0000;65385590.2400;944918202.22;No
OP;64489;0002-00007047;06/02/2026;33967.0;1.0;06/02/2026;7.0;Pago;210101;Proveedores;Acreedor;18574991.2000;0.0000;5194029152.70;No
OP;64489;0002-00007047;06/02/2026;33967.0;1.0;06/02/2026;7.0;Pago;110115;Banco Galicia cta cte Laguna;Deudor;0.0000;18574991.2000;926343211.02;No
OP;64492;0002-00007048;04/02/2026;33968.0;1.0;04/02/2026;7.0;Pago;210101;Proveedores;Acreedor;1325113.1100;0.0000;5192704039.59;No
OP;64492;0002-00007048;04/02/2026;33968.0;1.0;04/02/2026;7.0;Pago;110115;Banco Galicia cta cte Laguna;Deudor;0.0000;1325113.1100;925018097.91;No
OP;64493;0002-00007049;04/02/2026;33969.0;1.0;04/02/2026;7.0;Pago;210101;Proveedores;Acreedor;1284815.9800;0.0000;5191419223.61;No
OP;64493;0002-00007049;04/02/2026;33969.0;1.0;04/02/2026;7.0;Pago;210404;Retenciones IIBB a Pagar;Acreedor;0.0000;26092.9300;151953834.38;No
OP;64493;0002-00007049;04/02/2026;33969.0;1.0;04/02/2026;7.0;Pago;110115;Banco Galicia cta cte Laguna;Deudor;0.0000;1258723.0500;923759374.86;No
OP;64517;0002-00007051;06/02/2026;33973.0;1.0;06/02/2026;7.0;Pago;210101;Proveedores;Acreedor;6108941.5200;0.0000;5213615716.85;No
OP;64517;0002-00007051;06/02/2026;33973.0;1.0;06/02/2026;7.0;Pago;110115;Banco Galicia cta cte Laguna;Deudor;0.0000;6108941.5200;917650433.34;No
OP;64518;0002-00007052;06/02/2026;33974.0;1.0;06/02/2026;7.0;Pago;210101;Proveedores;Acreedor;14132901.6400;0.0000;5199482815.21;No
OP;64518;0002-00007052;06/02/2026;33974.0;1.0;06/02/2026;7.0;Pago;210404;Retenciones IIBB a Pagar;Acreedor;0.0000;292002.1000;152245836.48;No
OP;64518;0002-00007052;06/02/2026;33974.0;1.0;06/02/2026;7.0;Pago;110115;Banco Galicia cta cte Laguna;Deudor;0.0000;13840899.5400;903809533.80;No
OP;64720;0002-00007102;12/12/2025;33975.0;1.0;12/12/2025;7.0;Pago;210101;Proveedores;Acreedor;932750.0000;0.0000;5198550065.21;No
OP;64720;0002-00007102;12/12/2025;33975.0;1.0;12/12/2025;7.0;Pago;110114;Banco Galicia cta cte Caseros;Deudor;0.0000;932750.0000;10274024.06;No
OP;64722;0002-00007103;18/12/2025;33976.0;1.0;18/12/2025;7.0;Pago;210101;Proveedores;Acreedor;1197900.0000;0.0000;5197352165.21;No
OP;64722;0002-00007103;18/12/2025;33976.0;1.0;18/12/2025;7.0;Pago;110114;Banco Galicia cta cte Caseros;Deudor;0.0000;1197900.0000;9076124.06;No
OP;64724;0002-00007104;22/12/2025;33977.0;1.0;22/12/2025;7.0;Pago;210101;Proveedores;Acreedor;150000.0000;0.0000;5197202165.21;No
OP;64724;0002-00007104;22/12/2025;33977.0;1.0;22/12/2025;7.0;Pago;110114;Banco Galicia cta cte Caseros;Deudor;0.0000;150000.0000;8926124.06;No
OP;64725;0002-00007105;22/12/2025;33978.0;1.0;22/12/2025;7.0;Pago;210101;Proveedores;Acreedor;400000.0000;0.0000;5196802165.21;No
OP;64725;0002-00007105;22/12/2025;33978.0;1.0;22/12/2025;7.0;Pago;110114;Banco Galicia cta cte Caseros;Deudor;0.0000;400000.0000;8526124.06;No
OP;65224;0002-00007111;10/02/2026;33981.0;1.0;10/02/2026;7.0;Pago;210101;Proveedores;Acreedor;899660.0000;0.0000;5197053005.22;No
OP;65224;0002-00007111;10/02/2026;33981.0;1.0;10/02/2026;7.0;Pago;110110;Cheques pend Acreditacion;Deudor;0.0000;899660.0000;7943296161.06;No
OP;67570;0002-00007169;19/02/2026;33982.0;1.0;19/02/2026;7.0;Pago;210101;Proveedores;Acreedor;204145936.9800;0.0000;4992907068.24;No
OP;67570;0002-00007169;19/02/2026;33982.0;1.0;19/02/2026;7.0;Pago;210404;Retenciones IIBB a Pagar;Acreedor;0.0000;4145936.9800;156391773.46;No
OP;67570;0002-00007169;19/02/2026;33982.0;1.0;19/02/2026;7.0;Pago;110115;Banco Galicia cta cte Laguna;Deudor;0.0000;200000000.0000;703809533.80;No
OP;67686;0002-00007170;20/02/2026;33983.0;1.0;20/02/2026;7.0;Pago;110114;Banco Galicia cta cte Caseros;Deudor;0.0000;23904.3000;8502219.76;No
OP;67686;0002-00007170;20/02/2026;33983.0;1.0;20/02/2026;7.0;Pago;410252;Obra Social;Deudor;23904.3000;0.0000;37714313.41;No
OP;67687;0002-00007171;20/02/2026;33984.0;1.0;20/02/2026;7.0;Pago;110114;Banco Galicia cta cte Caseros;Deudor;0.0000;1368242.9100;7133976.85;No
OP;67687;0002-00007171;20/02/2026;33984.0;1.0;20/02/2026;7.0;Pago;410252;Obra Social;Deudor;1368242.9100;0.0000;39082556.32;No
OP;67711;0002-00007173;20/02/2026;33985.0;1.0;20/02/2026;7.0;Pago;110101;Caja Huidobro;Deudor;0.0000;6616184.0000;780806148.14;No
OP;67711;0002-00007173;20/02/2026;33985.0;1.0;20/02/2026;7.0;Pago;210101;Proveedores;Acreedor;6753335.4100;0.0000;4986153732.83;No
OP;67711;0002-00007173;20/02/2026;33985.0;1.0;20/02/2026;7.0;Pago;210404;Retenciones IIBB a Pagar;Acreedor;0.0000;137151.4100;156528924.87;No
OP;67742;0002-00007174;19/02/2026;33986.0;1.0;19/02/2026;7.0;Pago;110403;Anticipos Ganancias;Deudor;37473515.3300;0.0000;389531656.37;No
OP;67742;0002-00007174;19/02/2026;33986.0;1.0;19/02/2026;7.0;Pago;110115;Banco Galicia cta cte Laguna;Deudor;0.0000;37473515.3300;666336018.47;No
OP;67743;0002-00007175;19/02/2026;33987.0;1.0;19/02/2026;7.0;Pago;110115;Banco Galicia cta cte Laguna;Deudor;0.0000;296922.6000;666039095.87;No
OP;67743;0002-00007175;19/02/2026;33987.0;1.0;19/02/2026;7.0;Pago;210523;I.B. Tierra del Fuego a Pagar;Acreedor;296922.6000;0.0000;-1600666.54;No
OP;68670;0002-00007187;24/02/2026;33988.0;1.0;24/02/2026;7.0;Pago;210101;Proveedores;Acreedor;49058076.1400;0.0000;4937095656.69;No
OP;68670;0002-00007187;24/02/2026;33988.0;1.0;24/02/2026;7.0;Pago;210404;Retenciones IIBB a Pagar;Acreedor;0.0000;996305.3600;157525230.23;No
OP;68670;0002-00007187;24/02/2026;33988.0;1.0;24/02/2026;7.0;Pago;110110;Cheques pend Acreditacion;Deudor;0.0000;48061770.7800;7895234390.28;No
OP;68996;0002-00007188;25/02/2026;33991.0;1.0;25/02/2026;7.0;Pago;210101;Proveedores;Acreedor;695750.0000;0.0000;5000458154.52;No
OP;68996;0002-00007188;25/02/2026;33991.0;1.0;25/02/2026;7.0;Pago;110121;Banco Santander;Deudor;0.0000;695750.0000;-805344.77;No
OP;69637;0002-00007190;27/02/2026;33994.0;1.0;27/02/2026;7.0;Pago;110101;Caja Huidobro;Deudor;0.0000;13573621.0000;767232527.14;No
OP;69637;0002-00007190;27/02/2026;33994.0;1.0;27/02/2026;7.0;Pago;210101;Proveedores;Acreedor;13854997.8900;0.0000;5012021068.01;No
OP;69637;0002-00007190;27/02/2026;33994.0;1.0;27/02/2026;7.0;Pago;210404;Retenciones IIBB a Pagar;Acreedor;0.0000;281376.8900;157806607.12;No
OP;70267;0002-00007208;04/03/2026;33997.0;1.0;04/03/2026;7.0;Pago;110101;Caja Huidobro;Deudor;0.0000;599355.3700;766633171.77;No
OP;70267;0002-00007208;04/03/2026;33997.0;1.0;04/03/2026;7.0;Pago;210101;Proveedores;Acreedor;612000.0000;0.0000;5012771068.01;No
OP;70267;0002-00007208;04/03/2026;33997.0;1.0;04/03/2026;7.0;Pago;210404;Retenciones IIBB a Pagar;Acreedor;0.0000;12644.6300;157819251.75;No
OP;71012;0002-00007246;10/03/2026;33999.0;1.0;10/03/2026;7.0;Pago;110101;Caja Huidobro;Deudor;0.0000;78091.5800;766555080.19;No
OP;71012;0002-00007246;10/03/2026;33999.0;1.0;10/03/2026;7.0;Pago;210101;Proveedores;Acreedor;79732.1600;0.0000;5012771068.01;No
OP;71012;0002-00007246;10/03/2026;33999.0;1.0;10/03/2026;7.0;Pago;210404;Retenciones IIBB a Pagar;Acreedor;0.0000;1640.5800;157820892.33;No
OP;71054;0002-00007247;10/03/2026;34001.0;1.0;10/03/2026;7.0;Pago;210101;Proveedores;Acreedor;369050.0000;0.0000;5012771068.01;No
OP;71054;0002-00007247;10/03/2026;34001.0;1.0;10/03/2026;7.0;Pago;110115;Banco Galicia cta cte Laguna;Deudor;0.0000;369050.0000;665670045.87;No
OP;71057;0002-00007248;10/03/2026;34003.0;1.0;10/03/2026;7.0;Pago;210101;Proveedores;Acreedor;6108941.5200;0.0000;5012771068.01;No
OP;71057;0002-00007248;10/03/2026;34003.0;1.0;10/03/2026;7.0;Pago;110115;Banco Galicia cta cte Laguna;Deudor;0.0000;6108941.5200;659561104.35;No
OP;71060;0002-00007249;10/03/2026;34005.0;1.0;10/03/2026;7.0;Pago;210101;Proveedores;Acreedor;15384536.5300;0.0000;5012771068.01;No
OP;71060;0002-00007249;10/03/2026;34005.0;1.0;10/03/2026;7.0;Pago;110115;Banco Galicia cta cte Laguna;Deudor;0.0000;15384536.5300;644176567.82;No
OP;71062;0002-00007250;10/03/2026;34007.0;1.0;10/03/2026;7.0;Pago;210101;Proveedores;Acreedor;326000.0000;0.0000;5012771068.01;No
OP;71062;0002-00007250;10/03/2026;34007.0;1.0;10/03/2026;7.0;Pago;110115;Banco Galicia cta cte Laguna;Deudor;0.0000;326000.0000;643850567.82;No
OP;71066;0002-00007251;10/03/2026;34009.0;1.0;10/03/2026;7.0;Pago;210101;Proveedores;Acreedor;772200.0000;0.0000;5012771068.01;No
OP;71066;0002-00007251;10/03/2026;34009.0;1.0;10/03/2026;7.0;Pago;110115;Banco Galicia cta cte Laguna;Deudor;0.0000;772200.0000;643078367.82;No
OP;71085;0002-00007252;10/03/2026;34011.0;1.0;10/03/2026;7.0;Pago;210101;Proveedores;Acreedor;8063591.6000;0.0000;5012771068.01;No
OP;71085;0002-00007252;10/03/2026;34011.0;1.0;10/03/2026;7.0;Pago;110115;Banco Galicia cta cte Laguna;Deudor;0.0000;8063591.6000;635014776.22;No
OP;71301;0002-00007253;10/03/2026;34014.0;1.0;10/03/2026;7.0;Pago;210101;Proveedores;Acreedor;3738461.9200;0.0000;5271188893.29;No
OP;71301;0002-00007253;10/03/2026;34014.0;1.0;10/03/2026;7.0;Pago;110115;Banco Galicia cta cte Laguna;Deudor;0.0000;3738461.9200;631276314.30;No
OP;71305;0002-00007254;10/03/2026;34016.0;1.0;10/03/2026;7.0;Pago;210101;Proveedores;Acreedor;3846877.4400;0.0000;5271188893.29;No
OP;71305;0002-00007254;10/03/2026;34016.0;1.0;10/03/2026;7.0;Pago;110115;Banco Galicia cta cte Laguna;Deudor;0.0000;3846877.4400;627429436.86;No
OP;71309;0002-00007255;10/03/2026;34018.0;1.0;10/03/2026;7.0;Pago;210101;Proveedores;Acreedor;500000.0000;0.0000;5271188893.29;No
OP;71309;0002-00007255;10/03/2026;34018.0;1.0;10/03/2026;7.0;Pago;110115;Banco Galicia cta cte Laguna;Deudor;0.0000;500000.0000;626929436.86;No
OP;71313;0002-00007256;10/03/2026;34020.0;1.0;10/03/2026;7.0;Pago;210101;Proveedores;Acreedor;600000.0000;0.0000;5271188893.29;No
OP;71313;0002-00007256;10/03/2026;34020.0;1.0;10/03/2026;7.0;Pago;110115;Banco Galicia cta cte Laguna;Deudor;0.0000;600000.0000;626329436.86;No
OP;71316;0002-00007257;10/03/2026;34022.0;1.0;10/03/2026;7.0;Pago;210101;Proveedores;Acreedor;300000.0000;0.0000;5271188893.29;No
OP;71316;0002-00007257;10/03/2026;34022.0;1.0;10/03/2026;7.0;Pago;110115;Banco Galicia cta cte Laguna;Deudor;0.0000;300000.0000;626029436.86;No
OP;71318;0002-00007258;10/03/2026;34024.0;1.0;10/03/2026;7.0;Pago;210101;Proveedores;Acreedor;1500000.0000;0.0000;5271188893.29;No
OP;71318;0002-00007258;10/03/2026;34024.0;1.0;10/03/2026;7.0;Pago;110115;Banco Galicia cta cte Laguna;Deudor;0.0000;1500000.0000;624529436.86;No
OP;71322;0002-00007259;10/03/2026;34026.0;1.0;10/03/2026;7.0;Pago;210101;Proveedores;Acreedor;2000000.0000;0.0000;5271188893.29;No
OP;71322;0002-00007259;10/03/2026;34026.0;1.0;10/03/2026;7.0;Pago;110115;Banco Galicia cta cte Laguna;Deudor;0.0000;2000000.0000;622529436.86;No
OP;71325;0002-00007260;10/03/2026;34028.0;1.0;10/03/2026;7.0;Pago;210101;Proveedores;Acreedor;1500000.0000;0.0000;5271188893.29;No
OP;71325;0002-00007260;10/03/2026;34028.0;1.0;10/03/2026;7.0;Pago;110115;Banco Galicia cta cte Laguna;Deudor;0.0000;1500000.0000;621029436.86;No
OP;71328;0002-00007261;10/03/2026;34030.0;1.0;10/03/2026;7.0;Pago;210101;Proveedores;Acreedor;660000.0000;0.0000;5271188893.29;No
OP;71328;0002-00007261;10/03/2026;34030.0;1.0;10/03/2026;7.0;Pago;110115;Banco Galicia cta cte Laguna;Deudor;0.0000;660000.0000;620369436.86;No
OP;73429;0002-00007302;18/03/2026;34038.0;1.0;18/03/2026;7.0;Pago;210101;Proveedores;Acreedor;284400.0000;0.0000;5933189307.23;No
OP;73429;0002-00007302;18/03/2026;34038.0;1.0;18/03/2026;7.0;Pago;110114;Banco Galicia cta cte Caseros;Deudor;0.0000;284400.0000;6849576.85;No
OP;73435;0002-00007304;19/03/2026;34039.0;1.0;19/03/2026;7.0;Pago;210101;Proveedores;Acreedor;712492.5000;0.0000;5932476814.73;No
OP;73435;0002-00007304;19/03/2026;34039.0;1.0;19/03/2026;7.0;Pago;110114;Banco Galicia cta cte Caseros;Deudor;0.0000;712492.5000;6137084.35;No
OP;73436;0002-00007305;18/03/2026;34040.0;1.0;18/03/2026;7.0;Pago;210101;Proveedores;Acreedor;800000.0000;0.0000;5931676814.73;No
OP;73436;0002-00007305;18/03/2026;34040.0;1.0;18/03/2026;7.0;Pago;110114;Banco Galicia cta cte Caseros;Deudor;0.0000;800000.0000;5337084.35;No
OP;73437;0002-00007306;19/03/2026;34041.0;1.0;19/03/2026;7.0;Pago;110114;Banco Galicia cta cte Caseros;Deudor;0.0000;71830.0000;5265254.35;No
OP;73437;0002-00007306;19/03/2026;34041.0;1.0;19/03/2026;7.0;Pago;410309;Seguros de Edificio;Deudor;71830.0000;0.0000;32131046.93;No
OP;73438;0002-00007307;19/03/2026;34042.0;1.0;19/03/2026;7.0;Pago;110114;Banco Galicia cta cte Caseros;Deudor;0.0000;2245427.0000;3019827.35;No
OP;73438;0002-00007307;19/03/2026;34042.0;1.0;19/03/2026;7.0;Pago;410309;Seguros de Edificio;Deudor;2245427.0000;0.0000;34376473.93;No
OP;73440;0002-00007308;19/03/2026;34043.0;1.0;19/03/2026;7.0;Pago;110114;Banco Galicia cta cte Caseros;Deudor;0.0000;3638203.7100;-618376.36;No
OP;73440;0002-00007308;19/03/2026;34043.0;1.0;19/03/2026;7.0;Pago;410252;Obra Social;Deudor;3638203.7100;0.0000;42720760.03;No
OP;73685;0002-00007312;20/03/2026;34045.0;1.0;20/03/2026;7.0;Pago;210101;Proveedores;Acreedor;6384971.9500;0.0000;5926021980.25;No
OP;73685;0002-00007312;20/03/2026;34045.0;1.0;20/03/2026;7.0;Pago;210404;Retenciones IIBB a Pagar;Acreedor;0.0000;35096.0400;157855988.37;No
OP;73685;0002-00007312;20/03/2026;34045.0;1.0;20/03/2026;7.0;Pago;110114;Banco Galicia cta cte Caseros;Deudor;0.0000;6349875.9100;-6968252.27;No
OP;74097;0002-00007322;25/03/2026;34047.0;1.0;25/03/2026;7.0;Pago;210101;Proveedores;Acreedor;248327.8300;0.0000;5926021980.25;No
OP;74097;0002-00007322;25/03/2026;34047.0;1.0;25/03/2026;7.0;Pago;110115;Banco Galicia cta cte Laguna;Deudor;0.0000;248327.8300;620121109.03;No
OP;74930;0002-00007331;27/03/2026;34048.0;1.0;27/03/2026;7.0;Pago;210101;Proveedores;Acreedor;154871426.2000;0.0000;5771150554.05;No
OP;74930;0002-00007331;27/03/2026;34048.0;1.0;27/03/2026;7.0;Pago;210107;Cheques Emitidos;Acreedor;0.0000;154871426.0100;673145348.56;No
OP;74930;0002-00007331;27/03/2026;34048.0;1.0;27/03/2026;7.0;Pago;410241;Redondeo;Deudor;0.0000;0.1900;189.67;No
OP;75956;0002-00007342;31/03/2026;34052.0;1.0;31/03/2026;7.0;Pago;210101;Proveedores;Acreedor;134849714.3900;0.0000;5853303131.59;No
OP;75956;0002-00007342;31/03/2026;34052.0;1.0;31/03/2026;7.0;Pago;110115;Banco Galicia cta cte Laguna;Deudor;0.0000;134849714.3900;485271394.64;No
OP;76521;0002-00007359;30/03/2026;34053.0;1.0;30/03/2026;7.0;Pago;110101;Caja Huidobro;Deudor;0.0000;288000.0000;766267080.19;No
OP;76521;0002-00007359;30/03/2026;34053.0;1.0;30/03/2026;7.0;Pago;410246;Servicios de Limpieza;Deudor;288000.0000;0.0000;936000.00;No
OP;76631;0002-00007367;07/04/2026;16284.0;2.0;07/04/2026;7.0;Pago;210101;Proveedores;Acreedor;12474635.9900;0.0000;2190297763.95;No
OP;76631;0002-00007367;07/04/2026;16284.0;2.0;07/04/2026;7.0;Pago;210404;Retenciones IIBB a Pagar;Acreedor;0.0000;9795.5500;5072243.48;No
OP;76631;0002-00007367;07/04/2026;16284.0;2.0;07/04/2026;7.0;Pago;110115;Banco Galicia cta cte Laguna;Deudor;0.0000;12464840.4400;-593763390.91;No
OP;76632;0002-00007368;07/04/2026;16285.0;2.0;07/04/2026;7.0;Pago;210101;Proveedores;Acreedor;9669084.1500;0.0000;2180628679.80;No
OP;76632;0002-00007368;07/04/2026;16285.0;2.0;07/04/2026;7.0;Pago;210404;Retenciones IIBB a Pagar;Acreedor;0.0000;38831.6600;5111075.14;No
OP;76632;0002-00007368;07/04/2026;16285.0;2.0;07/04/2026;7.0;Pago;110115;Banco Galicia cta cte Laguna;Deudor;0.0000;9630252.4900;-603393643.40;No
OP;76858;0002-00007371;08/04/2026;16287.0;2.0;08/04/2026;7.0;Pago;110101;Caja Huidobro;Deudor;0.0000;80702.6800;-427917074.89;No
OP;76858;0002-00007371;08/04/2026;16287.0;2.0;08/04/2026;7.0;Pago;210101;Proveedores;Acreedor;82398.1100;0.0000;2180628679.80;No
OP;76858;0002-00007371;08/04/2026;16287.0;2.0;08/04/2026;7.0;Pago;210404;Retenciones IIBB a Pagar;Acreedor;0.0000;1695.4300;5112770.57;No
OP;79307;0002-00007435;16/04/2026;16290.0;2.0;16/04/2026;7.0;Pago;210101;Proveedores;Acreedor;8824979.3300;0.0000;2184587116.61;No
OP;79307;0002-00007435;16/04/2026;16290.0;2.0;16/04/2026;7.0;Pago;110115;Banco Galicia cta cte Laguna;Deudor;0.0000;8824979.3300;-612218622.73;No
OP;79308;0002-00007436;16/04/2026;16291.0;2.0;16/04/2026;7.0;Pago;210101;Proveedores;Acreedor;3958436.8100;0.0000;2180628679.80;No
OP;79308;0002-00007436;16/04/2026;16291.0;2.0;16/04/2026;7.0;Pago;110115;Banco Galicia cta cte Laguna;Deudor;0.0000;3958436.8100;-616177059.54;No
OP;80704;0002-00007455;22/04/2026;16292.0;2.0;22/04/2026;7.0;Pago;110101;Caja Huidobro;Deudor;0.0000;13.0000;-427917087.89;No
OP;80704;0002-00007455;22/04/2026;16292.0;2.0;22/04/2026;7.0;Pago;410241;Redondeo;Deudor;13.0000;0.0000;1790.97;No
OP;80820;0002-00007456;23/04/2026;16293.0;2.0;23/04/2026;7.0;Pago;110101;Caja Huidobro;Deudor;0.0000;2008000.0000;-429925087.89;No
OP;80820;0002-00007456;23/04/2026;16293.0;2.0;23/04/2026;7.0;Pago;210101;Proveedores;Acreedor;2008000.0000;0.0000;2178620679.80;No
OP;81124;0002-00007457;23/04/2026;16294.0;2.0;23/04/2026;7.0;Pago;210101;Proveedores;Acreedor;63362497.8300;0.0000;2115258181.97;No
OP;81124;0002-00007457;23/04/2026;16294.0;2.0;23/04/2026;7.0;Pago;210404;Retenciones IIBB a Pagar;Acreedor;0.0000;49754.6100;5162525.18;No
OP;81124;0002-00007457;23/04/2026;16294.0;2.0;23/04/2026;7.0;Pago;110115;Banco Galicia cta cte Laguna;Deudor;0.0000;63312743.2200;-679489802.76;No
OP;81126;0002-00007458;23/04/2026;16295.0;2.0;23/04/2026;7.0;Pago;210101;Proveedores;Acreedor;4468224.9600;0.0000;2110789957.01;No
OP;81126;0002-00007458;23/04/2026;16295.0;2.0;23/04/2026;7.0;Pago;210404;Retenciones IIBB a Pagar;Acreedor;0.0000;90743.8100;5253268.99;No
OP;81126;0002-00007458;23/04/2026;16295.0;2.0;23/04/2026;7.0;Pago;110114;Banco Galicia cta cte Caseros;Deudor;0.0000;4377481.1500;667582153.36;No
OP;88366;0002-00007616;19/05/2026;16299.0;2.0;19/05/2026;7.0;Pago;210101;Proveedores;Acreedor;250000.0000;0.0000;2114641374.30;No
OP;88366;0002-00007616;19/05/2026;16299.0;2.0;19/05/2026;7.0;Pago;110110;Cheques pend Acreditacion;Deudor;0.0000;250000.0000;3139131362.37;No
OP;88658;0002-00007627;20/05/2026;16300.0;2.0;20/05/2026;7.0;Pago;110101;Caja Huidobro;Deudor;0.0000;51050.0000;-429976137.89;No
OP;88658;0002-00007627;20/05/2026;16300.0;2.0;20/05/2026;7.0;Pago;210101;Proveedores;Acreedor;2045274.0000;0.0000;2112596100.30;No
OP;88658;0002-00007627;20/05/2026;16300.0;2.0;20/05/2026;7.0;Pago;110110;Cheques pend Acreditacion;Deudor;0.0000;1994224.0000;3137137138.37;No
OP;93064;0002-00007697;04/06/2026;16302.0;2.0;04/06/2026;7.0;Pago;110101;Caja Huidobro;Deudor;0.0000;65400.0000;-430041537.89;No
OP;93064;0002-00007697;04/06/2026;16302.0;2.0;04/06/2026;7.0;Pago;210101;Proveedores;Acreedor;488900.0000;0.0000;2112596100.30;No
OP;93064;0002-00007697;04/06/2026;16302.0;2.0;04/06/2026;7.0;Pago;110110;Cheques pend Acreditacion;Deudor;0.0000;423500.0000;3136713638.37;No
OP;102727;0002-00007796;02/07/2026;16306.0;2.0;02/07/2026;7.0;Pago;110101;Caja Huidobro;Deudor;0.0000;69809.7600;-430111347.65;No
OP;102727;0002-00007796;02/07/2026;16306.0;2.0;02/07/2026;7.0;Pago;210101;Proveedores;Acreedor;71276.3500;0.0000;2125463941.39;No
OP;102727;0002-00007796;02/07/2026;16306.0;2.0;02/07/2026;7.0;Pago;210404;Retenciones IIBB a Pagar;Acreedor;0.0000;1466.5900;5254735.58;No
OP;104378;0002-00007822;08/07/2026;16308.0;2.0;08/07/2026;7.0;Pago;110101;Caja Huidobro;Deudor;0.0000;526100.8900;-430637448.54;No
OP;104378;0002-00007822;08/07/2026;16308.0;2.0;08/07/2026;7.0;Pago;210101;Proveedores;Acreedor;537200.0700;0.0000;2125463941.39;No
OP;104378;0002-00007822;08/07/2026;16308.0;2.0;08/07/2026;7.0;Pago;210404;Retenciones IIBB a Pagar;Acreedor;0.0000;11099.1800;5265834.76;No
OP;106300;0002-00007837;08/08/2025;34056.0;1.0;08/08/2025;7.0;Pago;210101;Proveedores;Acreedor;47000000.0000;0.0000;8413461631.50;No
OP;106300;0002-00007837;08/08/2025;34056.0;1.0;08/08/2025;7.0;Pago;110120;Banco Galicia Caja Ahorro U$D;Deudor;0.0000;47000000.0000;259732354.13;No
OP;106302;0002-00007838;11/08/2025;34057.0;1.0;11/08/2025;7.0;Pago;210101;Proveedores;Acreedor;11500000.0000;0.0000;8401961631.50;No
OP;106302;0002-00007838;11/08/2025;34057.0;1.0;11/08/2025;7.0;Pago;110120;Banco Galicia Caja Ahorro U$D;Deudor;0.0000;11500000.0000;248232354.13;No
OP;106354;0002-00007840;02/09/2025;34058.0;1.0;02/09/2025;7.0;Pago;410401;Comisiones Bancarias;Deudor;16720.0000;0.0000;148403504.67;No
OP;106354;0002-00007840;02/09/2025;34058.0;1.0;02/09/2025;7.0;Pago;110120;Banco Galicia Caja Ahorro U$D;Deudor;0.0000;16720.0000;248215634.13;No
OP;106426;0002-00007841;31/10/2025;34059.0;1.0;31/10/2025;7.0;Pago;410401;Comisiones Bancarias;Deudor;6698493.5000;0.0000;155101998.17;No
OP;106426;0002-00007841;31/10/2025;34059.0;1.0;31/10/2025;7.0;Pago;110120;Banco Galicia Caja Ahorro U$D;Deudor;0.0000;6698493.5000;241517140.63;No
OP;106486;0002-00007843;15/07/2026;16309.0;2.0;15/07/2026;7.0;Pago;210101;Proveedores;Acreedor;3041225.0100;0.0000;2122422716.38;No
OP;106486;0002-00007843;15/07/2026;16309.0;2.0;15/07/2026;7.0;Pago;110121;Banco Santander;Deudor;0.0000;3041225.0100;-133522078.87;No
OP;106487;0002-00007844;15/07/2026;16310.0;2.0;15/07/2026;7.0;Pago;210101;Proveedores;Acreedor;10489499.1800;0.0000;2111933217.20;No
OP;106487;0002-00007844;15/07/2026;16310.0;2.0;15/07/2026;7.0;Pago;210404;Retenciones IIBB a Pagar;Acreedor;0.0000;105422.1000;5371256.86;No
OP;106487;0002-00007844;15/07/2026;16310.0;2.0;15/07/2026;7.0;Pago;110121;Banco Santander;Deudor;0.0000;10384077.0800;-143906155.95;No
OP;106488;0002-00007845;15/07/2026;16311.0;2.0;15/07/2026;7.0;Pago;210101;Proveedores;Acreedor;1023035.6700;0.0000;2110910181.53;No
OP;106488;0002-00007845;15/07/2026;16311.0;2.0;15/07/2026;7.0;Pago;210404;Retenciones IIBB a Pagar;Acreedor;0.0000;24681.2000;5395938.06;No
OP;106488;0002-00007845;15/07/2026;16311.0;2.0;15/07/2026;7.0;Pago;110121;Banco Santander;Deudor;0.0000;998354.4700;-144904510.42;No
OP;106582;0002-00007846;15/07/2026;16312.0;2.0;15/07/2026;7.0;Pago;110114;Banco Galicia cta cte Caseros;Deudor;0.0000;3838371.4200;663743781.94;No
OP;106582;0002-00007846;15/07/2026;16312.0;2.0;15/07/2026;7.0;Pago;210315;SICORE a Pagar;Acreedor;3838371.4200;0.0000;-16333234.06;No
OP;107351;0002-00007866;17/07/2026;16313.0;2.0;17/07/2026;7.0;Pago;210101;Proveedores;Acreedor;14687363.8500;0.0000;2096222817.68;No
OP;107351;0002-00007866;17/07/2026;16313.0;2.0;17/07/2026;7.0;Pago;210404;Retenciones IIBB a Pagar;Acreedor;0.0000;354339.3000;5750277.36;No
OP;107351;0002-00007866;17/07/2026;16313.0;2.0;17/07/2026;7.0;Pago;110115;Banco Galicia cta cte Laguna;Deudor;0.0000;14333024.5500;-693822827.31;No
