pack_slug,seed_key,month,units,amount,units_men,units_women,amount_men,amount_women,city,store_type,uf,created_at,updated_at,batch_sha
levis_bw,name:686ff904edaa5668c56fc56503e990c30f0dc6580261c6c778bf84c7a1bd62a5,2026-03-01,2594.000000,60596752.96,0.000000,0.000000,0.00,0.00,Cap Fed,Levi's Store,"",2026-08-17 19:35:13.870525+00,2026-08-17 19:35:13.870531+00,ddf6b7bf66d90c925b29b18a3ddd11086df9afadab6075d41a256e3a53c959f5
levis_bw,name:686ff904edaa5668c56fc56503e990c30f0dc6580261c6c778bf84c7a1bd62a5,2026-04-01,1951.000000,44919824.00,0.000000,0.000000,0.00,0.00,Cap Fed,Levi's Store,"",2026-08-17 19:35:13.872745+00,2026-08-17 19:35:13.872753+00,ddf6b7bf66d90c925b29b18a3ddd11086df9afadab6075d41a256e3a53c959f5
levis_bw,name:686ff904edaa5668c56fc56503e990c30f0dc6580261c6c778bf84c7a1bd62a5,2026-05-01,2581.000000,59424944.00,0.000000,0.000000,0.00,0.00,Cap Fed,Levi's Store,"",2026-08-17 19:35:13.874265+00,2026-08-17 19:35:13.87427+00,ddf6b7bf66d90c925b29b18a3ddd11086df9afadab6075d41a256e3a53c959f5
levis_bw,name:686ff904edaa5668c56fc56503e990c30f0dc6580261c6c778bf84c7a1bd62a5,2026-06-01,5675.000000,153967163.26,0.000000,0.000000,0.00,0.00,Cap Fed,Levi's Store,"",2026-08-17 19:35:13.875554+00,2026-08-17 19:35:13.875558+00,ddf6b7bf66d90c925b29b18a3ddd11086df9afadab6075d41a256e3a53c959f5
levis_bw,name:686ff904edaa5668c56fc56503e990c30f0dc6580261c6c778bf84c7a1bd62a5,2026-07-01,2650.000000,74808825.50,0.000000,0.000000,0.00,0.00,Cap Fed,Levi's Store,"",2026-08-17 19:35:13.876916+00,2026-08-17 19:35:13.876921+00,ddf6b7bf66d90c925b29b18a3ddd11086df9afadab6075d41a256e3a53c959f5
levis_bw,name:85468b4a7c14bd63b1ca4134eb2057d5b0d226ea53d6cd261ad36c3f1cd6197c,2026-04-01,10.000000,249366.40,0.000000,0.000000,0.00,0.00,Cap Fed,Multibrand,"",2026-08-17 19:35:13.878335+00,2026-08-17 19:35:13.87834+00,ddf6b7bf66d90c925b29b18a3ddd11086df9afadab6075d41a256e3a53c959f5
levis_bw,name:85468b4a7c14bd63b1ca4134eb2057d5b0d226ea53d6cd261ad36c3f1cd6197c,2026-06-01,20.000000,498732.80,0.000000,0.000000,0.00,0.00,Cap Fed,Multibrand,"",2026-08-17 19:35:13.879688+00,2026-08-17 19:35:13.879693+00,ddf6b7bf66d90c925b29b18a3ddd11086df9afadab6075d41a256e3a53c959f5
levis_bw,name:28716d6237c1326d06592e92aabb64f2c905e482a17d57f5c5c7bb1d0f915bde,2026-05-01,32.000000,847845.76,0.000000,0.000000,0.00,0.00,Cap Fed,Levi's Store (franchise),"",2026-08-17 19:35:13.881042+00,2026-08-17 19:35:13.881049+00,ddf6b7bf66d90c925b29b18a3ddd11086df9afadab6075d41a256e3a53c959f5
levis_bw,name:28716d6237c1326d06592e92aabb64f2c905e482a17d57f5c5c7bb1d0f915bde,2026-06-01,60.000000,1589710.80,0.000000,0.000000,0.00,0.00,Cap Fed,Levi's Store (franchise),"",2026-08-17 19:35:13.882466+00,2026-08-17 19:35:13.882472+00,ddf6b7bf66d90c925b29b18a3ddd11086df9afadab6075d41a256e3a53c959f5
levis_bw,name:28716d6237c1326d06592e92aabb64f2c905e482a17d57f5c5c7bb1d0f915bde,2026-07-01,53.000000,1472369.15,0.000000,0.000000,0.00,0.00,Cap Fed,Levi's Store (franchise),"",2026-08-17 19:35:13.883777+00,2026-08-17 19:35:13.883782+00,ddf6b7bf66d90c925b29b18a3ddd11086df9afadab6075d41a256e3a53c959f5
levis_bw,name:91f98e48683849c96e7b1bc6fe8ea1224ef39c2b3120cfe47a70c394ae342981,2026-06-01,36.000000,953826.48,0.000000,0.000000,0.00,0.00,Cap Fed,Levi's Store (franchise),"",2026-08-17 19:35:13.885129+00,2026-08-17 19:35:13.885133+00,ddf6b7bf66d90c925b29b18a3ddd11086df9afadab6075d41a256e3a53c959f5
levis_bw,name:d586370b9996866d4ec33ce311625174aeba293c5d631db3205ee3a6e914605d,2026-01-01,76.000000,2013633.68,0.000000,0.000000,0.00,0.00,Cap Fed,Levi's Store (franchise),"",2026-08-17 19:35:13.886371+00,2026-08-17 19:35:13.886374+00,ddf6b7bf66d90c925b29b18a3ddd11086df9afadab6075d41a256e3a53c959f5
levis_bw,name:d586370b9996866d4ec33ce311625174aeba293c5d631db3205ee3a6e914605d,2026-04-01,49.000000,1298263.82,0.000000,0.000000,0.00,0.00,Cap Fed,Levi's Store (franchise),"",2026-08-17 19:35:13.88772+00,2026-08-17 19:35:13.887726+00,ddf6b7bf66d90c925b29b18a3ddd11086df9afadab6075d41a256e3a53c959f5
levis_bw,name:fd374e5b30a4cb3863ecebb25b75ce2afe06b6e4e030763d113eed80303bf7ba,2026-06-01,26.000000,688874.68,0.000000,0.000000,0.00,0.00,Cap Fed,Levi's Store (franchise),"",2026-08-17 19:35:13.888985+00,2026-08-17 19:35:13.88899+00,ddf6b7bf66d90c925b29b18a3ddd11086df9afadab6075d41a256e3a53c959f5
levis_bw,name:32b66cb4b8c1552a7d5b24ca333f68d2add7758403a7af163ebea30853e6a992,2026-01-01,66.000000,1753348.38,0.000000,0.000000,0.00,0.00,Cap Fed,Levi's Store (franchise),"",2026-08-17 19:35:13.890326+00,2026-08-17 19:35:13.89033+00,ddf6b7bf66d90c925b29b18a3ddd11086df9afadab6075d41a256e3a53c959f5
levis_bw,name:32b66cb4b8c1552a7d5b24ca333f68d2add7758403a7af163ebea30853e6a992,2026-06-01,44.000000,1165787.92,0.000000,0.000000,0.00,0.00,Cap Fed,Levi's Store (franchise),"",2026-08-17 19:35:13.891641+00,2026-08-17 19:35:13.891645+00,ddf6b7bf66d90c925b29b18a3ddd11086df9afadab6075d41a256e3a53c959f5
levis_bw,name:7bf19cd22676807d8ddc2c49f4fc471f516f9b0886634308848ddac5adff97d3,2026-01-01,44.000000,1165787.92,0.000000,0.000000,0.00,0.00,Cap Fed,Levi's Store (franchise),"",2026-08-17 19:35:13.892919+00,2026-08-17 19:35:13.892923+00,ddf6b7bf66d90c925b29b18a3ddd11086df9afadab6075d41a256e3a53c959f5
levis_bw,name:229d3c15bb863526b1885dbbed750dcbe5a34881a7c9c2336e2c7c3463ba3fb9,2026-01-01,30.000000,794855.40,0.000000,0.000000,0.00,0.00,Cap Fed,Levi's Store (franchise),"",2026-08-17 19:35:13.894129+00,2026-08-17 19:35:13.894132+00,ddf6b7bf66d90c925b29b18a3ddd11086df9afadab6075d41a256e3a53c959f5
levis_bw,name:229d3c15bb863526b1885dbbed750dcbe5a34881a7c9c2336e2c7c3463ba3fb9,2026-02-01,30.000000,794855.40,0.000000,0.000000,0.00,0.00,Cap Fed,Levi's Store (franchise),"",2026-08-17 19:35:13.895312+00,2026-08-17 19:35:13.895316+00,ddf6b7bf66d90c925b29b18a3ddd11086df9afadab6075d41a256e3a53c959f5
levis_bw,name:229d3c15bb863526b1885dbbed750dcbe5a34881a7c9c2336e2c7c3463ba3fb9,2026-05-01,55.000000,1457234.90,0.000000,0.000000,0.00,0.00,Cap Fed,Levi's Store (franchise),"",2026-08-17 19:35:13.896504+00,2026-08-17 19:35:13.896507+00,ddf6b7bf66d90c925b29b18a3ddd11086df9afadab6075d41a256e3a53c959f5
levis_bw,name:30249a2e38b3287a82146a2d0ff077f6269f5bdb76d0aab02acb13248b3d0108,2026-06-01,96.000000,2543537.28,0.000000,0.000000,0.00,0.00,Cap Fed,Levi's Store (franchise),"",2026-08-17 19:35:13.897662+00,2026-08-17 19:35:13.897666+00,ddf6b7bf66d90c925b29b18a3ddd11086df9afadab6075d41a256e3a53c959f5
levis_bw,name:bd6245b77d05387e799b6d13f25c965ab51d86b68f68ccc0195f67c84d147d5e,2026-05-01,64.000000,1695691.52,0.000000,0.000000,0.00,0.00,Cap Fed,Levi's Store (franchise),"",2026-08-17 19:35:13.898828+00,2026-08-17 19:35:13.898831+00,ddf6b7bf66d90c925b29b18a3ddd11086df9afadab6075d41a256e3a53c959f5
levis_bw,name:b24ab05426efed3a2d99a36b9358e06adc5e9f328bc5e2bf7a8e7f00a62b51e2,2026-04-01,18.000000,476913.24,0.000000,0.000000,0.00,0.00,Cap Fed,Multibrand,"",2026-08-17 19:35:13.900032+00,2026-08-17 19:35:13.900036+00,ddf6b7bf66d90c925b29b18a3ddd11086df9afadab6075d41a256e3a53c959f5
levis_bw,name:b24ab05426efed3a2d99a36b9358e06adc5e9f328bc5e2bf7a8e7f00a62b51e2,2026-05-01,27.000000,841611.60,0.000000,0.000000,0.00,0.00,Cap Fed,Multibrand,"",2026-08-17 19:35:13.901235+00,2026-08-17 19:35:13.901239+00,ddf6b7bf66d90c925b29b18a3ddd11086df9afadab6075d41a256e3a53c959f5
levis_bw,name:9763df01ce30aa3b9ddd9067b7df2d6c277004a089ed08cb875aaf2b182a64ae,2026-06-01,35.000000,1090978.00,0.000000,0.000000,0.00,0.00,Sur,Multibrand,"",2026-08-17 19:35:13.902393+00,2026-08-17 19:35:13.902396+00,ddf6b7bf66d90c925b29b18a3ddd11086df9afadab6075d41a256e3a53c959f5
levis_bw,name:d11f1bd5cf6a24db42d5880f6fe538124558683eac8aebc0af3c14b7153f32a4,2026-06-01,36.000000,1122148.80,0.000000,0.000000,0.00,0.00,Sur,Multibrand,"",2026-08-17 19:35:13.903677+00,2026-08-17 19:35:13.903681+00,ddf6b7bf66d90c925b29b18a3ddd11086df9afadab6075d41a256e3a53c959f5
levis_bw,name:a65b3d5d22ae4e3e63ae5ebced90dc2bc0fa1767d8f931a5cef48f8ed0d03073,2026-06-01,144.000000,3860191.80,0.000000,0.000000,0.00,0.00,Noa,Multibrand,"",2026-08-17 19:35:13.905134+00,2026-08-17 19:35:13.905137+00,ddf6b7bf66d90c925b29b18a3ddd11086df9afadab6075d41a256e3a53c959f5
levis_bw,name:08fb4475b65a07ab56c4a6d4aff5a3541317c7754340afb3936b3734d9d7739c,2026-02-01,17.000000,539663.60,0.000000,0.000000,0.00,0.00,Córdoba,Multibrand,"",2026-08-17 19:35:13.906407+00,2026-08-17 19:35:13.906411+00,ddf6b7bf66d90c925b29b18a3ddd11086df9afadab6075d41a256e3a53c959f5
levis_bw,name:3cb421cd990b077c111dfc60823b0ccdf26dbbe36bcb91bc2d4c3d14192f93e4,2026-04-01,17.000000,529903.60,0.000000,0.000000,0.00,0.00,Córdoba,Multibrand,"",2026-08-17 19:35:13.907641+00,2026-08-17 19:35:13.907645+00,ddf6b7bf66d90c925b29b18a3ddd11086df9afadab6075d41a256e3a53c959f5
levis_bw,name:d14904bc50de6977024499f60f8fb82c94240a1eb0bb85b6a6ccbb3b8cc0db85,2026-06-01,9.000000,280537.20,0.000000,0.000000,0.00,0.00,Córdoba,Multibrand,"",2026-08-17 19:35:13.908816+00,2026-08-17 19:35:13.908819+00,ddf6b7bf66d90c925b29b18a3ddd11086df9afadab6075d41a256e3a53c959f5
levis_bw,name:d14904bc50de6977024499f60f8fb82c94240a1eb0bb85b6a6ccbb3b8cc0db85,2026-07-01,-1.000000,-14026.86,0.000000,0.000000,0.00,0.00,Córdoba,Multibrand,"",2026-08-17 19:35:13.909967+00,2026-08-17 19:35:13.90997+00,ddf6b7bf66d90c925b29b18a3ddd11086df9afadab6075d41a256e3a53c959f5
levis_bw,name:f1f4051aafcb46be763bea317b215a2194c65cd1a6d2f7f6670a981148fe6076,2026-05-01,137.000000,3843359.64,0.000000,0.000000,0.00,0.00,Córdoba,Multibrand,"",2026-08-17 19:35:13.911124+00,2026-08-17 19:35:13.911127+00,ddf6b7bf66d90c925b29b18a3ddd11086df9afadab6075d41a256e3a53c959f5
levis_bw,name:d5872f71147ff1e45c9a0b0d6943fbb72788c6e6ba8e40ebfa9563c8dc805d80,2026-04-01,96.000000,2693157.12,0.000000,0.000000,0.00,0.00,Córdoba,Multibrand,"",2026-08-17 19:35:13.91224+00,2026-08-17 19:35:13.912243+00,ddf6b7bf66d90c925b29b18a3ddd11086df9afadab6075d41a256e3a53c959f5
levis_bw,name:a85acad23e9fd23aa1f409993c892d778ef4d2d8707a19991ce4dfb27b3f89e3,2026-04-01,82.000000,2556005.60,0.000000,0.000000,0.00,0.00,GBA,Multibrand,"",2026-08-17 19:35:13.913355+00,2026-08-17 19:35:13.913358+00,ddf6b7bf66d90c925b29b18a3ddd11086df9afadab6075d41a256e3a53c959f5
levis_bw,name:3e57e0e2d6b77feb151a14efd165530d5a3d6e5b94e8c0df8331641d92b6d683,2026-06-01,52.000000,1620881.60,0.000000,0.000000,0.00,0.00,GBA,Multibrand,"",2026-08-17 19:35:13.914482+00,2026-08-17 19:35:13.914484+00,ddf6b7bf66d90c925b29b18a3ddd11086df9afadab6075d41a256e3a53c959f5
levis_bw,name:c30f50f9482d0237d845703ecc9864e7b83f68a9039f5fe2b2601a10103ae9d3,2026-06-01,31.000000,966294.80,0.000000,0.000000,0.00,0.00,GBA,Multibrand,"",2026-08-17 19:35:13.915592+00,2026-08-17 19:35:13.915595+00,ddf6b7bf66d90c925b29b18a3ddd11086df9afadab6075d41a256e3a53c959f5
levis_lw_dz,name:a55c5e432f20b9edaf99fc8bb2f1fae688be3f367c97cbbb21524603e748b1d2,2026-02-01,1628.666000,46608486.24,0.000000,0.000000,0.00,0.00,Cap Fed,Levi's Store,"",2026-08-17 19:35:13.916696+00,2026-08-17 19:35:13.916699+00,965d15fdf602d753a3b5bf91eb80f25c29da913c4f03a215be358486714a37ec
levis_lw_dz,name:a55c5e432f20b9edaf99fc8bb2f1fae688be3f367c97cbbb21524603e748b1d2,2026-03-01,1196.670000,42090362.60,0.000000,0.000000,0.00,0.00,Cap Fed,Levi's Store,"",2026-08-17 19:35:13.917814+00,2026-08-17 19:35:13.917817+00,965d15fdf602d753a3b5bf91eb80f25c29da913c4f03a215be358486714a37ec
levis_lw_dz,name:a55c5e432f20b9edaf99fc8bb2f1fae688be3f367c97cbbb21524603e748b1d2,2026-04-01,24.333000,901233.28,0.000000,0.000000,0.00,0.00,Cap Fed,Levi's Store,"",2026-08-17 19:35:13.918912+00,2026-08-17 19:35:13.918915+00,965d15fdf602d753a3b5bf91eb80f25c29da913c4f03a215be358486714a37ec
levis_lw_dz,name:a55c5e432f20b9edaf99fc8bb2f1fae688be3f367c97cbbb21524603e748b1d2,2026-05-01,1941.667000,58989904.00,0.000000,0.000000,0.00,0.00,Cap Fed,Levi's Store,"",2026-08-17 19:35:13.920041+00,2026-08-17 19:35:13.920044+00,965d15fdf602d753a3b5bf91eb80f25c29da913c4f03a215be358486714a37ec
levis_lw_dz,name:a55c5e432f20b9edaf99fc8bb2f1fae688be3f367c97cbbb21524603e748b1d2,2026-07-01,2876.834000,116807314.20,0.000000,0.000000,0.00,0.00,Cap Fed,Levi's Store,"",2026-08-17 19:35:13.921301+00,2026-08-17 19:35:13.921306+00,965d15fdf602d753a3b5bf91eb80f25c29da913c4f03a215be358486714a37ec
levis_lw_dz,name:cb8dbf65fa6efb9d81fc4962c6df815fbf6ba20c53c39d79d31425b13953795b,2026-04-01,0.750000,19317.12,0.000000,0.000000,0.00,0.00,Cap Fed,Multibrand,"",2026-08-17 19:35:13.92252+00,2026-08-17 19:35:13.922524+00,965d15fdf602d753a3b5bf91eb80f25c29da913c4f03a215be358486714a37ec
levis_lw_dz,name:208814360c25ec35bd3b6670ec6b96c5b8d8cf55a791d458f8a96ea2688fa6ec,2026-05-01,7.500000,256991.04,0.000000,0.000000,0.00,0.00,Cap Fed,Levi's Store (franchise),"",2026-08-17 19:35:13.923658+00,2026-08-17 19:35:13.923661+00,965d15fdf602d753a3b5bf91eb80f25c29da913c4f03a215be358486714a37ec
levis_lw_dz,name:208814360c25ec35bd3b6670ec6b96c5b8d8cf55a791d458f8a96ea2688fa6ec,2026-07-01,12.500000,473182.59,0.000000,0.000000,0.00,0.00,Cap Fed,Levi's Store (franchise),"",2026-08-17 19:35:13.924805+00,2026-08-17 19:35:13.92481+00,965d15fdf602d753a3b5bf91eb80f25c29da913c4f03a215be358486714a37ec
levis_lw_dz,name:f571b4738aece2dc024a1d86fc7ba9a6adfea6bde53c02792334ca8cc0488562,2026-06-01,8.500000,313961.61,0.000000,0.000000,0.00,0.00,Cap Fed,Levi's Store (franchise),"",2026-08-17 19:35:13.926343+00,2026-08-17 19:35:13.926346+00,965d15fdf602d753a3b5bf91eb80f25c29da913c4f03a215be358486714a37ec
levis_lw_dz,name:7914a0ffe191edd7c984469293c18f3bdb411328773300607f75f9d8040c3bf1,2026-01-01,19.000000,653798.58,0.000000,0.000000,0.00,0.00,Cap Fed,Levi's Store (franchise),"",2026-08-17 19:35:13.927514+00,2026-08-17 19:35:13.927517+00,965d15fdf602d753a3b5bf91eb80f25c29da913c4f03a215be358486714a37ec
levis_lw_dz,name:7914a0ffe191edd7c984469293c18f3bdb411328773300607f75f9d8040c3bf1,2026-04-01,19.000000,692602.44,0.000000,0.000000,0.00,0.00,Cap Fed,Levi's Store (franchise),"",2026-08-17 19:35:13.928646+00,2026-08-17 19:35:13.928649+00,965d15fdf602d753a3b5bf91eb80f25c29da913c4f03a215be358486714a37ec
levis_lw_dz,name:1b9f2965375e4bd50f083ed279fe18c882542fbeb68c3ca38df4007aff387134,2026-06-01,15.500000,510499.29,0.000000,0.000000,0.00,0.00,Cap Fed,Levi's Store (franchise),"",2026-08-17 19:35:13.929828+00,2026-08-17 19:35:13.929832+00,965d15fdf602d753a3b5bf91eb80f25c29da913c4f03a215be358486714a37ec
levis_lw_dz,name:b4bc0b434ea2c2e12424e89609d90cb949ba227ba05b0f9b5edd7c8de6a201e9,2026-01-01,15.000000,509006.52,0.000000,0.000000,0.00,0.00,Cap Fed,Levi's Store (franchise),"",2026-08-17 19:35:13.930998+00,2026-08-17 19:35:13.931001+00,965d15fdf602d753a3b5bf91eb80f25c29da913c4f03a215be358486714a37ec
levis_lw_dz,name:b4bc0b434ea2c2e12424e89609d90cb949ba227ba05b0f9b5edd7c8de6a201e9,2026-06-01,4.000000,157727.19,0.000000,0.000000,0.00,0.00,Cap Fed,Levi's Store (franchise),"",2026-08-17 19:35:13.932184+00,2026-08-17 19:35:13.932187+00,965d15fdf602d753a3b5bf91eb80f25c29da913c4f03a215be358486714a37ec
levis_lw_dz,name:87e1ecf950b921c66ea76f1796700fa42aef1a56318a1fa95a7fe124a12c5475,2026-01-01,22.000000,742114.77,0.000000,0.000000,0.00,0.00,Cap Fed,Levi's Store (franchise),"",2026-08-17 19:35:13.933388+00,2026-08-17 19:35:13.933392+00,965d15fdf602d753a3b5bf91eb80f25c29da913c4f03a215be358486714a37ec
levis_lw_dz,name:17811fe6cba177c8736889dc5750a962333422d444718dc6ed3949950504fafa,2026-01-01,13.500000,467748.54,0.000000,0.000000,0.00,0.00,Cap Fed,Levi's Store (franchise),"",2026-08-17 19:35:13.934562+00,2026-08-17 19:35:13.934566+00,965d15fdf602d753a3b5bf91eb80f25c29da913c4f03a215be358486714a37ec
levis_lw_dz,name:17811fe6cba177c8736889dc5750a962333422d444718dc6ed3949950504fafa,2026-02-01,14.500000,504030.96,0.000000,0.000000,0.00,0.00,Cap Fed,Levi's Store (franchise),"",2026-08-17 19:35:13.935865+00,2026-08-17 19:35:13.935868+00,965d15fdf602d753a3b5bf91eb80f25c29da913c4f03a215be358486714a37ec
levis_lw_dz,name:17811fe6cba177c8736889dc5750a962333422d444718dc6ed3949950504fafa,2026-05-01,15.500000,515474.85,0.000000,0.000000,0.00,0.00,Cap Fed,Levi's Store (franchise),"",2026-08-17 19:35:13.937132+00,2026-08-17 19:35:13.937136+00,965d15fdf602d753a3b5bf91eb80f25c29da913c4f03a215be358486714a37ec
levis_lw_dz,name:4c4d48c03f59387dee7e69d3a76670db84ce9cc787b7ce700e95454f8084b7f4,2026-06-01,7.000000,269181.57,0.000000,0.000000,0.00,0.00,Cap Fed,Levi's Store (franchise),"",2026-08-17 19:35:13.938843+00,2026-08-17 19:35:13.938848+00,965d15fdf602d753a3b5bf91eb80f25c29da913c4f03a215be358486714a37ec
levis_lw_dz,name:0903be3b82427ec85a84a5b69c5ea371438dd8f451591d4f99969a84d7f3eac1,2026-05-01,2.000000,79112.22,0.000000,0.000000,0.00,0.00,Cap Fed,Levi's Store (franchise),"",2026-08-17 19:35:13.940588+00,2026-08-17 19:35:13.940592+00,965d15fdf602d753a3b5bf91eb80f25c29da913c4f03a215be358486714a37ec
levis_lw_dz,name:f951c94d7075fc7f9117c3cc06c8c61e8a4d10fe29e46ceebef4568e284c9fd1,2026-04-01,5.000000,196039.92,0.000000,0.000000,0.00,0.00,Cap Fed,Multibrand,"",2026-08-17 19:35:13.941783+00,2026-08-17 19:35:13.941786+00,965d15fdf602d753a3b5bf91eb80f25c29da913c4f03a215be358486714a37ec
levis_lw_dz,name:3d622861852d0aca87544429ea6ae134d0e97a6cade64cfba544d5cc072203a9,2026-06-01,7.000000,322537.80,0.000000,0.000000,0.00,0.00,Sur,Multibrand,"",2026-08-17 19:35:13.942965+00,2026-08-17 19:35:13.942969+00,965d15fdf602d753a3b5bf91eb80f25c29da913c4f03a215be358486714a37ec
levis_lw_dz,name:fb4bcec5c140b85450dbacd99386988d3245c1960307084de727a22b046f5528,2026-02-01,15.000000,570147.60,0.000000,0.000000,0.00,0.00,Cuyo,Multibrand,"",2026-08-17 19:35:13.944133+00,2026-08-17 19:35:13.944136+00,965d15fdf602d753a3b5bf91eb80f25c29da913c4f03a215be358486714a37ec
levis_lw_dz,name:e18fe8bf4f8ce911e00030a87f54361f242c07eaa38395f53e5721d42bbc719c,2026-04-01,14.000000,583026.00,0.000000,0.000000,0.00,0.00,Cuyo,Multibrand,"",2026-08-17 19:35:13.94533+00,2026-08-17 19:35:13.945334+00,965d15fdf602d753a3b5bf91eb80f25c29da913c4f03a215be358486714a37ec
levis_lw_dz,name:6fb4548c3dc1bdab98206d04dfa98c129a82bb0233305da32b8093a1a683345f,2026-05-01,202.500000,7446766.32,0.000000,0.000000,0.00,0.00,Córdoba,Multibrand,"",2026-08-17 19:35:13.946538+00,2026-08-17 19:35:13.946541+00,965d15fdf602d753a3b5bf91eb80f25c29da913c4f03a215be358486714a37ec
levis_lw_dz,name:bc5c675af4a7b033c2dd865bbd35ea2283a4c8c8de074fbe3dd21ce5c2a6c927,2026-01-01,91.500000,2604396.78,0.000000,0.000000,0.00,0.00,Córdoba,Multibrand,"",2026-08-17 19:35:13.947731+00,2026-08-17 19:35:13.947734+00,965d15fdf602d753a3b5bf91eb80f25c29da913c4f03a215be358486714a37ec
levis_lw_dz,name:bc5c675af4a7b033c2dd865bbd35ea2283a4c8c8de074fbe3dd21ce5c2a6c927,2026-02-01,42.000000,1170618.48,0.000000,0.000000,0.00,0.00,Córdoba,Multibrand,"",2026-08-17 19:35:13.948891+00,2026-08-17 19:35:13.948894+00,965d15fdf602d753a3b5bf91eb80f25c29da913c4f03a215be358486714a37ec
levis_lw_dz,name:bc5c675af4a7b033c2dd865bbd35ea2283a4c8c8de074fbe3dd21ce5c2a6c927,2026-04-01,129.000000,4635059.76,0.000000,0.000000,0.00,0.00,Córdoba,Multibrand,"",2026-08-17 19:35:13.950064+00,2026-08-17 19:35:13.950067+00,965d15fdf602d753a3b5bf91eb80f25c29da913c4f03a215be358486714a37ec
levis_lw_dz,name:bc5c675af4a7b033c2dd865bbd35ea2283a4c8c8de074fbe3dd21ce5c2a6c927,2026-07-01,147.000000,5515396.92,0.000000,0.000000,0.00,0.00,Córdoba,Multibrand,"",2026-08-17 19:35:13.951222+00,2026-08-17 19:35:13.951225+00,965d15fdf602d753a3b5bf91eb80f25c29da913c4f03a215be358486714a37ec
levis_lw_dz,name:a2a27c83f99d1ff1221d92eb487a840b9f6b624a6e4140738d2293a6dab65400,2026-02-01,6.000000,193171.20,0.000000,0.000000,0.00,0.00,Córdoba,Multibrand,"",2026-08-17 19:35:13.952367+00,2026-08-17 19:35:13.95237+00,965d15fdf602d753a3b5bf91eb80f25c29da913c4f03a215be358486714a37ec
levis_lw_dz,name:13404ec6389832215b9a20c584d6639f4f9abc1dfc3305aa8cbf6d2e8ba78f7f,2026-04-01,100.000000,3420000.00,0.000000,0.000000,0.00,0.00,GBA,Multibrand,"",2026-08-17 19:35:13.953538+00,2026-08-17 19:35:13.953541+00,965d15fdf602d753a3b5bf91eb80f25c29da913c4f03a215be358486714a37ec
levis_lw_dz,name:aeea41870ad3cc0942eb11b3548169a8ed0b4aa372e9d3505a93a7422e41fe3c,2026-06-01,37.500000,1550346.00,0.000000,0.000000,0.00,0.00,GBA,Multibrand,"",2026-08-17 19:35:13.954841+00,2026-08-17 19:35:13.954844+00,965d15fdf602d753a3b5bf91eb80f25c29da913c4f03a215be358486714a37ec
levis_lw_dz,name:935e179dbeae7fcc6cda31398f3c736fd793576a4e481546177614188da1f858,2026-06-01,9.000000,368781.60,0.000000,0.000000,0.00,0.00,GBA,Multibrand,"",2026-08-17 19:35:13.95606+00,2026-08-17 19:35:13.956063+00,965d15fdf602d753a3b5bf91eb80f25c29da913c4f03a215be358486714a37ec
levis_lw_pk,name:a55c5e432f20b9edaf99fc8bb2f1fae688be3f367c97cbbb21524603e748b1d2,2026-02-01,7984.000000,46608486.24,0.000000,0.000000,0.00,0.00,Cap Fed,Levi's Store,"",2026-08-17 19:35:13.957235+00,2026-08-17 19:35:13.957238+00,a35db4cd5d87db8b617051dca6dcade0db7ef79d96c928be0ea234f57f03454d
levis_lw_pk,name:a55c5e432f20b9edaf99fc8bb2f1fae688be3f367c97cbbb21524603e748b1d2,2026-03-01,7180.000000,42090362.60,0.000000,0.000000,0.00,0.00,Cap Fed,Levi's Store,"",2026-08-17 19:35:13.958368+00,2026-08-17 19:35:13.958371+00,a35db4cd5d87db8b617051dca6dcade0db7ef79d96c928be0ea234f57f03454d
levis_lw_pk,name:a55c5e432f20b9edaf99fc8bb2f1fae688be3f367c97cbbb21524603e748b1d2,2026-04-01,146.000000,901233.28,0.000000,0.000000,0.00,0.00,Cap Fed,Levi's Store,"",2026-08-17 19:35:13.959531+00,2026-08-17 19:35:13.959534+00,a35db4cd5d87db8b617051dca6dcade0db7ef79d96c928be0ea234f57f03454d
levis_lw_pk,name:a55c5e432f20b9edaf99fc8bb2f1fae688be3f367c97cbbb21524603e748b1d2,2026-05-01,9300.000000,58989904.00,0.000000,0.000000,0.00,0.00,Cap Fed,Levi's Store,"",2026-08-17 19:35:13.96068+00,2026-08-17 19:35:13.960684+00,a35db4cd5d87db8b617051dca6dcade0db7ef79d96c928be0ea234f57f03454d
levis_lw_pk,name:a55c5e432f20b9edaf99fc8bb2f1fae688be3f367c97cbbb21524603e748b1d2,2026-07-01,13958.000000,116807314.20,0.000000,0.000000,0.00,0.00,Cap Fed,Levi's Store,"",2026-08-17 19:35:13.96179+00,2026-08-17 19:35:13.961792+00,a35db4cd5d87db8b617051dca6dcade0db7ef79d96c928be0ea234f57f03454d
levis_lw_pk,name:cb8dbf65fa6efb9d81fc4962c6df815fbf6ba20c53c39d79d31425b13953795b,2026-04-01,3.000000,19317.12,0.000000,0.000000,0.00,0.00,Cap Fed,Multibrand,"",2026-08-17 19:35:13.962892+00,2026-08-17 19:35:13.962895+00,a35db4cd5d87db8b617051dca6dcade0db7ef79d96c928be0ea234f57f03454d
levis_lw_pk,name:208814360c25ec35bd3b6670ec6b96c5b8d8cf55a791d458f8a96ea2688fa6ec,2026-05-01,42.000000,256991.04,0.000000,0.000000,0.00,0.00,Cap Fed,Levi's Store (franchise),"",2026-08-17 19:35:13.963927+00,2026-08-17 19:35:13.963929+00,a35db4cd5d87db8b617051dca6dcade0db7ef79d96c928be0ea234f57f03454d
levis_lw_pk,name:208814360c25ec35bd3b6670ec6b96c5b8d8cf55a791d458f8a96ea2688fa6ec,2026-07-01,66.000000,473182.59,0.000000,0.000000,0.00,0.00,Cap Fed,Levi's Store (franchise),"",2026-08-17 19:35:13.964928+00,2026-08-17 19:35:13.96493+00,a35db4cd5d87db8b617051dca6dcade0db7ef79d96c928be0ea234f57f03454d
levis_lw_pk,name:f571b4738aece2dc024a1d86fc7ba9a6adfea6bde53c02792334ca8cc0488562,2026-06-01,48.000000,313961.61,0.000000,0.000000,0.00,0.00,Cap Fed,Levi's Store (franchise),"",2026-08-17 19:35:13.965962+00,2026-08-17 19:35:13.965965+00,a35db4cd5d87db8b617051dca6dcade0db7ef79d96c928be0ea234f57f03454d
levis_lw_pk,name:7914a0ffe191edd7c984469293c18f3bdb411328773300607f75f9d8040c3bf1,2026-01-01,96.000000,653798.58,0.000000,0.000000,0.00,0.00,Cap Fed,Levi's Store (franchise),"",2026-08-17 19:35:13.967043+00,2026-08-17 19:35:13.967046+00,a35db4cd5d87db8b617051dca6dcade0db7ef79d96c928be0ea234f57f03454d
levis_lw_pk,name:7914a0ffe191edd7c984469293c18f3bdb411328773300607f75f9d8040c3bf1,2026-04-01,96.000000,692602.44,0.000000,0.000000,0.00,0.00,Cap Fed,Levi's Store (franchise),"",2026-08-17 19:35:13.968237+00,2026-08-17 19:35:13.96824+00,a35db4cd5d87db8b617051dca6dcade0db7ef79d96c928be0ea234f57f03454d
levis_lw_pk,name:1b9f2965375e4bd50f083ed279fe18c882542fbeb68c3ca38df4007aff387134,2026-06-01,72.000000,510499.29,0.000000,0.000000,0.00,0.00,Cap Fed,Levi's Store (franchise),"",2026-08-17 19:35:13.969345+00,2026-08-17 19:35:13.969348+00,a35db4cd5d87db8b617051dca6dcade0db7ef79d96c928be0ea234f57f03454d
levis_lw_pk,name:b4bc0b434ea2c2e12424e89609d90cb949ba227ba05b0f9b5edd7c8de6a201e9,2026-01-01,72.000000,509006.52,0.000000,0.000000,0.00,0.00,Cap Fed,Levi's Store (franchise),"",2026-08-17 19:35:13.970537+00,2026-08-17 19:35:13.97054+00,a35db4cd5d87db8b617051dca6dcade0db7ef79d96c928be0ea234f57f03454d
levis_lw_pk,name:b4bc0b434ea2c2e12424e89609d90cb949ba227ba05b0f9b5edd7c8de6a201e9,2026-06-01,24.000000,157727.19,0.000000,0.000000,0.00,0.00,Cap Fed,Levi's Store (franchise),"",2026-08-17 19:35:13.971833+00,2026-08-17 19:35:13.971836+00,a35db4cd5d87db8b617051dca6dcade0db7ef79d96c928be0ea234f57f03454d
levis_lw_pk,name:87e1ecf950b921c66ea76f1796700fa42aef1a56318a1fa95a7fe124a12c5475,2026-01-01,102.000000,742114.77,0.000000,0.000000,0.00,0.00,Cap Fed,Levi's Store (franchise),"",2026-08-17 19:35:13.973053+00,2026-08-17 19:35:13.973056+00,a35db4cd5d87db8b617051dca6dcade0db7ef79d96c928be0ea234f57f03454d
levis_lw_pk,name:17811fe6cba177c8736889dc5750a962333422d444718dc6ed3949950504fafa,2026-01-01,66.000000,467748.54,0.000000,0.000000,0.00,0.00,Cap Fed,Levi's Store (franchise),"",2026-08-17 19:35:13.974187+00,2026-08-17 19:35:13.97419+00,a35db4cd5d87db8b617051dca6dcade0db7ef79d96c928be0ea234f57f03454d
levis_lw_pk,name:17811fe6cba177c8736889dc5750a962333422d444718dc6ed3949950504fafa,2026-02-01,72.000000,504030.96,0.000000,0.000000,0.00,0.00,Cap Fed,Levi's Store (franchise),"",2026-08-17 19:35:13.975315+00,2026-08-17 19:35:13.975318+00,a35db4cd5d87db8b617051dca6dcade0db7ef79d96c928be0ea234f57f03454d
levis_lw_pk,name:17811fe6cba177c8736889dc5750a962333422d444718dc6ed3949950504fafa,2026-05-01,72.000000,515474.85,0.000000,0.000000,0.00,0.00,Cap Fed,Levi's Store (franchise),"",2026-08-17 19:35:13.976451+00,2026-08-17 19:35:13.976454+00,a35db4cd5d87db8b617051dca6dcade0db7ef79d96c928be0ea234f57f03454d
levis_lw_pk,name:4c4d48c03f59387dee7e69d3a76670db84ce9cc787b7ce700e95454f8084b7f4,2026-06-01,36.000000,269181.57,0.000000,0.000000,0.00,0.00,Cap Fed,Levi's Store (franchise),"",2026-08-17 19:35:13.97759+00,2026-08-17 19:35:13.977593+00,a35db4cd5d87db8b617051dca6dcade0db7ef79d96c928be0ea234f57f03454d
levis_lw_pk,name:0903be3b82427ec85a84a5b69c5ea371438dd8f451591d4f99969a84d7f3eac1,2026-05-01,12.000000,79112.22,0.000000,0.000000,0.00,0.00,Cap Fed,Levi's Store (franchise),"",2026-08-17 19:35:13.978753+00,2026-08-17 19:35:13.978756+00,a35db4cd5d87db8b617051dca6dcade0db7ef79d96c928be0ea234f57f03454d
levis_lw_pk,name:f951c94d7075fc7f9117c3cc06c8c61e8a4d10fe29e46ceebef4568e284c9fd1,2026-04-01,24.000000,196039.92,0.000000,0.000000,0.00,0.00,Cap Fed,Multibrand,"",2026-08-17 19:35:13.979888+00,2026-08-17 19:35:13.979891+00,a35db4cd5d87db8b617051dca6dcade0db7ef79d96c928be0ea234f57f03454d
levis_lw_pk,name:3d622861852d0aca87544429ea6ae134d0e97a6cade64cfba544d5cc072203a9,2026-06-01,36.000000,322537.80,0.000000,0.000000,0.00,0.00,Sur,Multibrand,"",2026-08-17 19:35:13.981038+00,2026-08-17 19:35:13.981042+00,a35db4cd5d87db8b617051dca6dcade0db7ef79d96c928be0ea234f57f03454d
levis_lw_pk,name:fb4bcec5c140b85450dbacd99386988d3245c1960307084de727a22b046f5528,2026-02-01,72.000000,570147.60,0.000000,0.000000,0.00,0.00,Cuyo,Multibrand,"",2026-08-17 19:35:13.982175+00,2026-08-17 19:35:13.982178+00,a35db4cd5d87db8b617051dca6dcade0db7ef79d96c928be0ea234f57f03454d
levis_lw_pk,name:e18fe8bf4f8ce911e00030a87f54361f242c07eaa38395f53e5721d42bbc719c,2026-04-01,72.000000,583026.00,0.000000,0.000000,0.00,0.00,Cuyo,Multibrand,"",2026-08-17 19:35:13.983322+00,2026-08-17 19:35:13.983325+00,a35db4cd5d87db8b617051dca6dcade0db7ef79d96c928be0ea234f57f03454d
levis_lw_pk,name:6fb4548c3dc1bdab98206d04dfa98c129a82bb0233305da32b8093a1a683345f,2026-05-01,1092.000000,7446766.32,0.000000,0.000000,0.00,0.00,Córdoba,Multibrand,"",2026-08-17 19:35:13.984451+00,2026-08-17 19:35:13.984454+00,a35db4cd5d87db8b617051dca6dcade0db7ef79d96c928be0ea234f57f03454d
levis_lw_pk,name:bc5c675af4a7b033c2dd865bbd35ea2283a4c8c8de074fbe3dd21ce5c2a6c927,2026-01-01,474.000000,2604396.78,0.000000,0.000000,0.00,0.00,Córdoba,Multibrand,"",2026-08-17 19:35:13.985584+00,2026-08-17 19:35:13.985587+00,a35db4cd5d87db8b617051dca6dcade0db7ef79d96c928be0ea234f57f03454d
levis_lw_pk,name:bc5c675af4a7b033c2dd865bbd35ea2283a4c8c8de074fbe3dd21ce5c2a6c927,2026-02-01,168.000000,1170618.48,0.000000,0.000000,0.00,0.00,Córdoba,Multibrand,"",2026-08-17 19:35:13.986742+00,2026-08-17 19:35:13.986745+00,a35db4cd5d87db8b617051dca6dcade0db7ef79d96c928be0ea234f57f03454d
levis_lw_pk,name:bc5c675af4a7b033c2dd865bbd35ea2283a4c8c8de074fbe3dd21ce5c2a6c927,2026-04-01,624.000000,4635059.76,0.000000,0.000000,0.00,0.00,Córdoba,Multibrand,"",2026-08-17 19:35:13.988056+00,2026-08-17 19:35:13.988061+00,a35db4cd5d87db8b617051dca6dcade0db7ef79d96c928be0ea234f57f03454d
levis_lw_pk,name:bc5c675af4a7b033c2dd865bbd35ea2283a4c8c8de074fbe3dd21ce5c2a6c927,2026-07-01,744.000000,5515396.92,0.000000,0.000000,0.00,0.00,Córdoba,Multibrand,"",2026-08-17 19:35:13.989245+00,2026-08-17 19:35:13.989249+00,a35db4cd5d87db8b617051dca6dcade0db7ef79d96c928be0ea234f57f03454d
levis_lw_pk,name:a2a27c83f99d1ff1221d92eb487a840b9f6b624a6e4140738d2293a6dab65400,2026-02-01,24.000000,193171.20,0.000000,0.000000,0.00,0.00,Córdoba,Multibrand,"",2026-08-17 19:35:13.990302+00,2026-08-17 19:35:13.990305+00,a35db4cd5d87db8b617051dca6dcade0db7ef79d96c928be0ea234f57f03454d
levis_lw_pk,name:13404ec6389832215b9a20c584d6639f4f9abc1dfc3305aa8cbf6d2e8ba78f7f,2026-04-01,600.000000,3420000.00,0.000000,0.000000,0.00,0.00,GBA,Multibrand,"",2026-08-17 19:35:13.991388+00,2026-08-17 19:35:13.991391+00,a35db4cd5d87db8b617051dca6dcade0db7ef79d96c928be0ea234f57f03454d
levis_lw_pk,name:aeea41870ad3cc0942eb11b3548169a8ed0b4aa372e9d3505a93a7422e41fe3c,2026-06-01,192.000000,1550346.00,0.000000,0.000000,0.00,0.00,GBA,Multibrand,"",2026-08-17 19:35:13.992424+00,2026-08-17 19:35:13.992427+00,a35db4cd5d87db8b617051dca6dcade0db7ef79d96c928be0ea234f57f03454d
levis_lw_pk,name:935e179dbeae7fcc6cda31398f3c736fd793576a4e481546177614188da1f858,2026-06-01,48.000000,368781.60,0.000000,0.000000,0.00,0.00,GBA,Multibrand,"",2026-08-17 19:35:13.993502+00,2026-08-17 19:35:13.993505+00,a35db4cd5d87db8b617051dca6dcade0db7ef79d96c928be0ea234f57f03454d
lw_propia,name:3a294f5d963b82dfd2b35b4f6c1c27219198a2e9dcf0c7c7419ac3bcc969b576,2026-01-01,-29.333000,-666772.32,0.000000,0.000000,0.00,0.00,Cap Fed,Multibrand,"",2026-08-17 19:35:13.994542+00,2026-08-17 19:35:13.994544+00,57789e969e6538dc2b2abdf145ad06905f3e3b41463300bc1d1db806f16a5230
lw_propia,name:3a294f5d963b82dfd2b35b4f6c1c27219198a2e9dcf0c7c7419ac3bcc969b576,2026-02-01,6029.000000,125032033.44,0.000000,0.000000,0.00,0.00,Cap Fed,Multibrand,"",2026-08-17 19:35:13.995572+00,2026-08-17 19:35:13.995575+00,57789e969e6538dc2b2abdf145ad06905f3e3b41463300bc1d1db806f16a5230
lw_propia,name:3a294f5d963b82dfd2b35b4f6c1c27219198a2e9dcf0c7c7419ac3bcc969b576,2026-03-01,4501.000000,85375574.80,0.000000,0.000000,0.00,0.00,Cap Fed,Multibrand,"",2026-08-17 19:35:13.996708+00,2026-08-17 19:35:13.996711+00,57789e969e6538dc2b2abdf145ad06905f3e3b41463300bc1d1db806f16a5230
lw_propia,name:3a294f5d963b82dfd2b35b4f6c1c27219198a2e9dcf0c7c7419ac3bcc969b576,2026-04-01,9749.500000,219104370.18,0.000000,0.000000,0.00,0.00,Cap Fed,Multibrand,"",2026-08-17 19:35:13.997791+00,2026-08-17 19:35:13.997794+00,57789e969e6538dc2b2abdf145ad06905f3e3b41463300bc1d1db806f16a5230
lw_propia,name:3a294f5d963b82dfd2b35b4f6c1c27219198a2e9dcf0c7c7419ac3bcc969b576,2026-05-01,5282.000000,122357361.12,0.000000,0.000000,0.00,0.00,Cap Fed,Multibrand,"",2026-08-17 19:35:13.998879+00,2026-08-17 19:35:13.998881+00,57789e969e6538dc2b2abdf145ad06905f3e3b41463300bc1d1db806f16a5230
lw_propia,name:3a294f5d963b82dfd2b35b4f6c1c27219198a2e9dcf0c7c7419ac3bcc969b576,2026-06-01,3035.750000,72362393.12,0.000000,0.000000,0.00,0.00,Cap Fed,Multibrand,"",2026-08-17 19:35:13.999966+00,2026-08-17 19:35:13.999969+00,57789e969e6538dc2b2abdf145ad06905f3e3b41463300bc1d1db806f16a5230
lw_propia,name:3a294f5d963b82dfd2b35b4f6c1c27219198a2e9dcf0c7c7419ac3bcc969b576,2026-07-01,3135.000000,74479596.48,0.000000,0.000000,0.00,0.00,Cap Fed,Multibrand,"",2026-08-17 19:35:14.001047+00,2026-08-17 19:35:14.00105+00,57789e969e6538dc2b2abdf145ad06905f3e3b41463300bc1d1db806f16a5230
lw_propia,name:f7097510d5a153540d1eb77505d4c5a2b2fcf730f6c440cc45c4ffd3257d8b3c,2026-01-01,36.750000,1030690.80,0.000000,0.000000,0.00,0.00,Cap Fed,Multibrand,"",2026-08-17 19:35:14.002115+00,2026-08-17 19:35:14.002118+00,57789e969e6538dc2b2abdf145ad06905f3e3b41463300bc1d1db806f16a5230
lw_propia,name:673edaaa045c3012dacfaffeb48b7f7cf08a0dbf68678db1731ebeff5fa111d8,2026-04-01,260.000000,5821203.78,0.000000,0.000000,0.00,0.00,Cap Fed,Multibrand,"",2026-08-17 19:35:14.003231+00,2026-08-17 19:35:14.003234+00,57789e969e6538dc2b2abdf145ad06905f3e3b41463300bc1d1db806f16a5230
lw_propia,name:17cca6409fea6580fd0e16cc084847a5b2608dbb43465e4abf8b5bb8a3566732,2026-01-01,6199.000000,116290852.20,0.000000,0.000000,0.00,0.00,Cap Fed,Puma Stores,"",2026-08-17 19:35:14.004551+00,2026-08-17 19:35:14.004555+00,57789e969e6538dc2b2abdf145ad06905f3e3b41463300bc1d1db806f16a5230
lw_propia,name:17cca6409fea6580fd0e16cc084847a5b2608dbb43465e4abf8b5bb8a3566732,2026-02-01,638.000000,11211059.60,0.000000,0.000000,0.00,0.00,Cap Fed,Puma Stores,"",2026-08-17 19:35:14.005664+00,2026-08-17 19:35:14.005667+00,57789e969e6538dc2b2abdf145ad06905f3e3b41463300bc1d1db806f16a5230
lw_propia,name:17cca6409fea6580fd0e16cc084847a5b2608dbb43465e4abf8b5bb8a3566732,2026-03-01,245.500000,5788201.60,0.000000,0.000000,0.00,0.00,Cap Fed,Puma Stores,"",2026-08-17 19:35:14.006744+00,2026-08-17 19:35:14.006747+00,57789e969e6538dc2b2abdf145ad06905f3e3b41463300bc1d1db806f16a5230
lw_propia,name:17cca6409fea6580fd0e16cc084847a5b2608dbb43465e4abf8b5bb8a3566732,2026-04-01,8741.000000,179343057.80,0.000000,0.000000,0.00,0.00,Cap Fed,Puma Stores,"",2026-08-17 19:35:14.007665+00,2026-08-17 19:35:14.007669+00,57789e969e6538dc2b2abdf145ad06905f3e3b41463300bc1d1db806f16a5230
lw_propia,name:17cca6409fea6580fd0e16cc084847a5b2608dbb43465e4abf8b5bb8a3566732,2026-05-01,3555.000000,85834355.80,0.000000,0.000000,0.00,0.00,Cap Fed,Puma Stores,"",2026-08-17 19:35:14.008574+00,2026-08-17 19:35:14.008577+00,57789e969e6538dc2b2abdf145ad06905f3e3b41463300bc1d1db806f16a5230
lw_propia,name:17cca6409fea6580fd0e16cc084847a5b2608dbb43465e4abf8b5bb8a3566732,2026-06-01,3201.500000,72878619.00,0.000000,0.000000,0.00,0.00,Cap Fed,Puma Stores,"",2026-08-17 19:35:14.00948+00,2026-08-17 19:35:14.009483+00,57789e969e6538dc2b2abdf145ad06905f3e3b41463300bc1d1db806f16a5230
lw_propia,name:17cca6409fea6580fd0e16cc084847a5b2608dbb43465e4abf8b5bb8a3566732,2026-07-01,130.500000,2604360.00,0.000000,0.000000,0.00,0.00,Cap Fed,Puma Stores,"",2026-08-17 19:35:14.010386+00,2026-08-17 19:35:14.010389+00,57789e969e6538dc2b2abdf145ad06905f3e3b41463300bc1d1db806f16a5230
lw_propia,name:64fb4c57de9744c3974897a315349696f6baeab0e68d0a899cf61a798f0f991b,2026-02-01,-13.084000,-233674.80,0.000000,0.000000,0.00,0.00,Cap Fed,Multibrand,"",2026-08-17 19:35:14.011487+00,2026-08-17 19:35:14.01149+00,57789e969e6538dc2b2abdf145ad06905f3e3b41463300bc1d1db806f16a5230
lw_propia,name:64fb4c57de9744c3974897a315349696f6baeab0e68d0a899cf61a798f0f991b,2026-03-01,1026.417000,20729132.56,0.000000,0.000000,0.00,0.00,Cap Fed,Multibrand,"",2026-08-17 19:35:14.012576+00,2026-08-17 19:35:14.012578+00,57789e969e6538dc2b2abdf145ad06905f3e3b41463300bc1d1db806f16a5230
lw_propia,name:64fb4c57de9744c3974897a315349696f6baeab0e68d0a899cf61a798f0f991b,2026-04-01,389.001000,8015969.12,0.000000,0.000000,0.00,0.00,Cap Fed,Multibrand,"",2026-08-17 19:35:14.013735+00,2026-08-17 19:35:14.013738+00,57789e969e6538dc2b2abdf145ad06905f3e3b41463300bc1d1db806f16a5230
lw_propia,name:64fb4c57de9744c3974897a315349696f6baeab0e68d0a899cf61a798f0f991b,2026-06-01,226.167000,5255769.84,0.000000,0.000000,0.00,0.00,Cap Fed,Multibrand,"",2026-08-17 19:35:14.014874+00,2026-08-17 19:35:14.014877+00,57789e969e6538dc2b2abdf145ad06905f3e3b41463300bc1d1db806f16a5230
lw_propia,name:64fb4c57de9744c3974897a315349696f6baeab0e68d0a899cf61a798f0f991b,2026-07-01,95.001000,2267493.36,0.000000,0.000000,0.00,0.00,Cap Fed,Multibrand,"",2026-08-17 19:35:14.015975+00,2026-08-17 19:35:14.015978+00,57789e969e6538dc2b2abdf145ad06905f3e3b41463300bc1d1db806f16a5230
lw_propia,name:2fee77153ceb6b4f821832b05db675c53bf3a3b888b76751f995573116bb395e,2026-02-01,126.000000,3650176.80,0.000000,0.000000,0.00,0.00,Cap Fed,Multibrand,"",2026-08-17 19:35:14.017173+00,2026-08-17 19:35:14.017176+00,57789e969e6538dc2b2abdf145ad06905f3e3b41463300bc1d1db806f16a5230
lw_propia,name:2fee77153ceb6b4f821832b05db675c53bf3a3b888b76751f995573116bb395e,2026-03-01,106.000000,2954880.00,0.000000,0.000000,0.00,0.00,Cap Fed,Multibrand,"",2026-08-17 19:35:14.018262+00,2026-08-17 19:35:14.018265+00,57789e969e6538dc2b2abdf145ad06905f3e3b41463300bc1d1db806f16a5230
lw_propia,name:2fee77153ceb6b4f821832b05db675c53bf3a3b888b76751f995573116bb395e,2026-04-01,39.000000,932239.20,0.000000,0.000000,0.00,0.00,Cap Fed,Multibrand,"",2026-08-17 19:35:14.019331+00,2026-08-17 19:35:14.019335+00,57789e969e6538dc2b2abdf145ad06905f3e3b41463300bc1d1db806f16a5230
lw_propia,name:2fee77153ceb6b4f821832b05db675c53bf3a3b888b76751f995573116bb395e,2026-06-01,90.000000,2602893.60,0.000000,0.000000,0.00,0.00,Cap Fed,Multibrand,"",2026-08-17 19:35:14.020557+00,2026-08-17 19:35:14.020561+00,57789e969e6538dc2b2abdf145ad06905f3e3b41463300bc1d1db806f16a5230
lw_propia,name:2fee77153ceb6b4f821832b05db675c53bf3a3b888b76751f995573116bb395e,2026-07-01,28.000000,688034.56,0.000000,0.000000,0.00,0.00,Cap Fed,Multibrand,"",2026-08-17 19:35:14.021819+00,2026-08-17 19:35:14.021822+00,57789e969e6538dc2b2abdf145ad06905f3e3b41463300bc1d1db806f16a5230
lw_propia,name:2332f650550496e06b6b3f0b95f79723d51c17fa618fa7ffac44b3636b2ec65d,2026-02-01,785.500000,17327989.50,0.000000,0.000000,0.00,0.00,Cap Fed,Multibrand,"",2026-08-17 19:35:14.023037+00,2026-08-17 19:35:14.02304+00,57789e969e6538dc2b2abdf145ad06905f3e3b41463300bc1d1db806f16a5230
lw_propia,name:2332f650550496e06b6b3f0b95f79723d51c17fa618fa7ffac44b3636b2ec65d,2026-03-01,271.500000,5825337.30,0.000000,0.000000,0.00,0.00,Cap Fed,Multibrand,"",2026-08-17 19:35:14.024079+00,2026-08-17 19:35:14.024082+00,57789e969e6538dc2b2abdf145ad06905f3e3b41463300bc1d1db806f16a5230
lw_propia,name:2332f650550496e06b6b3f0b95f79723d51c17fa618fa7ffac44b3636b2ec65d,2026-04-01,1056.000000,25499208.48,0.000000,0.000000,0.00,0.00,Cap Fed,Multibrand,"",2026-08-17 19:35:14.02516+00,2026-08-17 19:35:14.025163+00,57789e969e6538dc2b2abdf145ad06905f3e3b41463300bc1d1db806f16a5230
lw_propia,name:2332f650550496e06b6b3f0b95f79723d51c17fa618fa7ffac44b3636b2ec65d,2026-05-01,351.000000,8759886.99,0.000000,0.000000,0.00,0.00,Cap Fed,Multibrand,"",2026-08-17 19:35:14.026258+00,2026-08-17 19:35:14.026262+00,57789e969e6538dc2b2abdf145ad06905f3e3b41463300bc1d1db806f16a5230
lw_propia,name:2332f650550496e06b6b3f0b95f79723d51c17fa618fa7ffac44b3636b2ec65d,2026-06-01,457.500000,11679517.65,0.000000,0.000000,0.00,0.00,Cap Fed,Multibrand,"",2026-08-17 19:35:14.027338+00,2026-08-17 19:35:14.027341+00,57789e969e6538dc2b2abdf145ad06905f3e3b41463300bc1d1db806f16a5230
lw_propia,name:2332f650550496e06b6b3f0b95f79723d51c17fa618fa7ffac44b3636b2ec65d,2026-07-01,695.500000,17042506.80,0.000000,0.000000,0.00,0.00,Cap Fed,Multibrand,"",2026-08-17 19:35:14.028432+00,2026-08-17 19:35:14.028435+00,57789e969e6538dc2b2abdf145ad06905f3e3b41463300bc1d1db806f16a5230
lw_propia,name:4f6870ec7946e3ca49a0f36715777a5e2a206eff365c0ffaccd653b02d3ca2f8,2026-03-01,9.000000,263057.40,0.000000,0.000000,0.00,0.00,Cap Fed,Multibrand,"",2026-08-17 19:35:14.029565+00,2026-08-17 19:35:14.029569+00,57789e969e6538dc2b2abdf145ad06905f3e3b41463300bc1d1db806f16a5230
lw_propia,name:1ec2066e0e836a99c61ab32f81ccd31bce02fc98e444a7d6070936854fb01e98,2026-02-01,2629.500000,55731765.72,0.000000,0.000000,0.00,0.00,Cap Fed,Multibrand,"",2026-08-17 19:35:14.030657+00,2026-08-17 19:35:14.03066+00,57789e969e6538dc2b2abdf145ad06905f3e3b41463300bc1d1db806f16a5230
lw_propia,name:1ec2066e0e836a99c61ab32f81ccd31bce02fc98e444a7d6070936854fb01e98,2026-03-01,388.500000,6471501.32,0.000000,0.000000,0.00,0.00,Cap Fed,Multibrand,"",2026-08-17 19:35:14.031749+00,2026-08-17 19:35:14.031752+00,57789e969e6538dc2b2abdf145ad06905f3e3b41463300bc1d1db806f16a5230
lw_propia,name:1ec2066e0e836a99c61ab32f81ccd31bce02fc98e444a7d6070936854fb01e98,2026-05-01,1779.500000,39855162.57,0.000000,0.000000,0.00,0.00,Cap Fed,Multibrand,"",2026-08-17 19:35:14.032818+00,2026-08-17 19:35:14.032821+00,57789e969e6538dc2b2abdf145ad06905f3e3b41463300bc1d1db806f16a5230
lw_propia,name:8e6df3304b67f1e6557c839c04b4278a5526f6d197861bbc1c13aef4eb5ddb33,2026-04-01,37.500000,1022392.80,0.000000,0.000000,0.00,0.00,Cap Fed,Multibrand,"",2026-08-17 19:35:14.033891+00,2026-08-17 19:35:14.033894+00,57789e969e6538dc2b2abdf145ad06905f3e3b41463300bc1d1db806f16a5230
lw_propia,name:7b9312273eb4e9664bf1a4ffcaaff7e4e32bdacc33c893d72f03b38ba8aef970,2026-01-01,126.666000,2620274.29,0.000000,0.000000,0.00,0.00,Cap Fed,Multibrand,"",2026-08-17 19:35:14.035038+00,2026-08-17 19:35:14.035041+00,57789e969e6538dc2b2abdf145ad06905f3e3b41463300bc1d1db806f16a5230
lw_propia,name:7b9312273eb4e9664bf1a4ffcaaff7e4e32bdacc33c893d72f03b38ba8aef970,2026-02-01,347.417000,7246937.87,0.000000,0.000000,0.00,0.00,Cap Fed,Multibrand,"",2026-08-17 19:35:14.036131+00,2026-08-17 19:35:14.036134+00,57789e969e6538dc2b2abdf145ad06905f3e3b41463300bc1d1db806f16a5230
lw_propia,name:7b9312273eb4e9664bf1a4ffcaaff7e4e32bdacc33c893d72f03b38ba8aef970,2026-03-01,196.750000,4187642.23,0.000000,0.000000,0.00,0.00,Cap Fed,Multibrand,"",2026-08-17 19:35:14.037179+00,2026-08-17 19:35:14.037182+00,57789e969e6538dc2b2abdf145ad06905f3e3b41463300bc1d1db806f16a5230
lw_propia,name:7b9312273eb4e9664bf1a4ffcaaff7e4e32bdacc33c893d72f03b38ba8aef970,2026-04-01,307.002000,7329410.48,0.000000,0.000000,0.00,0.00,Cap Fed,Multibrand,"",2026-08-17 19:35:14.038246+00,2026-08-17 19:35:14.038249+00,57789e969e6538dc2b2abdf145ad06905f3e3b41463300bc1d1db806f16a5230
lw_propia,name:7b9312273eb4e9664bf1a4ffcaaff7e4e32bdacc33c893d72f03b38ba8aef970,2026-05-01,253.833000,5600952.16,0.000000,0.000000,0.00,0.00,Cap Fed,Multibrand,"",2026-08-17 19:35:14.039347+00,2026-08-17 19:35:14.03935+00,57789e969e6538dc2b2abdf145ad06905f3e3b41463300bc1d1db806f16a5230
lw_propia,name:7b9312273eb4e9664bf1a4ffcaaff7e4e32bdacc33c893d72f03b38ba8aef970,2026-06-01,65.750000,1715604.34,0.000000,0.000000,0.00,0.00,Cap Fed,Multibrand,"",2026-08-17 19:35:14.040313+00,2026-08-17 19:35:14.040316+00,57789e969e6538dc2b2abdf145ad06905f3e3b41463300bc1d1db806f16a5230
lw_propia,name:7b9312273eb4e9664bf1a4ffcaaff7e4e32bdacc33c893d72f03b38ba8aef970,2026-07-01,205.501000,4716714.23,0.000000,0.000000,0.00,0.00,Cap Fed,Multibrand,"",2026-08-17 19:35:14.041326+00,2026-08-17 19:35:14.041329+00,57789e969e6538dc2b2abdf145ad06905f3e3b41463300bc1d1db806f16a5230
lw_propia,name:37b736f85cfb663f7ce09ac22402c9d9a8bfc701b25afa2dfcf7a075289e0533,2026-02-01,122.500000,2881775.02,0.000000,0.000000,0.00,0.00,NEA,Multibrand,"",2026-08-17 19:35:14.042365+00,2026-08-17 19:35:14.042368+00,57789e969e6538dc2b2abdf145ad06905f3e3b41463300bc1d1db806f16a5230
lw_propia,name:37b736f85cfb663f7ce09ac22402c9d9a8bfc701b25afa2dfcf7a075289e0533,2026-03-01,77.500000,1965678.91,0.000000,0.000000,0.00,0.00,NEA,Multibrand,"",2026-08-17 19:35:14.043439+00,2026-08-17 19:35:14.043442+00,57789e969e6538dc2b2abdf145ad06905f3e3b41463300bc1d1db806f16a5230
lw_propia,name:37b736f85cfb663f7ce09ac22402c9d9a8bfc701b25afa2dfcf7a075289e0533,2026-05-01,94.500000,2351060.19,0.000000,0.000000,0.00,0.00,NEA,Multibrand,"",2026-08-17 19:35:14.044542+00,2026-08-17 19:35:14.044545+00,57789e969e6538dc2b2abdf145ad06905f3e3b41463300bc1d1db806f16a5230
lw_propia,name:37b736f85cfb663f7ce09ac22402c9d9a8bfc701b25afa2dfcf7a075289e0533,2026-07-01,58.250000,1511801.36,0.000000,0.000000,0.00,0.00,NEA,Multibrand,"",2026-08-17 19:35:14.045643+00,2026-08-17 19:35:14.045645+00,57789e969e6538dc2b2abdf145ad06905f3e3b41463300bc1d1db806f16a5230
lw_propia,name:4903a69dcf155a5654216c75c2455b6d4ff48b5a0c603224808a6574bf358924,2026-02-01,33.750000,698862.65,0.000000,0.000000,0.00,0.00,NEA,Multibrand,"",2026-08-17 19:35:14.046743+00,2026-08-17 19:35:14.046746+00,57789e969e6538dc2b2abdf145ad06905f3e3b41463300bc1d1db806f16a5230
lw_propia,name:4903a69dcf155a5654216c75c2455b6d4ff48b5a0c603224808a6574bf358924,2026-04-01,31.250000,733961.58,0.000000,0.000000,0.00,0.00,NEA,Multibrand,"",2026-08-17 19:35:14.047866+00,2026-08-17 19:35:14.047869+00,57789e969e6538dc2b2abdf145ad06905f3e3b41463300bc1d1db806f16a5230
lw_propia,name:4903a69dcf155a5654216c75c2455b6d4ff48b5a0c603224808a6574bf358924,2026-06-01,31.000000,758448.24,0.000000,0.000000,0.00,0.00,NEA,Multibrand,"",2026-08-17 19:35:14.048918+00,2026-08-17 19:35:14.04892+00,57789e969e6538dc2b2abdf145ad06905f3e3b41463300bc1d1db806f16a5230
lw_propia,name:4903a69dcf155a5654216c75c2455b6d4ff48b5a0c603224808a6574bf358924,2026-07-01,15.250000,419633.13,0.000000,0.000000,0.00,0.00,NEA,Multibrand,"",2026-08-17 19:35:14.049986+00,2026-08-17 19:35:14.049989+00,57789e969e6538dc2b2abdf145ad06905f3e3b41463300bc1d1db806f16a5230
lw_propia,name:eed1fb856e3c201bbaa64b9f508b0b3cec55a363db369699831397eb6cbd39d4,2026-02-01,-1.500000,-33259.08,0.000000,0.000000,0.00,0.00,NEA,Multibrand,"",2026-08-17 19:35:14.050996+00,2026-08-17 19:35:14.050999+00,57789e969e6538dc2b2abdf145ad06905f3e3b41463300bc1d1db806f16a5230
lw_propia,name:eed1fb856e3c201bbaa64b9f508b0b3cec55a363db369699831397eb6cbd39d4,2026-03-01,46.000000,1223937.52,0.000000,0.000000,0.00,0.00,NEA,Multibrand,"",2026-08-17 19:35:14.052076+00,2026-08-17 19:35:14.052079+00,57789e969e6538dc2b2abdf145ad06905f3e3b41463300bc1d1db806f16a5230
lw_propia,name:eed1fb856e3c201bbaa64b9f508b0b3cec55a363db369699831397eb6cbd39d4,2026-06-01,29.000000,786654.81,0.000000,0.000000,0.00,0.00,NEA,Multibrand,"",2026-08-17 19:35:14.053194+00,2026-08-17 19:35:14.053197+00,57789e969e6538dc2b2abdf145ad06905f3e3b41463300bc1d1db806f16a5230
lw_propia,name:9fa13e36c12e2509b8109b1b3e36d250d7e029b8f5aec227b08d406deddd8bd7,2026-06-01,180.000000,4736397.78,0.000000,0.000000,0.00,0.00,NEA,Multibrand,"",2026-08-17 19:35:14.054276+00,2026-08-17 19:35:14.054278+00,57789e969e6538dc2b2abdf145ad06905f3e3b41463300bc1d1db806f16a5230
lw_propia,name:709c0ec89fbd384f92800c729f41b02aba7ed5bfa5a7fdddde5de091f26222d7,2026-04-01,340.000000,8853405.84,0.000000,0.000000,0.00,0.00,NEA,Multibrand,"",2026-08-17 19:35:14.055353+00,2026-08-17 19:35:14.055356+00,57789e969e6538dc2b2abdf145ad06905f3e3b41463300bc1d1db806f16a5230
lw_propia,name:709c0ec89fbd384f92800c729f41b02aba7ed5bfa5a7fdddde5de091f26222d7,2026-06-01,353.000000,10007348.58,0.000000,0.000000,0.00,0.00,NEA,Multibrand,"",2026-08-17 19:35:14.056499+00,2026-08-17 19:35:14.056502+00,57789e969e6538dc2b2abdf145ad06905f3e3b41463300bc1d1db806f16a5230
lw_propia,name:709c0ec89fbd384f92800c729f41b02aba7ed5bfa5a7fdddde5de091f26222d7,2026-07-01,66.000000,1916194.32,0.000000,0.000000,0.00,0.00,NEA,Multibrand,"",2026-08-17 19:35:14.05765+00,2026-08-17 19:35:14.057653+00,57789e969e6538dc2b2abdf145ad06905f3e3b41463300bc1d1db806f16a5230
lw_propia,name:0a553f0fdcb41833ceae64f2e93551e06f1733d2941b9b9b0d2b7050aecd4276,2026-02-01,19.750000,467648.79,0.000000,0.000000,0.00,0.00,NEA,Multibrand,"",2026-08-17 19:35:14.058778+00,2026-08-17 19:35:14.05878+00,57789e969e6538dc2b2abdf145ad06905f3e3b41463300bc1d1db806f16a5230
lw_propia,name:0a553f0fdcb41833ceae64f2e93551e06f1733d2941b9b9b0d2b7050aecd4276,2026-03-01,17.500000,418049.49,0.000000,0.000000,0.00,0.00,NEA,Multibrand,"",2026-08-17 19:35:14.059951+00,2026-08-17 19:35:14.059954+00,57789e969e6538dc2b2abdf145ad06905f3e3b41463300bc1d1db806f16a5230
lw_propia,name:0a553f0fdcb41833ceae64f2e93551e06f1733d2941b9b9b0d2b7050aecd4276,2026-06-01,18.750000,501777.27,0.000000,0.000000,0.00,0.00,NEA,Multibrand,"",2026-08-17 19:35:14.061107+00,2026-08-17 19:35:14.061111+00,57789e969e6538dc2b2abdf145ad06905f3e3b41463300bc1d1db806f16a5230
lw_propia,name:0b4778634ef257c11af67813f1eedd32215f1bbcf7ccd34b0713034e8aaae5eb,2026-04-01,48.000000,1157419.51,0.000000,0.000000,0.00,0.00,NEA,Multibrand,"",2026-08-17 19:35:14.062219+00,2026-08-17 19:35:14.062222+00,57789e969e6538dc2b2abdf145ad06905f3e3b41463300bc1d1db806f16a5230
lw_propia,name:0b4778634ef257c11af67813f1eedd32215f1bbcf7ccd34b0713034e8aaae5eb,2026-06-01,27.000000,807428.07,0.000000,0.000000,0.00,0.00,NEA,Multibrand,"",2026-08-17 19:35:14.063351+00,2026-08-17 19:35:14.063354+00,57789e969e6538dc2b2abdf145ad06905f3e3b41463300bc1d1db806f16a5230
lw_propia,name:d31d6d2e1d3af42f2794b69783a65c05b0f7ff5989ce2d08b4115894962c437a,2026-04-01,63.000000,1418112.30,0.000000,0.000000,0.00,0.00,NEA,Multibrand,"",2026-08-17 19:35:14.064484+00,2026-08-17 19:35:14.064487+00,57789e969e6538dc2b2abdf145ad06905f3e3b41463300bc1d1db806f16a5230
lw_propia,name:d31d6d2e1d3af42f2794b69783a65c05b0f7ff5989ce2d08b4115894962c437a,2026-07-01,28.000000,764818.09,0.000000,0.000000,0.00,0.00,NEA,Multibrand,"",2026-08-17 19:35:14.06557+00,2026-08-17 19:35:14.065573+00,57789e969e6538dc2b2abdf145ad06905f3e3b41463300bc1d1db806f16a5230
lw_propia,name:c6c8b8f00dbb2374225bc0f742dcbae0ec58cb520acbfbb5e9d97f7e7f55b052,2026-02-01,126.500000,2717783.82,0.000000,0.000000,0.00,0.00,NEA,Multibrand,"",2026-08-17 19:35:14.066741+00,2026-08-17 19:35:14.066744+00,57789e969e6538dc2b2abdf145ad06905f3e3b41463300bc1d1db806f16a5230
lw_propia,name:c6c8b8f00dbb2374225bc0f742dcbae0ec58cb520acbfbb5e9d97f7e7f55b052,2026-04-01,137.000000,3319780.68,0.000000,0.000000,0.00,0.00,NEA,Multibrand,"",2026-08-17 19:35:14.067858+00,2026-08-17 19:35:14.067861+00,57789e969e6538dc2b2abdf145ad06905f3e3b41463300bc1d1db806f16a5230
lw_propia,name:ced87d2a73a344f60f61ae438b2b9a4a4e9534ed93e5eb5b243f0617cee5e2c4,2026-03-01,12.500000,345026.41,0.000000,0.000000,0.00,0.00,NEA,Multibrand,"",2026-08-17 19:35:14.069033+00,2026-08-17 19:35:14.069036+00,57789e969e6538dc2b2abdf145ad06905f3e3b41463300bc1d1db806f16a5230
lw_propia,name:2c560f85d2e5d93c83a314f0fed14e07666a6b41dec2bc1d6eeaeddb359cf24e,2026-04-01,21.750000,570783.19,0.000000,0.000000,0.00,0.00,NEA,Multibrand,"",2026-08-17 19:35:14.070131+00,2026-08-17 19:35:14.070134+00,57789e969e6538dc2b2abdf145ad06905f3e3b41463300bc1d1db806f16a5230
lw_propia,name:2c560f85d2e5d93c83a314f0fed14e07666a6b41dec2bc1d6eeaeddb359cf24e,2026-06-01,18.500000,503842.41,0.000000,0.000000,0.00,0.00,NEA,Multibrand,"",2026-08-17 19:35:14.071259+00,2026-08-17 19:35:14.071262+00,57789e969e6538dc2b2abdf145ad06905f3e3b41463300bc1d1db806f16a5230
lw_propia,name:4f984ba5e13454aebde4581a668c6666de0bed45a7f3d2374bcaeeeab487b854,2026-03-01,100.500000,2524583.60,0.000000,0.000000,0.00,0.00,NEA,Multibrand,"",2026-08-17 19:35:14.07236+00,2026-08-17 19:35:14.072363+00,57789e969e6538dc2b2abdf145ad06905f3e3b41463300bc1d1db806f16a5230
lw_propia,name:4f984ba5e13454aebde4581a668c6666de0bed45a7f3d2374bcaeeeab487b854,2026-06-01,53.000000,1387539.78,0.000000,0.000000,0.00,0.00,NEA,Multibrand,"",2026-08-17 19:35:14.073463+00,2026-08-17 19:35:14.073466+00,57789e969e6538dc2b2abdf145ad06905f3e3b41463300bc1d1db806f16a5230
lw_propia,name:f911e82b7ac402303d947ae49e663935e0da174e3baf5e979be1ddd1d9f9154a,2026-05-01,114.000000,2836238.91,0.000000,0.000000,0.00,0.00,GBA,Multibrand,"",2026-08-17 19:35:14.074574+00,2026-08-17 19:35:14.074577+00,57789e969e6538dc2b2abdf145ad06905f3e3b41463300bc1d1db806f16a5230
lw_propia,name:e0b076ddfea45b88f0177ae476331f97529c81c00397935d4c98aec334aeb239,2026-01-01,26.000000,646566.30,0.000000,0.000000,0.00,0.00,GBA,Multibrand,"",2026-08-17 19:35:14.075687+00,2026-08-17 19:35:14.07569+00,57789e969e6538dc2b2abdf145ad06905f3e3b41463300bc1d1db806f16a5230
lw_propia,name:e0b076ddfea45b88f0177ae476331f97529c81c00397935d4c98aec334aeb239,2026-04-01,17.000000,440832.24,0.000000,0.000000,0.00,0.00,GBA,Multibrand,"",2026-08-17 19:35:14.076789+00,2026-08-17 19:35:14.076792+00,57789e969e6538dc2b2abdf145ad06905f3e3b41463300bc1d1db806f16a5230
lw_propia,name:e0b076ddfea45b88f0177ae476331f97529c81c00397935d4c98aec334aeb239,2026-06-01,6.500000,169684.64,0.000000,0.000000,0.00,0.00,GBA,Multibrand,"",2026-08-17 19:35:14.07777+00,2026-08-17 19:35:14.077772+00,57789e969e6538dc2b2abdf145ad06905f3e3b41463300bc1d1db806f16a5230
lw_propia,name:e0b076ddfea45b88f0177ae476331f97529c81c00397935d4c98aec334aeb239,2026-07-01,-1.000000,-22262.90,0.000000,0.000000,0.00,0.00,GBA,Multibrand,"",2026-08-17 19:35:14.078826+00,2026-08-17 19:35:14.078829+00,57789e969e6538dc2b2abdf145ad06905f3e3b41463300bc1d1db806f16a5230
lw_propia,name:8de3d5065e2eceb173b4463a23db97f8fdc1877e2eb7893298b1af587eacebd7,2026-02-01,55.000000,1719005.18,0.000000,0.000000,0.00,0.00,GBA,Multibrand,"",2026-08-17 19:35:14.079894+00,2026-08-17 19:35:14.079897+00,57789e969e6538dc2b2abdf145ad06905f3e3b41463300bc1d1db806f16a5230
lw_propia,name:8de3d5065e2eceb173b4463a23db97f8fdc1877e2eb7893298b1af587eacebd7,2026-05-01,62.000000,1961800.74,0.000000,0.000000,0.00,0.00,GBA,Multibrand,"",2026-08-17 19:35:14.081013+00,2026-08-17 19:35:14.081017+00,57789e969e6538dc2b2abdf145ad06905f3e3b41463300bc1d1db806f16a5230
lw_propia,name:8de3d5065e2eceb173b4463a23db97f8fdc1877e2eb7893298b1af587eacebd7,2026-06-01,64.000000,1764499.99,0.000000,0.000000,0.00,0.00,GBA,Multibrand,"",2026-08-17 19:35:14.08212+00,2026-08-17 19:35:14.082123+00,57789e969e6538dc2b2abdf145ad06905f3e3b41463300bc1d1db806f16a5230
lw_propia,name:c422d8c2e0c6c24d90bbec55d47f25211a4cbe0e3f1c82b19544992bc56ad97e,2026-03-01,25.000000,671406.43,0.000000,0.000000,0.00,0.00,GBA,Multibrand,"",2026-08-17 19:35:14.083242+00,2026-08-17 19:35:14.083244+00,57789e969e6538dc2b2abdf145ad06905f3e3b41463300bc1d1db806f16a5230
lw_propia,name:c422d8c2e0c6c24d90bbec55d47f25211a4cbe0e3f1c82b19544992bc56ad97e,2026-05-01,112.000000,2969277.57,0.000000,0.000000,0.00,0.00,GBA,Multibrand,"",2026-08-17 19:35:14.084364+00,2026-08-17 19:35:14.084367+00,57789e969e6538dc2b2abdf145ad06905f3e3b41463300bc1d1db806f16a5230
lw_propia,name:0677862e7dc4e791e92500d7e7002c7e44f9077915b80c8e02f76a63e0e70c46,2026-03-01,30.000000,1061457.00,0.000000,0.000000,0.00,0.00,GBA,Multibrand,"",2026-08-17 19:35:14.085482+00,2026-08-17 19:35:14.085485+00,57789e969e6538dc2b2abdf145ad06905f3e3b41463300bc1d1db806f16a5230
lw_propia,name:fc4259ccfb34d803784ad0ab49650674dfe97db61adfe8adb2673ad0b3ad4d97,2026-01-01,48.500000,1128643.20,0.000000,0.000000,0.00,0.00,GBA,Multibrand,"",2026-08-17 19:35:14.086579+00,2026-08-17 19:35:14.086582+00,57789e969e6538dc2b2abdf145ad06905f3e3b41463300bc1d1db806f16a5230
lw_propia,name:7d994d13a74093615100440caf5fd1e6acda7eceaa8471b82e8c954b0051b633,2026-07-01,652.000000,18418571.50,0.000000,0.000000,0.00,0.00,GBA,Multibrand,"",2026-08-17 19:35:14.087698+00,2026-08-17 19:35:14.087701+00,57789e969e6538dc2b2abdf145ad06905f3e3b41463300bc1d1db806f16a5230
lw_propia,name:2b1abfc0a09f1bf215010f67f840f027957f09df1427c5d2eeaad89d7d7517e8,2026-01-01,208.500000,4397474.34,0.000000,0.000000,0.00,0.00,GBA,Multibrand,"",2026-08-17 19:35:14.08879+00,2026-08-17 19:35:14.088793+00,57789e969e6538dc2b2abdf145ad06905f3e3b41463300bc1d1db806f16a5230
lw_propia,name:2b1abfc0a09f1bf215010f67f840f027957f09df1427c5d2eeaad89d7d7517e8,2026-06-01,140.000000,3633494.30,0.000000,0.000000,0.00,0.00,GBA,Multibrand,"",2026-08-17 19:35:14.089907+00,2026-08-17 19:35:14.08991+00,57789e969e6538dc2b2abdf145ad06905f3e3b41463300bc1d1db806f16a5230
lw_propia,name:2b1abfc0a09f1bf215010f67f840f027957f09df1427c5d2eeaad89d7d7517e8,2026-07-01,45.000000,1215149.76,0.000000,0.000000,0.00,0.00,GBA,Multibrand,"",2026-08-17 19:35:14.091017+00,2026-08-17 19:35:14.09102+00,57789e969e6538dc2b2abdf145ad06905f3e3b41463300bc1d1db806f16a5230
lw_propia,name:3f9312653add8d67686e32b554c68ddcdb8dfe71a2af90a429452909442f2aac,2026-06-01,46.000000,1306060.20,0.000000,0.000000,0.00,0.00,GBA,Multibrand,"",2026-08-17 19:35:14.092121+00,2026-08-17 19:35:14.092124+00,57789e969e6538dc2b2abdf145ad06905f3e3b41463300bc1d1db806f16a5230
lw_propia,name:a46afbdb3b9a0e5a2a91fb0eeb2f7b891dd2b5a0e3d4b8f08b4616da12f4c55a,2026-02-01,748.833000,18970197.28,0.000000,0.000000,0.00,0.00,GBA,Multibrand,"",2026-08-17 19:35:14.093236+00,2026-08-17 19:35:14.093239+00,57789e969e6538dc2b2abdf145ad06905f3e3b41463300bc1d1db806f16a5230
lw_propia,name:a46afbdb3b9a0e5a2a91fb0eeb2f7b891dd2b5a0e3d4b8f08b4616da12f4c55a,2026-03-01,854.000000,19100316.31,0.000000,0.000000,0.00,0.00,GBA,Multibrand,"",2026-08-17 19:35:14.094333+00,2026-08-17 19:35:14.094336+00,57789e969e6538dc2b2abdf145ad06905f3e3b41463300bc1d1db806f16a5230
lw_propia,name:a46afbdb3b9a0e5a2a91fb0eeb2f7b891dd2b5a0e3d4b8f08b4616da12f4c55a,2026-05-01,914.000000,21088768.68,0.000000,0.000000,0.00,0.00,GBA,Multibrand,"",2026-08-17 19:35:14.095449+00,2026-08-17 19:35:14.095452+00,57789e969e6538dc2b2abdf145ad06905f3e3b41463300bc1d1db806f16a5230
lw_propia,name:a46afbdb3b9a0e5a2a91fb0eeb2f7b891dd2b5a0e3d4b8f08b4616da12f4c55a,2026-06-01,95.500000,2325962.02,0.000000,0.000000,0.00,0.00,GBA,Multibrand,"",2026-08-17 19:35:14.096553+00,2026-08-17 19:35:14.096556+00,57789e969e6538dc2b2abdf145ad06905f3e3b41463300bc1d1db806f16a5230
lw_propia,name:36a924ce0988635ccff40811f8f5754b6df861c8abfd720199a22f620e9e4721,2026-01-01,7.500000,208442.40,0.000000,0.000000,0.00,0.00,GBA,Multibrand,"",2026-08-17 19:35:14.097681+00,2026-08-17 19:35:14.097683+00,57789e969e6538dc2b2abdf145ad06905f3e3b41463300bc1d1db806f16a5230
lw_propia,name:157afdf53531731a862cbac273b27a9a6b1b3710bb33612af29b4225e0ce25ba,2026-04-01,46.000000,1167914.40,0.000000,0.000000,0.00,0.00,GBA,Multibrand,"",2026-08-17 19:35:14.098777+00,2026-08-17 19:35:14.09878+00,57789e969e6538dc2b2abdf145ad06905f3e3b41463300bc1d1db806f16a5230
lw_propia,name:1a71d49332fcef342e2ab2ea3c18c3231c565b1b3da16cd9ad390bddc25d31b1,2026-05-01,47.000000,1199544.49,0.000000,0.000000,0.00,0.00,GBA,Multibrand,"",2026-08-17 19:35:14.099884+00,2026-08-17 19:35:14.099886+00,57789e969e6538dc2b2abdf145ad06905f3e3b41463300bc1d1db806f16a5230
lw_propia,name:1a71d49332fcef342e2ab2ea3c18c3231c565b1b3da16cd9ad390bddc25d31b1,2026-06-01,8.000000,214060.97,0.000000,0.000000,0.00,0.00,GBA,Multibrand,"",2026-08-17 19:35:14.101002+00,2026-08-17 19:35:14.101016+00,57789e969e6538dc2b2abdf145ad06905f3e3b41463300bc1d1db806f16a5230
lw_propia,name:a470f5555b18a7b192d768fcb8a814b6dc47bd06aec85f3595fcbfc671fc94d0,2026-01-01,890.833000,20088898.10,0.000000,0.000000,0.00,0.00,GBA,Multibrand,"",2026-08-17 19:35:14.102122+00,2026-08-17 19:35:14.102125+00,57789e969e6538dc2b2abdf145ad06905f3e3b41463300bc1d1db806f16a5230
lw_propia,name:a470f5555b18a7b192d768fcb8a814b6dc47bd06aec85f3595fcbfc671fc94d0,2026-02-01,431.749000,10331569.29,0.000000,0.000000,0.00,0.00,GBA,Multibrand,"",2026-08-17 19:35:14.103235+00,2026-08-17 19:35:14.103238+00,57789e969e6538dc2b2abdf145ad06905f3e3b41463300bc1d1db806f16a5230
lw_propia,name:a470f5555b18a7b192d768fcb8a814b6dc47bd06aec85f3595fcbfc671fc94d0,2026-03-01,568.334000,14326008.21,0.000000,0.000000,0.00,0.00,GBA,Multibrand,"",2026-08-17 19:35:14.104347+00,2026-08-17 19:35:14.104349+00,57789e969e6538dc2b2abdf145ad06905f3e3b41463300bc1d1db806f16a5230
lw_propia,name:a470f5555b18a7b192d768fcb8a814b6dc47bd06aec85f3595fcbfc671fc94d0,2026-04-01,649.998000,16517670.12,0.000000,0.000000,0.00,0.00,GBA,Multibrand,"",2026-08-17 19:35:14.105453+00,2026-08-17 19:35:14.105456+00,57789e969e6538dc2b2abdf145ad06905f3e3b41463300bc1d1db806f16a5230
lw_propia,name:a470f5555b18a7b192d768fcb8a814b6dc47bd06aec85f3595fcbfc671fc94d0,2026-05-01,537.083000,13449883.12,0.000000,0.000000,0.00,0.00,GBA,Multibrand,"",2026-08-17 19:35:14.106591+00,2026-08-17 19:35:14.106594+00,57789e969e6538dc2b2abdf145ad06905f3e3b41463300bc1d1db806f16a5230
lw_propia,name:a470f5555b18a7b192d768fcb8a814b6dc47bd06aec85f3595fcbfc671fc94d0,2026-06-01,816.583000,21632415.67,0.000000,0.000000,0.00,0.00,GBA,Multibrand,"",2026-08-17 19:35:14.107702+00,2026-08-17 19:35:14.107704+00,57789e969e6538dc2b2abdf145ad06905f3e3b41463300bc1d1db806f16a5230
lw_propia,name:a470f5555b18a7b192d768fcb8a814b6dc47bd06aec85f3595fcbfc671fc94d0,2026-07-01,667.330000,17882960.43,0.000000,0.000000,0.00,0.00,GBA,Multibrand,"",2026-08-17 19:35:14.108806+00,2026-08-17 19:35:14.108809+00,57789e969e6538dc2b2abdf145ad06905f3e3b41463300bc1d1db806f16a5230
lw_propia,name:3e73f0b121d007739287e4d0aa0bb71cd381b99d8609db1508c2e7c1453e4688,2026-01-01,29.000000,888540.00,0.000000,0.000000,0.00,0.00,GBA,Multibrand,"",2026-08-17 19:35:14.109784+00,2026-08-17 19:35:14.109786+00,57789e969e6538dc2b2abdf145ad06905f3e3b41463300bc1d1db806f16a5230
lw_propia,name:3e73f0b121d007739287e4d0aa0bb71cd381b99d8609db1508c2e7c1453e4688,2026-06-01,24.500000,772256.40,0.000000,0.000000,0.00,0.00,GBA,Multibrand,"",2026-08-17 19:35:14.110735+00,2026-08-17 19:35:14.110737+00,57789e969e6538dc2b2abdf145ad06905f3e3b41463300bc1d1db806f16a5230
lw_propia,name:543889aa0ef6c6712d3cbcc06da499daa81199b723be820f7bcb8aabef68989e,2026-01-01,59.000000,1448445.35,0.000000,0.000000,0.00,0.00,GBA,Multibrand,"",2026-08-17 19:35:14.111731+00,2026-08-17 19:35:14.111733+00,57789e969e6538dc2b2abdf145ad06905f3e3b41463300bc1d1db806f16a5230
lw_propia,name:e8a9522d014c22044c690159182abdd6c5673aa287ecb313061c8e2cbe5f92b7,2026-02-01,167.500000,4563806.11,0.000000,0.000000,0.00,0.00,GBA,Multibrand,"",2026-08-17 19:35:14.112764+00,2026-08-17 19:35:14.112766+00,57789e969e6538dc2b2abdf145ad06905f3e3b41463300bc1d1db806f16a5230
lw_propia,name:e8a9522d014c22044c690159182abdd6c5673aa287ecb313061c8e2cbe5f92b7,2026-03-01,38.000000,1028636.73,0.000000,0.000000,0.00,0.00,GBA,Multibrand,"",2026-08-17 19:35:14.1138+00,2026-08-17 19:35:14.113803+00,57789e969e6538dc2b2abdf145ad06905f3e3b41463300bc1d1db806f16a5230
lw_propia,name:e8a9522d014c22044c690159182abdd6c5673aa287ecb313061c8e2cbe5f92b7,2026-07-01,202.000000,5431938.04,0.000000,0.000000,0.00,0.00,GBA,Multibrand,"",2026-08-17 19:35:14.114847+00,2026-08-17 19:35:14.11485+00,57789e969e6538dc2b2abdf145ad06905f3e3b41463300bc1d1db806f16a5230
lw_propia,name:e07b5f75cebbd6b69423ae4fbf9c6b4e9820639ccf5a309ed876826fbef934c1,2026-02-01,93.500000,2440420.80,0.000000,0.000000,0.00,0.00,GBA,Multibrand,"",2026-08-17 19:35:14.115976+00,2026-08-17 19:35:14.115979+00,57789e969e6538dc2b2abdf145ad06905f3e3b41463300bc1d1db806f16a5230
lw_propia,name:e07b5f75cebbd6b69423ae4fbf9c6b4e9820639ccf5a309ed876826fbef934c1,2026-07-01,93.500000,2828123.69,0.000000,0.000000,0.00,0.00,GBA,Multibrand,"",2026-08-17 19:35:14.117062+00,2026-08-17 19:35:14.117064+00,57789e969e6538dc2b2abdf145ad06905f3e3b41463300bc1d1db806f16a5230
lw_propia,name:1d88ca8951f7c20ca823bccabfa1c4fa52631d12a6f787104cd1076b2cf6008b,2026-02-01,21.000000,593920.62,0.000000,0.000000,0.00,0.00,GBA,Multibrand,"",2026-08-17 19:35:14.118114+00,2026-08-17 19:35:14.118116+00,57789e969e6538dc2b2abdf145ad06905f3e3b41463300bc1d1db806f16a5230
lw_propia,name:1d88ca8951f7c20ca823bccabfa1c4fa52631d12a6f787104cd1076b2cf6008b,2026-06-01,30.000000,958701.24,0.000000,0.000000,0.00,0.00,GBA,Multibrand,"",2026-08-17 19:35:14.119174+00,2026-08-17 19:35:14.119176+00,57789e969e6538dc2b2abdf145ad06905f3e3b41463300bc1d1db806f16a5230
lw_propia,name:bcd0f0325486a90bd648af52dd80f36578fe4ecdcb82a762243f581a05861d08,2026-01-01,285.250000,7011661.80,0.000000,0.000000,0.00,0.00,GBA,Multibrand,"",2026-08-17 19:35:14.120194+00,2026-08-17 19:35:14.120197+00,57789e969e6538dc2b2abdf145ad06905f3e3b41463300bc1d1db806f16a5230
lw_propia,name:bcd0f0325486a90bd648af52dd80f36578fe4ecdcb82a762243f581a05861d08,2026-02-01,23.750000,679851.06,0.000000,0.000000,0.00,0.00,GBA,Multibrand,"",2026-08-17 19:35:14.121262+00,2026-08-17 19:35:14.121265+00,57789e969e6538dc2b2abdf145ad06905f3e3b41463300bc1d1db806f16a5230
lw_propia,name:bcd0f0325486a90bd648af52dd80f36578fe4ecdcb82a762243f581a05861d08,2026-04-01,653.500000,15613973.87,0.000000,0.000000,0.00,0.00,GBA,Multibrand,"",2026-08-17 19:35:14.122315+00,2026-08-17 19:35:14.122318+00,57789e969e6538dc2b2abdf145ad06905f3e3b41463300bc1d1db806f16a5230
lw_propia,name:bcd0f0325486a90bd648af52dd80f36578fe4ecdcb82a762243f581a05861d08,2026-05-01,-1.000000,-160433.08,0.000000,0.000000,0.00,0.00,GBA,Multibrand,"",2026-08-17 19:35:14.123353+00,2026-08-17 19:35:14.123356+00,57789e969e6538dc2b2abdf145ad06905f3e3b41463300bc1d1db806f16a5230
lw_propia,name:bcd0f0325486a90bd648af52dd80f36578fe4ecdcb82a762243f581a05861d08,2026-06-01,325.250000,9808567.56,0.000000,0.000000,0.00,0.00,GBA,Multibrand,"",2026-08-17 19:35:14.124557+00,2026-08-17 19:35:14.124559+00,57789e969e6538dc2b2abdf145ad06905f3e3b41463300bc1d1db806f16a5230
lw_propia,name:26787a14f2d237a8132f44adc28cd18ac39eff9ebd231d32ba1613ea65650c55,2026-01-01,17.000000,516577.20,0.000000,0.000000,0.00,0.00,GBA,Multibrand,"",2026-08-17 19:35:14.125607+00,2026-08-17 19:35:14.12561+00,57789e969e6538dc2b2abdf145ad06905f3e3b41463300bc1d1db806f16a5230
lw_propia,name:26787a14f2d237a8132f44adc28cd18ac39eff9ebd231d32ba1613ea65650c55,2026-04-01,42.500000,1173454.20,0.000000,0.000000,0.00,0.00,GBA,Multibrand,"",2026-08-17 19:35:14.126658+00,2026-08-17 19:35:14.126661+00,57789e969e6538dc2b2abdf145ad06905f3e3b41463300bc1d1db806f16a5230
lw_propia,name:28f6c2c95889c6710d80dffaa8f1503e75478eb36ed0b95e74373c49b97be22c,2026-03-01,25.000000,818118.72,0.000000,0.000000,0.00,0.00,GBA,Multibrand,"",2026-08-17 19:35:14.127725+00,2026-08-17 19:35:14.127728+00,57789e969e6538dc2b2abdf145ad06905f3e3b41463300bc1d1db806f16a5230
lw_propia,name:adfde3821736fc12100926afe3ab0d1f3c562d2d78ca3afc712b7d0cf4b8d9e5,2026-01-01,-1.000000,-162257.35,0.000000,0.000000,0.00,0.00,GBA,Multibrand,"",2026-08-17 19:35:14.128788+00,2026-08-17 19:35:14.128791+00,57789e969e6538dc2b2abdf145ad06905f3e3b41463300bc1d1db806f16a5230
lw_propia,name:c4fe957b086b33b4ac0fc33696f18738c616279f915f1a55b3b97d4322b05c21,2026-01-01,52.000000,1343889.60,0.000000,0.000000,0.00,0.00,Sur,Multibrand,"",2026-08-17 19:35:14.129874+00,2026-08-17 19:35:14.129877+00,57789e969e6538dc2b2abdf145ad06905f3e3b41463300bc1d1db806f16a5230
lw_propia,name:c4fe957b086b33b4ac0fc33696f18738c616279f915f1a55b3b97d4322b05c21,2026-02-01,43.000000,1284225.60,0.000000,0.000000,0.00,0.00,Sur,Multibrand,"",2026-08-17 19:35:14.130929+00,2026-08-17 19:35:14.130931+00,57789e969e6538dc2b2abdf145ad06905f3e3b41463300bc1d1db806f16a5230
lw_propia,name:c4fe957b086b33b4ac0fc33696f18738c616279f915f1a55b3b97d4322b05c21,2026-05-01,80.500000,2236752.60,0.000000,0.000000,0.00,0.00,Sur,Multibrand,"",2026-08-17 19:35:14.131986+00,2026-08-17 19:35:14.131989+00,57789e969e6538dc2b2abdf145ad06905f3e3b41463300bc1d1db806f16a5230
lw_propia,name:14a135375639ebad6e944bc62795ff33b9afd9ddb84fd1d80535167fa20ae53a,2026-01-01,-6.000000,-134734.37,0.000000,0.000000,0.00,0.00,Sur,Multibrand,"",2026-08-17 19:35:14.133066+00,2026-08-17 19:35:14.133069+00,57789e969e6538dc2b2abdf145ad06905f3e3b41463300bc1d1db806f16a5230
lw_propia,name:14a135375639ebad6e944bc62795ff33b9afd9ddb84fd1d80535167fa20ae53a,2026-02-01,35.000000,875195.99,0.000000,0.000000,0.00,0.00,Sur,Multibrand,"",2026-08-17 19:35:14.134115+00,2026-08-17 19:35:14.134118+00,57789e969e6538dc2b2abdf145ad06905f3e3b41463300bc1d1db806f16a5230
lw_propia,name:14a135375639ebad6e944bc62795ff33b9afd9ddb84fd1d80535167fa20ae53a,2026-03-01,55.000000,1407915.72,0.000000,0.000000,0.00,0.00,Sur,Multibrand,"",2026-08-17 19:35:14.135192+00,2026-08-17 19:35:14.135195+00,57789e969e6538dc2b2abdf145ad06905f3e3b41463300bc1d1db806f16a5230
lw_propia,name:14a135375639ebad6e944bc62795ff33b9afd9ddb84fd1d80535167fa20ae53a,2026-04-01,59.500000,1658434.32,0.000000,0.000000,0.00,0.00,Sur,Multibrand,"",2026-08-17 19:35:14.136278+00,2026-08-17 19:35:14.136281+00,57789e969e6538dc2b2abdf145ad06905f3e3b41463300bc1d1db806f16a5230
lw_propia,name:14a135375639ebad6e944bc62795ff33b9afd9ddb84fd1d80535167fa20ae53a,2026-05-01,52.500000,1410479.23,0.000000,0.000000,0.00,0.00,Sur,Multibrand,"",2026-08-17 19:35:14.137332+00,2026-08-17 19:35:14.137334+00,57789e969e6538dc2b2abdf145ad06905f3e3b41463300bc1d1db806f16a5230
lw_propia,name:14a135375639ebad6e944bc62795ff33b9afd9ddb84fd1d80535167fa20ae53a,2026-06-01,52.000000,1336027.69,0.000000,0.000000,0.00,0.00,Sur,Multibrand,"",2026-08-17 19:35:14.138467+00,2026-08-17 19:35:14.138469+00,57789e969e6538dc2b2abdf145ad06905f3e3b41463300bc1d1db806f16a5230
lw_propia,name:59b5c49f0beb4000c8f60a0315dc014912e3488aca68da8d0d9afe038e865903,2026-04-01,670.000000,19807884.00,0.000000,0.000000,0.00,0.00,Sur,Multibrand,"",2026-08-17 19:35:14.139532+00,2026-08-17 19:35:14.139534+00,57789e969e6538dc2b2abdf145ad06905f3e3b41463300bc1d1db806f16a5230
lw_propia,name:59b5c49f0beb4000c8f60a0315dc014912e3488aca68da8d0d9afe038e865903,2026-06-01,513.000000,15481863.60,0.000000,0.000000,0.00,0.00,Sur,Multibrand,"",2026-08-17 19:35:14.140744+00,2026-08-17 19:35:14.140747+00,57789e969e6538dc2b2abdf145ad06905f3e3b41463300bc1d1db806f16a5230
lw_propia,name:ef3f199e50d17289c5c6522e724c111ec92042db598cc709f5f70b66252971ef,2026-01-01,984.500000,16697887.55,0.000000,0.000000,0.00,0.00,Sur,Multibrand,"",2026-08-17 19:35:14.14215+00,2026-08-17 19:35:14.142153+00,57789e969e6538dc2b2abdf145ad06905f3e3b41463300bc1d1db806f16a5230
lw_propia,name:ef3f199e50d17289c5c6522e724c111ec92042db598cc709f5f70b66252971ef,2026-03-01,311.000000,7711408.32,0.000000,0.000000,0.00,0.00,Sur,Multibrand,"",2026-08-17 19:35:14.143419+00,2026-08-17 19:35:14.143422+00,57789e969e6538dc2b2abdf145ad06905f3e3b41463300bc1d1db806f16a5230
lw_propia,name:ef3f199e50d17289c5c6522e724c111ec92042db598cc709f5f70b66252971ef,2026-04-01,562.500000,12691404.00,0.000000,0.000000,0.00,0.00,Sur,Multibrand,"",2026-08-17 19:35:14.14448+00,2026-08-17 19:35:14.144483+00,57789e969e6538dc2b2abdf145ad06905f3e3b41463300bc1d1db806f16a5230
lw_propia,name:ef3f199e50d17289c5c6522e724c111ec92042db598cc709f5f70b66252971ef,2026-06-01,76.000000,2415072.00,0.000000,0.000000,0.00,0.00,Sur,Multibrand,"",2026-08-17 19:35:14.145537+00,2026-08-17 19:35:14.14554+00,57789e969e6538dc2b2abdf145ad06905f3e3b41463300bc1d1db806f16a5230
lw_propia,name:4272f3515b93477a20a89fa1360aed75ec079892a195460a881133f7c4cdfda8,2026-01-01,-11.000000,-44828.41,0.000000,0.000000,0.00,0.00,Sur,Multibrand,"",2026-08-17 19:35:14.146596+00,2026-08-17 19:35:14.146599+00,57789e969e6538dc2b2abdf145ad06905f3e3b41463300bc1d1db806f16a5230
lw_propia,name:4272f3515b93477a20a89fa1360aed75ec079892a195460a881133f7c4cdfda8,2026-02-01,68.500000,1803213.44,0.000000,0.000000,0.00,0.00,Sur,Multibrand,"",2026-08-17 19:35:14.147657+00,2026-08-17 19:35:14.14766+00,57789e969e6538dc2b2abdf145ad06905f3e3b41463300bc1d1db806f16a5230
lw_propia,name:4272f3515b93477a20a89fa1360aed75ec079892a195460a881133f7c4cdfda8,2026-03-01,71.000000,2101400.26,0.000000,0.000000,0.00,0.00,Sur,Multibrand,"",2026-08-17 19:35:14.148954+00,2026-08-17 19:35:14.148957+00,57789e969e6538dc2b2abdf145ad06905f3e3b41463300bc1d1db806f16a5230
lw_propia,name:4272f3515b93477a20a89fa1360aed75ec079892a195460a881133f7c4cdfda8,2026-05-01,77.000000,2089836.08,0.000000,0.000000,0.00,0.00,Sur,Multibrand,"",2026-08-17 19:35:14.150027+00,2026-08-17 19:35:14.15003+00,57789e969e6538dc2b2abdf145ad06905f3e3b41463300bc1d1db806f16a5230
lw_propia,name:4272f3515b93477a20a89fa1360aed75ec079892a195460a881133f7c4cdfda8,2026-06-01,83.000000,2262479.30,0.000000,0.000000,0.00,0.00,Sur,Multibrand,"",2026-08-17 19:35:14.151088+00,2026-08-17 19:35:14.151091+00,57789e969e6538dc2b2abdf145ad06905f3e3b41463300bc1d1db806f16a5230
lw_propia,name:4d97f414366b9bc9372ae72294260db690769e72526c22438753a5dba34e794d,2026-01-01,108.000000,2963690.48,0.000000,0.000000,0.00,0.00,Sur,Multibrand,"",2026-08-17 19:35:14.15214+00,2026-08-17 19:35:14.152143+00,57789e969e6538dc2b2abdf145ad06905f3e3b41463300bc1d1db806f16a5230
lw_propia,name:82d608095d411b2f5b0d582d54e2f88397a76e0e7e2b04e15bdee73ee50b7c66,2026-03-01,501.000000,12690236.02,0.000000,0.000000,0.00,0.00,Sur,Multibrand,"",2026-08-17 19:35:14.153258+00,2026-08-17 19:35:14.153261+00,57789e969e6538dc2b2abdf145ad06905f3e3b41463300bc1d1db806f16a5230
lw_propia,name:82d608095d411b2f5b0d582d54e2f88397a76e0e7e2b04e15bdee73ee50b7c66,2026-06-01,512.000000,15194366.60,0.000000,0.000000,0.00,0.00,Sur,Multibrand,"",2026-08-17 19:35:14.15443+00,2026-08-17 19:35:14.154434+00,57789e969e6538dc2b2abdf145ad06905f3e3b41463300bc1d1db806f16a5230
lw_propia,name:82d608095d411b2f5b0d582d54e2f88397a76e0e7e2b04e15bdee73ee50b7c66,2026-07-01,-6.000000,-1255933.02,0.000000,0.000000,0.00,0.00,Sur,Multibrand,"",2026-08-17 19:35:14.155501+00,2026-08-17 19:35:14.155504+00,57789e969e6538dc2b2abdf145ad06905f3e3b41463300bc1d1db806f16a5230
lw_propia,name:c22ff716f8dfda37e17700cb14645c043ec43a6d46d8240c82fbae9ef0195ef8,2026-02-01,16.000000,566113.20,0.000000,0.000000,0.00,0.00,Sur,Multibrand,"",2026-08-17 19:35:14.15658+00,2026-08-17 19:35:14.156583+00,57789e969e6538dc2b2abdf145ad06905f3e3b41463300bc1d1db806f16a5230
lw_propia,name:09e0e8c4c1ba81e84672b12b01d42a6d4eb88ad4b2989f0cb398dc2420d25cd4,2026-01-01,-18.000000,-457197.60,0.000000,0.000000,0.00,0.00,Sur,Multibrand,"",2026-08-17 19:35:14.157626+00,2026-08-17 19:35:14.157629+00,57789e969e6538dc2b2abdf145ad06905f3e3b41463300bc1d1db806f16a5230
lw_propia,name:09e0e8c4c1ba81e84672b12b01d42a6d4eb88ad4b2989f0cb398dc2420d25cd4,2026-06-01,113.500000,3192990.00,0.000000,0.000000,0.00,0.00,Sur,Multibrand,"",2026-08-17 19:35:14.158674+00,2026-08-17 19:35:14.158677+00,57789e969e6538dc2b2abdf145ad06905f3e3b41463300bc1d1db806f16a5230
lw_propia,name:60fd0180f9d6bcd424a4dfbe4a4ce2c06c43330ade71ad0587bd58c58e920cf5,2026-01-01,49.000000,622105.80,0.000000,0.000000,0.00,0.00,Sur,Multibrand,"",2026-08-17 19:35:14.159728+00,2026-08-17 19:35:14.159731+00,57789e969e6538dc2b2abdf145ad06905f3e3b41463300bc1d1db806f16a5230
lw_propia,name:9aa0df9ad5e9d6aade1c73236f62a00322882dfc6040d6f9812e5eb262a041a4,2026-03-01,58.500000,1629521.28,0.000000,0.000000,0.00,0.00,Sur,Multibrand,"",2026-08-17 19:35:14.160794+00,2026-08-17 19:35:14.160797+00,57789e969e6538dc2b2abdf145ad06905f3e3b41463300bc1d1db806f16a5230
lw_propia,name:c4a55ffb8c020d3623e86ed7d8c52d9ee392d2c3e908845277cf8417cff8b44b,2026-01-01,37.000000,952527.60,0.000000,0.000000,0.00,0.00,Sur,Multibrand,"",2026-08-17 19:35:14.161897+00,2026-08-17 19:35:14.1619+00,57789e969e6538dc2b2abdf145ad06905f3e3b41463300bc1d1db806f16a5230
lw_propia,name:c4a55ffb8c020d3623e86ed7d8c52d9ee392d2c3e908845277cf8417cff8b44b,2026-07-01,48.000000,1407586.80,0.000000,0.000000,0.00,0.00,Sur,Multibrand,"",2026-08-17 19:35:14.162982+00,2026-08-17 19:35:14.162985+00,57789e969e6538dc2b2abdf145ad06905f3e3b41463300bc1d1db806f16a5230
lw_propia,name:dfbaa2b32bacf7f93cef3289eeb742202c3d148c2ba62cb21447f90a31da04d4,2026-01-01,-33.000000,-339894.82,0.000000,0.000000,0.00,0.00,Sur,Multibrand,"",2026-08-17 19:35:14.164057+00,2026-08-17 19:35:14.16406+00,57789e969e6538dc2b2abdf145ad06905f3e3b41463300bc1d1db806f16a5230
lw_propia,name:e9a1205e28c31c5332034eeb075781f23d0bc948ed462a522d468a7cc8646ea2,2026-01-01,20.500000,517496.40,0.000000,0.000000,0.00,0.00,Sur,Multibrand,"",2026-08-17 19:35:14.165141+00,2026-08-17 19:35:14.165143+00,57789e969e6538dc2b2abdf145ad06905f3e3b41463300bc1d1db806f16a5230
lw_propia,name:e9a1205e28c31c5332034eeb075781f23d0bc948ed462a522d468a7cc8646ea2,2026-02-01,42.000000,1145748.00,0.000000,0.000000,0.00,0.00,Sur,Multibrand,"",2026-08-17 19:35:14.166212+00,2026-08-17 19:35:14.166215+00,57789e969e6538dc2b2abdf145ad06905f3e3b41463300bc1d1db806f16a5230
lw_propia,name:e9a1205e28c31c5332034eeb075781f23d0bc948ed462a522d468a7cc8646ea2,2026-05-01,36.000000,1445739.60,0.000000,0.000000,0.00,0.00,Sur,Multibrand,"",2026-08-17 19:35:14.16728+00,2026-08-17 19:35:14.167282+00,57789e969e6538dc2b2abdf145ad06905f3e3b41463300bc1d1db806f16a5230
lw_propia,name:e9a1205e28c31c5332034eeb075781f23d0bc948ed462a522d468a7cc8646ea2,2026-06-01,26.000000,742714.80,0.000000,0.000000,0.00,0.00,Sur,Multibrand,"",2026-08-17 19:35:14.168341+00,2026-08-17 19:35:14.168344+00,57789e969e6538dc2b2abdf145ad06905f3e3b41463300bc1d1db806f16a5230
lw_propia,name:a4167c5c5de6ece178ec18faa0287a05d878f023a4c8fe112774ca3908f668f0,2026-03-01,32.000000,864542.40,0.000000,0.000000,0.00,0.00,Sur,Multibrand,"",2026-08-17 19:35:14.169384+00,2026-08-17 19:35:14.169387+00,57789e969e6538dc2b2abdf145ad06905f3e3b41463300bc1d1db806f16a5230
lw_propia,name:39e8ad2ebba36e582aae3db36c53ebf7a257a179b7150f17e9a825450fa30d2f,2026-02-01,180.000000,5358997.20,0.000000,0.000000,0.00,0.00,Sur,Multibrand,"",2026-08-17 19:35:14.170449+00,2026-08-17 19:35:14.170451+00,57789e969e6538dc2b2abdf145ad06905f3e3b41463300bc1d1db806f16a5230
lw_propia,name:39e8ad2ebba36e582aae3db36c53ebf7a257a179b7150f17e9a825450fa30d2f,2026-03-01,51.000000,1338361.20,0.000000,0.000000,0.00,0.00,Sur,Multibrand,"",2026-08-17 19:35:14.171503+00,2026-08-17 19:35:14.171506+00,57789e969e6538dc2b2abdf145ad06905f3e3b41463300bc1d1db806f16a5230
lw_propia,name:39e8ad2ebba36e582aae3db36c53ebf7a257a179b7150f17e9a825450fa30d2f,2026-07-01,185.000000,5374971.60,0.000000,0.000000,0.00,0.00,Sur,Multibrand,"",2026-08-17 19:35:14.172551+00,2026-08-17 19:35:14.172554+00,57789e969e6538dc2b2abdf145ad06905f3e3b41463300bc1d1db806f16a5230
lw_propia,name:1e926475cc6bed3ff7446d8b7404f4c90a064819919390798cf9207cd82ac76b,2026-02-01,42.500000,1194357.00,0.000000,0.000000,0.00,0.00,Sur,Multibrand,"",2026-08-17 19:35:14.173644+00,2026-08-17 19:35:14.173646+00,57789e969e6538dc2b2abdf145ad06905f3e3b41463300bc1d1db806f16a5230
lw_propia,name:1e926475cc6bed3ff7446d8b7404f4c90a064819919390798cf9207cd82ac76b,2026-05-01,50.000000,1469732.40,0.000000,0.000000,0.00,0.00,Sur,Multibrand,"",2026-08-17 19:35:14.174726+00,2026-08-17 19:35:14.174729+00,57789e969e6538dc2b2abdf145ad06905f3e3b41463300bc1d1db806f16a5230
lw_propia,name:1e926475cc6bed3ff7446d8b7404f4c90a064819919390798cf9207cd82ac76b,2026-06-01,59.500000,1818322.20,0.000000,0.000000,0.00,0.00,Sur,Multibrand,"",2026-08-17 19:35:14.175831+00,2026-08-17 19:35:14.175834+00,57789e969e6538dc2b2abdf145ad06905f3e3b41463300bc1d1db806f16a5230
lw_propia,name:2482da22bfe7e84645a6bd453c23bc1f6b31d8771b961f4fb8bbdbe14d7b562f,2026-05-01,33.500000,1071763.37,0.000000,0.000000,0.00,0.00,Sur,Multibrand,"",2026-08-17 19:35:14.176918+00,2026-08-17 19:35:14.176921+00,57789e969e6538dc2b2abdf145ad06905f3e3b41463300bc1d1db806f16a5230
lw_propia,name:0f4a80c5b8e561956942d00dc8b102276a04211890e6793087858a2dec970453,2026-02-01,69.500000,2089385.40,0.000000,0.000000,0.00,0.00,Sur,Multibrand,"",2026-08-17 19:35:14.178023+00,2026-08-17 19:35:14.178026+00,57789e969e6538dc2b2abdf145ad06905f3e3b41463300bc1d1db806f16a5230
lw_propia,name:fe9cf5ecad9f471a38dcbfc40c67ec692a5b4739a858006d4133e3993b956b66,2026-01-01,3191.334000,65609737.83,0.000000,0.000000,0.00,0.00,NOA,Multibrand,"",2026-08-17 19:35:14.179117+00,2026-08-17 19:35:14.17912+00,57789e969e6538dc2b2abdf145ad06905f3e3b41463300bc1d1db806f16a5230
lw_propia,name:fe9cf5ecad9f471a38dcbfc40c67ec692a5b4739a858006d4133e3993b956b66,2026-02-01,4436.000000,90849021.22,0.000000,0.000000,0.00,0.00,NOA,Multibrand,"",2026-08-17 19:35:14.180191+00,2026-08-17 19:35:14.180194+00,57789e969e6538dc2b2abdf145ad06905f3e3b41463300bc1d1db806f16a5230
lw_propia,name:fe9cf5ecad9f471a38dcbfc40c67ec692a5b4739a858006d4133e3993b956b66,2026-03-01,4754.000000,101567274.14,0.000000,0.000000,0.00,0.00,NOA,Multibrand,"",2026-08-17 19:35:14.181282+00,2026-08-17 19:35:14.181285+00,57789e969e6538dc2b2abdf145ad06905f3e3b41463300bc1d1db806f16a5230
lw_propia,name:fe9cf5ecad9f471a38dcbfc40c67ec692a5b4739a858006d4133e3993b956b66,2026-04-01,-1.667000,-36371.76,0.000000,0.000000,0.00,0.00,NOA,Multibrand,"",2026-08-17 19:35:14.182345+00,2026-08-17 19:35:14.182348+00,57789e969e6538dc2b2abdf145ad06905f3e3b41463300bc1d1db806f16a5230
lw_propia,name:fe9cf5ecad9f471a38dcbfc40c67ec692a5b4739a858006d4133e3993b956b66,2026-05-01,2615.500000,56676407.38,0.000000,0.000000,0.00,0.00,NOA,Multibrand,"",2026-08-17 19:35:14.183416+00,2026-08-17 19:35:14.183419+00,57789e969e6538dc2b2abdf145ad06905f3e3b41463300bc1d1db806f16a5230
lw_propia,name:fe9cf5ecad9f471a38dcbfc40c67ec692a5b4739a858006d4133e3993b956b66,2026-06-01,2976.500000,64414782.86,0.000000,0.000000,0.00,0.00,NOA,Multibrand,"",2026-08-17 19:35:14.184482+00,2026-08-17 19:35:14.184485+00,57789e969e6538dc2b2abdf145ad06905f3e3b41463300bc1d1db806f16a5230
lw_propia,name:fe9cf5ecad9f471a38dcbfc40c67ec692a5b4739a858006d4133e3993b956b66,2026-07-01,5471.000000,121391744.99,0.000000,0.000000,0.00,0.00,NOA,Multibrand,"",2026-08-17 19:35:14.185556+00,2026-08-17 19:35:14.18556+00,57789e969e6538dc2b2abdf145ad06905f3e3b41463300bc1d1db806f16a5230
lw_propia,name:04d41f6c97de3bde85ff28e5c8d109db63a8d2792c3702fe5a93ae869fb73639,2026-01-01,686.000000,15365454.33,0.000000,0.000000,0.00,0.00,NOA,Multibrand,"",2026-08-17 19:35:14.186625+00,2026-08-17 19:35:14.186628+00,57789e969e6538dc2b2abdf145ad06905f3e3b41463300bc1d1db806f16a5230
lw_propia,name:04d41f6c97de3bde85ff28e5c8d109db63a8d2792c3702fe5a93ae869fb73639,2026-03-01,1092.000000,25945869.09,0.000000,0.000000,0.00,0.00,NOA,Multibrand,"",2026-08-17 19:35:14.187695+00,2026-08-17 19:35:14.187697+00,57789e969e6538dc2b2abdf145ad06905f3e3b41463300bc1d1db806f16a5230
lw_propia,name:04d41f6c97de3bde85ff28e5c8d109db63a8d2792c3702fe5a93ae869fb73639,2026-04-01,753.000000,18942340.65,0.000000,0.000000,0.00,0.00,NOA,Multibrand,"",2026-08-17 19:35:14.188754+00,2026-08-17 19:35:14.188757+00,57789e969e6538dc2b2abdf145ad06905f3e3b41463300bc1d1db806f16a5230
lw_propia,name:04d41f6c97de3bde85ff28e5c8d109db63a8d2792c3702fe5a93ae869fb73639,2026-05-01,1034.000000,27935045.03,0.000000,0.000000,0.00,0.00,NOA,Multibrand,"",2026-08-17 19:35:14.190054+00,2026-08-17 19:35:14.190057+00,57789e969e6538dc2b2abdf145ad06905f3e3b41463300bc1d1db806f16a5230
lw_propia,name:04d41f6c97de3bde85ff28e5c8d109db63a8d2792c3702fe5a93ae869fb73639,2026-06-01,522.000000,13430413.86,0.000000,0.000000,0.00,0.00,NOA,Multibrand,"",2026-08-17 19:35:14.191114+00,2026-08-17 19:35:14.191117+00,57789e969e6538dc2b2abdf145ad06905f3e3b41463300bc1d1db806f16a5230
lw_propia,name:04d41f6c97de3bde85ff28e5c8d109db63a8d2792c3702fe5a93ae869fb73639,2026-07-01,1122.750000,27030897.42,0.000000,0.000000,0.00,0.00,NOA,Multibrand,"",2026-08-17 19:35:14.19217+00,2026-08-17 19:35:14.192173+00,57789e969e6538dc2b2abdf145ad06905f3e3b41463300bc1d1db806f16a5230
lw_propia,name:b4dfd22eccd93dded1495c97ddc36a8419feb0eca949f5216fa15639d604004d,2026-01-01,-1.000000,-186368.69,0.000000,0.000000,0.00,0.00,NOA,Multibrand,"",2026-08-17 19:35:14.193237+00,2026-08-17 19:35:14.19324+00,57789e969e6538dc2b2abdf145ad06905f3e3b41463300bc1d1db806f16a5230
lw_propia,name:b4dfd22eccd93dded1495c97ddc36a8419feb0eca949f5216fa15639d604004d,2026-03-01,166.000000,4045264.62,0.000000,0.000000,0.00,0.00,NOA,Multibrand,"",2026-08-17 19:35:14.194309+00,2026-08-17 19:35:14.194312+00,57789e969e6538dc2b2abdf145ad06905f3e3b41463300bc1d1db806f16a5230
lw_propia,name:b4dfd22eccd93dded1495c97ddc36a8419feb0eca949f5216fa15639d604004d,2026-04-01,43.500000,948977.57,0.000000,0.000000,0.00,0.00,NOA,Multibrand,"",2026-08-17 19:35:14.195341+00,2026-08-17 19:35:14.195344+00,57789e969e6538dc2b2abdf145ad06905f3e3b41463300bc1d1db806f16a5230
lw_propia,name:b4dfd22eccd93dded1495c97ddc36a8419feb0eca949f5216fa15639d604004d,2026-05-01,158.000000,3766130.01,0.000000,0.000000,0.00,0.00,NOA,Multibrand,"",2026-08-17 19:35:14.196384+00,2026-08-17 19:35:14.196387+00,57789e969e6538dc2b2abdf145ad06905f3e3b41463300bc1d1db806f16a5230
lw_propia,name:b4dfd22eccd93dded1495c97ddc36a8419feb0eca949f5216fa15639d604004d,2026-06-01,84.500000,2119969.63,0.000000,0.000000,0.00,0.00,NOA,Multibrand,"",2026-08-17 19:35:14.197433+00,2026-08-17 19:35:14.197436+00,57789e969e6538dc2b2abdf145ad06905f3e3b41463300bc1d1db806f16a5230
lw_propia,name:9a69641697ede255c97cf08e849d9fdb4003714c591130295fff34a67a10234c,2026-01-01,-1.000000,-39229.73,0.000000,0.000000,0.00,0.00,NOA,Multibrand,"",2026-08-17 19:35:14.198472+00,2026-08-17 19:35:14.198475+00,57789e969e6538dc2b2abdf145ad06905f3e3b41463300bc1d1db806f16a5230
lw_propia,name:9a69641697ede255c97cf08e849d9fdb4003714c591130295fff34a67a10234c,2026-02-01,247.500000,6138428.34,0.000000,0.000000,0.00,0.00,NOA,Multibrand,"",2026-08-17 19:35:14.199535+00,2026-08-17 19:35:14.199538+00,57789e969e6538dc2b2abdf145ad06905f3e3b41463300bc1d1db806f16a5230
lw_propia,name:9a69641697ede255c97cf08e849d9fdb4003714c591130295fff34a67a10234c,2026-03-01,150.500000,3746650.23,0.000000,0.000000,0.00,0.00,NOA,Multibrand,"",2026-08-17 19:35:14.200581+00,2026-08-17 19:35:14.200583+00,57789e969e6538dc2b2abdf145ad06905f3e3b41463300bc1d1db806f16a5230
lw_propia,name:9a69641697ede255c97cf08e849d9fdb4003714c591130295fff34a67a10234c,2026-04-01,190.000000,4334983.00,0.000000,0.000000,0.00,0.00,NOA,Multibrand,"",2026-08-17 19:35:14.201647+00,2026-08-17 19:35:14.201649+00,57789e969e6538dc2b2abdf145ad06905f3e3b41463300bc1d1db806f16a5230
lw_propia,name:9a69641697ede255c97cf08e849d9fdb4003714c591130295fff34a67a10234c,2026-06-01,-1.000000,-241461.84,0.000000,0.000000,0.00,0.00,NOA,Multibrand,"",2026-08-17 19:35:14.202692+00,2026-08-17 19:35:14.202694+00,57789e969e6538dc2b2abdf145ad06905f3e3b41463300bc1d1db806f16a5230
lw_propia,name:9a69641697ede255c97cf08e849d9fdb4003714c591130295fff34a67a10234c,2026-07-01,263.500000,6866202.42,0.000000,0.000000,0.00,0.00,NOA,Multibrand,"",2026-08-17 19:35:14.20373+00,2026-08-17 19:35:14.203733+00,57789e969e6538dc2b2abdf145ad06905f3e3b41463300bc1d1db806f16a5230
lw_propia,name:97b07b2494cc094634cd73e153a21ef07066b287deb9d72fdf54acc433ee808b,2026-04-01,31.000000,967915.20,0.000000,0.000000,0.00,0.00,NOA,Multibrand,"",2026-08-17 19:35:14.20478+00,2026-08-17 19:35:14.204783+00,57789e969e6538dc2b2abdf145ad06905f3e3b41463300bc1d1db806f16a5230
lw_propia,name:97b07b2494cc094634cd73e153a21ef07066b287deb9d72fdf54acc433ee808b,2026-05-01,46.000000,1303271.40,0.000000,0.000000,0.00,0.00,NOA,Multibrand,"",2026-08-17 19:35:14.205838+00,2026-08-17 19:35:14.205841+00,57789e969e6538dc2b2abdf145ad06905f3e3b41463300bc1d1db806f16a5230
lw_propia,name:97b07b2494cc094634cd73e153a21ef07066b287deb9d72fdf54acc433ee808b,2026-06-01,46.000000,1350046.80,0.000000,0.000000,0.00,0.00,NOA,Multibrand,"",2026-08-17 19:35:14.206937+00,2026-08-17 19:35:14.20694+00,57789e969e6538dc2b2abdf145ad06905f3e3b41463300bc1d1db806f16a5230
lw_propia,name:eee72aa5ff11ef45a871379168fd24d26ee1a6781f157aefe8724ff4a791b0d9,2026-02-01,41.000000,1240446.56,0.000000,0.000000,0.00,0.00,NOA,Multibrand,"",2026-08-17 19:35:14.208075+00,2026-08-17 19:35:14.208078+00,57789e969e6538dc2b2abdf145ad06905f3e3b41463300bc1d1db806f16a5230
lw_propia,name:86a914bdb79764904df3bb9adf1a7b297c390138e88d2b14a29e007f9ad98f6c,2026-03-01,412.500000,10551488.88,0.000000,0.000000,0.00,0.00,NOA,Multibrand,"",2026-08-17 19:35:14.209077+00,2026-08-17 19:35:14.20908+00,57789e969e6538dc2b2abdf145ad06905f3e3b41463300bc1d1db806f16a5230
lw_propia,name:86a914bdb79764904df3bb9adf1a7b297c390138e88d2b14a29e007f9ad98f6c,2026-04-01,147.500000,3762885.21,0.000000,0.000000,0.00,0.00,NOA,Multibrand,"",2026-08-17 19:35:14.210112+00,2026-08-17 19:35:14.210115+00,57789e969e6538dc2b2abdf145ad06905f3e3b41463300bc1d1db806f16a5230
lw_propia,name:0714975d013ef8211dc57bb54ea69bb3881d7d4a675ec56992faf9bc92770ecb,2026-02-01,22.500000,516574.20,0.000000,0.000000,0.00,0.00,NOA,Multibrand,"",2026-08-17 19:35:14.211174+00,2026-08-17 19:35:14.211177+00,57789e969e6538dc2b2abdf145ad06905f3e3b41463300bc1d1db806f16a5230
lw_propia,name:7c5a77cb32b60ebe966a7b7f96669f4fae4a458aa01797611be2114e6e35db6e,2026-01-01,120.000000,2674508.56,0.000000,0.000000,0.00,0.00,NOA,Multibrand,"",2026-08-17 19:35:14.212115+00,2026-08-17 19:35:14.212118+00,57789e969e6538dc2b2abdf145ad06905f3e3b41463300bc1d1db806f16a5230
lw_propia,name:7c5a77cb32b60ebe966a7b7f96669f4fae4a458aa01797611be2114e6e35db6e,2026-03-01,272.000000,6399480.41,0.000000,0.000000,0.00,0.00,NOA,Multibrand,"",2026-08-17 19:35:14.213034+00,2026-08-17 19:35:14.213037+00,57789e969e6538dc2b2abdf145ad06905f3e3b41463300bc1d1db806f16a5230
lw_propia,name:7c5a77cb32b60ebe966a7b7f96669f4fae4a458aa01797611be2114e6e35db6e,2026-04-01,168.500000,4236419.35,0.000000,0.000000,0.00,0.00,NOA,Multibrand,"",2026-08-17 19:35:14.2139+00,2026-08-17 19:35:14.213903+00,57789e969e6538dc2b2abdf145ad06905f3e3b41463300bc1d1db806f16a5230
lw_propia,name:7c5a77cb32b60ebe966a7b7f96669f4fae4a458aa01797611be2114e6e35db6e,2026-05-01,91.000000,2462335.46,0.000000,0.000000,0.00,0.00,NOA,Multibrand,"",2026-08-17 19:35:14.214752+00,2026-08-17 19:35:14.214755+00,57789e969e6538dc2b2abdf145ad06905f3e3b41463300bc1d1db806f16a5230
lw_propia,name:7c5a77cb32b60ebe966a7b7f96669f4fae4a458aa01797611be2114e6e35db6e,2026-06-01,54.000000,1420354.98,0.000000,0.000000,0.00,0.00,NOA,Multibrand,"",2026-08-17 19:35:14.215829+00,2026-08-17 19:35:14.215832+00,57789e969e6538dc2b2abdf145ad06905f3e3b41463300bc1d1db806f16a5230
lw_propia,name:7c5a77cb32b60ebe966a7b7f96669f4fae4a458aa01797611be2114e6e35db6e,2026-07-01,90.000000,2205676.02,0.000000,0.000000,0.00,0.00,NOA,Multibrand,"",2026-08-17 19:35:14.216876+00,2026-08-17 19:35:14.216879+00,57789e969e6538dc2b2abdf145ad06905f3e3b41463300bc1d1db806f16a5230
lw_propia,name:49d076cb24de93539d5ca75bf03478769022c4a8585bae9558db2a866a3d2b84,2026-01-01,77.000000,1741619.59,0.000000,0.000000,0.00,0.00,Cuyo,Multibrand,"",2026-08-17 19:35:14.217917+00,2026-08-17 19:35:14.21792+00,57789e969e6538dc2b2abdf145ad06905f3e3b41463300bc1d1db806f16a5230
lw_propia,name:49d076cb24de93539d5ca75bf03478769022c4a8585bae9558db2a866a3d2b84,2026-04-01,35.500000,1105941.40,0.000000,0.000000,0.00,0.00,Cuyo,Multibrand,"",2026-08-17 19:35:14.218992+00,2026-08-17 19:35:14.218995+00,57789e969e6538dc2b2abdf145ad06905f3e3b41463300bc1d1db806f16a5230
lw_propia,name:49d076cb24de93539d5ca75bf03478769022c4a8585bae9558db2a866a3d2b84,2026-06-01,42.000000,1029600.04,0.000000,0.000000,0.00,0.00,Cuyo,Multibrand,"",2026-08-17 19:35:14.220035+00,2026-08-17 19:35:14.220038+00,57789e969e6538dc2b2abdf145ad06905f3e3b41463300bc1d1db806f16a5230
lw_propia,name:e2ce51e78237184702055cd05f59b8733516a8bde41fbd3de136647cada180ed,2026-02-01,379.000000,8301890.11,0.000000,0.000000,0.00,0.00,Cuyo,Multibrand,"",2026-08-17 19:35:14.221012+00,2026-08-17 19:35:14.221015+00,57789e969e6538dc2b2abdf145ad06905f3e3b41463300bc1d1db806f16a5230
lw_propia,name:e2ce51e78237184702055cd05f59b8733516a8bde41fbd3de136647cada180ed,2026-03-01,194.500000,5129520.16,0.000000,0.000000,0.00,0.00,Cuyo,Multibrand,"",2026-08-17 19:35:14.222028+00,2026-08-17 19:35:14.222031+00,57789e969e6538dc2b2abdf145ad06905f3e3b41463300bc1d1db806f16a5230
lw_propia,name:e2ce51e78237184702055cd05f59b8733516a8bde41fbd3de136647cada180ed,2026-04-01,313.000000,8994187.01,0.000000,0.000000,0.00,0.00,Cuyo,Multibrand,"",2026-08-17 19:35:14.22315+00,2026-08-17 19:35:14.223152+00,57789e969e6538dc2b2abdf145ad06905f3e3b41463300bc1d1db806f16a5230
lw_propia,name:e2ce51e78237184702055cd05f59b8733516a8bde41fbd3de136647cada180ed,2026-05-01,323.500000,9191741.71,0.000000,0.000000,0.00,0.00,Cuyo,Multibrand,"",2026-08-17 19:35:14.224188+00,2026-08-17 19:35:14.22419+00,57789e969e6538dc2b2abdf145ad06905f3e3b41463300bc1d1db806f16a5230
lw_propia,name:e2ce51e78237184702055cd05f59b8733516a8bde41fbd3de136647cada180ed,2026-06-01,357.000000,10110786.38,0.000000,0.000000,0.00,0.00,Cuyo,Multibrand,"",2026-08-17 19:35:14.225249+00,2026-08-17 19:35:14.225252+00,57789e969e6538dc2b2abdf145ad06905f3e3b41463300bc1d1db806f16a5230
lw_propia,name:e2ce51e78237184702055cd05f59b8733516a8bde41fbd3de136647cada180ed,2026-07-01,-62.000000,-1703997.50,0.000000,0.000000,0.00,0.00,Cuyo,Multibrand,"",2026-08-17 19:35:14.226322+00,2026-08-17 19:35:14.226325+00,57789e969e6538dc2b2abdf145ad06905f3e3b41463300bc1d1db806f16a5230
lw_propia,name:0b5c2dbf63136e6434f1187640cc96de843b70d654386b45a1bf4bffbdddf2e0,2026-06-01,31.000000,892245.60,0.000000,0.000000,0.00,0.00,Cuyo,Multibrand,"",2026-08-17 19:35:14.227404+00,2026-08-17 19:35:14.227407+00,57789e969e6538dc2b2abdf145ad06905f3e3b41463300bc1d1db806f16a5230
lw_propia,name:c8a596bfacc02d486cf503c7eea069e57a470eaa9c7500f6313fc88ef956ccae,2026-01-01,36.000000,897165.60,0.000000,0.000000,0.00,0.00,Cuyo,Multibrand,"",2026-08-17 19:35:14.228503+00,2026-08-17 19:35:14.228506+00,57789e969e6538dc2b2abdf145ad06905f3e3b41463300bc1d1db806f16a5230
lw_propia,name:a859d0f5ba0076017b2ef4b5d96d34bcbe8de2f1861ef57b8086ff64d2cc58af,2026-06-01,229.000000,6483083.28,0.000000,0.000000,0.00,0.00,Cuyo,Multibrand,"",2026-08-17 19:35:14.229571+00,2026-08-17 19:35:14.229574+00,57789e969e6538dc2b2abdf145ad06905f3e3b41463300bc1d1db806f16a5230
lw_propia,name:47ec879a9b2d50d2180bf10a1add81fac5dc4aa212706e687748b3d2804cd6ed,2026-02-01,14.000000,512576.40,0.000000,0.000000,0.00,0.00,Cuyo,Multibrand,"",2026-08-17 19:35:14.230641+00,2026-08-17 19:35:14.230644+00,57789e969e6538dc2b2abdf145ad06905f3e3b41463300bc1d1db806f16a5230
lw_propia,name:7c0b644657532d3346699121adaac812cfa53b2c93c86341fdae356ee62c0457,2026-02-01,270.000000,6028971.60,0.000000,0.000000,0.00,0.00,Cuyo,Multibrand,"",2026-08-17 19:35:14.231755+00,2026-08-17 19:35:14.231758+00,57789e969e6538dc2b2abdf145ad06905f3e3b41463300bc1d1db806f16a5230
lw_propia,name:7c0b644657532d3346699121adaac812cfa53b2c93c86341fdae356ee62c0457,2026-03-01,193.500000,4856422.03,0.000000,0.000000,0.00,0.00,Cuyo,Multibrand,"",2026-08-17 19:35:14.232759+00,2026-08-17 19:35:14.232762+00,57789e969e6538dc2b2abdf145ad06905f3e3b41463300bc1d1db806f16a5230
lw_propia,name:7c0b644657532d3346699121adaac812cfa53b2c93c86341fdae356ee62c0457,2026-04-01,170.000000,4486396.56,0.000000,0.000000,0.00,0.00,Cuyo,Multibrand,"",2026-08-17 19:35:14.233771+00,2026-08-17 19:35:14.233774+00,57789e969e6538dc2b2abdf145ad06905f3e3b41463300bc1d1db806f16a5230
lw_propia,name:7c0b644657532d3346699121adaac812cfa53b2c93c86341fdae356ee62c0457,2026-05-01,145.000000,4152475.20,0.000000,0.000000,0.00,0.00,Cuyo,Multibrand,"",2026-08-17 19:35:14.234805+00,2026-08-17 19:35:14.234809+00,57789e969e6538dc2b2abdf145ad06905f3e3b41463300bc1d1db806f16a5230
lw_propia,name:7c0b644657532d3346699121adaac812cfa53b2c93c86341fdae356ee62c0457,2026-06-01,193.000000,5275603.67,0.000000,0.000000,0.00,0.00,Cuyo,Multibrand,"",2026-08-17 19:35:14.23587+00,2026-08-17 19:35:14.235873+00,57789e969e6538dc2b2abdf145ad06905f3e3b41463300bc1d1db806f16a5230
lw_propia,name:7c0b644657532d3346699121adaac812cfa53b2c93c86341fdae356ee62c0457,2026-07-01,-14.000000,-408729.50,0.000000,0.000000,0.00,0.00,Cuyo,Multibrand,"",2026-08-17 19:35:14.236918+00,2026-08-17 19:35:14.236921+00,57789e969e6538dc2b2abdf145ad06905f3e3b41463300bc1d1db806f16a5230
lw_propia,name:802c6686e32a66722e13ba91c6a587a9e3fd951762a36e5259eb6b97eaca7010,2026-06-01,35.000000,1192554.00,0.000000,0.000000,0.00,0.00,Cuyo,Multibrand,"",2026-08-17 19:35:14.237935+00,2026-08-17 19:35:14.237937+00,57789e969e6538dc2b2abdf145ad06905f3e3b41463300bc1d1db806f16a5230
lw_propia,name:ee12f9863e1b2123d235b3b30074860da671f065041861f02b283914351f0f06,2026-06-01,866.000000,24253575.60,0.000000,0.000000,0.00,0.00,Cuyo,Multibrand,"",2026-08-17 19:35:14.239029+00,2026-08-17 19:35:14.239032+00,57789e969e6538dc2b2abdf145ad06905f3e3b41463300bc1d1db806f16a5230
lw_propia,name:e6c0789d4a9aa6cc1c12ae56c0a8e9318e0f818006892131901359540c9a9324,2026-06-01,6.500000,225063.36,0.000000,0.000000,0.00,0.00,Cuyo,Multibrand,"",2026-08-17 19:35:14.240017+00,2026-08-17 19:35:14.240019+00,57789e969e6538dc2b2abdf145ad06905f3e3b41463300bc1d1db806f16a5230
lw_propia,name:f0aa5d40d842611af2360cac7c0ae3ae54b8c85adbd0375145f9c2531d75e90a,2026-03-01,9.000000,269829.60,0.000000,0.000000,0.00,0.00,Cuyo,Multibrand,"",2026-08-17 19:35:14.241013+00,2026-08-17 19:35:14.241017+00,57789e969e6538dc2b2abdf145ad06905f3e3b41463300bc1d1db806f16a5230
lw_propia,name:f0aa5d40d842611af2360cac7c0ae3ae54b8c85adbd0375145f9c2531d75e90a,2026-05-01,4.000000,116914.80,0.000000,0.000000,0.00,0.00,Cuyo,Multibrand,"",2026-08-17 19:35:14.242068+00,2026-08-17 19:35:14.242071+00,57789e969e6538dc2b2abdf145ad06905f3e3b41463300bc1d1db806f16a5230
lw_propia,name:3a5f100aed22e8cc807c34b6f6882f383764c65e178325898f2f5a2e69fb9e26,2026-06-01,50.000000,1572207.60,0.000000,0.000000,0.00,0.00,Cuyo,Multibrand,"",2026-08-17 19:35:14.243113+00,2026-08-17 19:35:14.243116+00,57789e969e6538dc2b2abdf145ad06905f3e3b41463300bc1d1db806f16a5230
lw_propia,name:8d0850344eafd4b383ada038fb65be1f728ed0d94667035286aab3028d260b3e,2026-03-01,23.500000,796404.90,0.000000,0.000000,0.00,0.00,Cuyo,Multibrand,"",2026-08-17 19:35:14.244168+00,2026-08-17 19:35:14.244172+00,57789e969e6538dc2b2abdf145ad06905f3e3b41463300bc1d1db806f16a5230
lw_propia,name:8d0850344eafd4b383ada038fb65be1f728ed0d94667035286aab3028d260b3e,2026-04-01,-2.000000,-71138.49,0.000000,0.000000,0.00,0.00,Cuyo,Multibrand,"",2026-08-17 19:35:14.245232+00,2026-08-17 19:35:14.245235+00,57789e969e6538dc2b2abdf145ad06905f3e3b41463300bc1d1db806f16a5230
lw_propia,name:f71a55ceeb7574fac9d1b2a95f4d846c764119bb480e4ff00177986740cd630d,2026-02-01,38.000000,920511.60,0.000000,0.000000,0.00,0.00,Cuyo,Multibrand,"",2026-08-17 19:35:14.246278+00,2026-08-17 19:35:14.246281+00,57789e969e6538dc2b2abdf145ad06905f3e3b41463300bc1d1db806f16a5230
lw_propia,name:6c1fa4ae465e5e7ad8ff4d07a86b18cdcb982bc66e1cec51593abf2fec416a36,2026-02-01,22.500000,666715.80,0.000000,0.000000,0.00,0.00,Cuyo,Multibrand,"",2026-08-17 19:35:14.247335+00,2026-08-17 19:35:14.247338+00,57789e969e6538dc2b2abdf145ad06905f3e3b41463300bc1d1db806f16a5230
lw_propia,name:6c1fa4ae465e5e7ad8ff4d07a86b18cdcb982bc66e1cec51593abf2fec416a36,2026-04-01,28.000000,791327.40,0.000000,0.000000,0.00,0.00,Cuyo,Multibrand,"",2026-08-17 19:35:14.248374+00,2026-08-17 19:35:14.248377+00,57789e969e6538dc2b2abdf145ad06905f3e3b41463300bc1d1db806f16a5230
lw_propia,name:6c1fa4ae465e5e7ad8ff4d07a86b18cdcb982bc66e1cec51593abf2fec416a36,2026-06-01,17.000000,606114.60,0.000000,0.000000,0.00,0.00,Cuyo,Multibrand,"",2026-08-17 19:35:14.249422+00,2026-08-17 19:35:14.249424+00,57789e969e6538dc2b2abdf145ad06905f3e3b41463300bc1d1db806f16a5230
lw_propia,name:79fc3d2eec7dee563fe6c5cb7de4c9a7107a2802d4e97f3b125ae0877f40d8dd,2026-05-01,-1.000000,-55646.48,0.000000,0.000000,0.00,0.00,Cuyo,Multibrand,"",2026-08-17 19:35:14.250496+00,2026-08-17 19:35:14.250499+00,57789e969e6538dc2b2abdf145ad06905f3e3b41463300bc1d1db806f16a5230
lw_propia,name:b5e2892faf17fea48a240fb2182ac47e03a2894633ddc1be49b0465cd1cfa9d4,2026-01-01,1341.333000,29073723.82,0.000000,0.000000,0.00,0.00,Bs As,Multibrand,"",2026-08-17 19:35:14.251558+00,2026-08-17 19:35:14.251561+00,57789e969e6538dc2b2abdf145ad06905f3e3b41463300bc1d1db806f16a5230
lw_propia,name:b5e2892faf17fea48a240fb2182ac47e03a2894633ddc1be49b0465cd1cfa9d4,2026-02-01,1151.505000,24820280.84,0.000000,0.000000,0.00,0.00,Bs As,Multibrand,"",2026-08-17 19:35:14.252651+00,2026-08-17 19:35:14.252654+00,57789e969e6538dc2b2abdf145ad06905f3e3b41463300bc1d1db806f16a5230
lw_propia,name:b5e2892faf17fea48a240fb2182ac47e03a2894633ddc1be49b0465cd1cfa9d4,2026-03-01,1147.170000,26277154.76,0.000000,0.000000,0.00,0.00,Bs As,Multibrand,"",2026-08-17 19:35:14.25373+00,2026-08-17 19:35:14.253732+00,57789e969e6538dc2b2abdf145ad06905f3e3b41463300bc1d1db806f16a5230
lw_propia,name:b5e2892faf17fea48a240fb2182ac47e03a2894633ddc1be49b0465cd1cfa9d4,2026-04-01,729.752000,17071730.38,0.000000,0.000000,0.00,0.00,Bs As,Multibrand,"",2026-08-17 19:35:14.254785+00,2026-08-17 19:35:14.254788+00,57789e969e6538dc2b2abdf145ad06905f3e3b41463300bc1d1db806f16a5230
lw_propia,name:b5e2892faf17fea48a240fb2182ac47e03a2894633ddc1be49b0465cd1cfa9d4,2026-05-01,578.425000,13676682.74,0.000000,0.000000,0.00,0.00,Bs As,Multibrand,"",2026-08-17 19:35:14.255856+00,2026-08-17 19:35:14.255859+00,57789e969e6538dc2b2abdf145ad06905f3e3b41463300bc1d1db806f16a5230
lw_propia,name:b5e2892faf17fea48a240fb2182ac47e03a2894633ddc1be49b0465cd1cfa9d4,2026-06-01,639.249000,15578750.88,0.000000,0.000000,0.00,0.00,Bs As,Multibrand,"",2026-08-17 19:35:14.256927+00,2026-08-17 19:35:14.25693+00,57789e969e6538dc2b2abdf145ad06905f3e3b41463300bc1d1db806f16a5230
lw_propia,name:b5e2892faf17fea48a240fb2182ac47e03a2894633ddc1be49b0465cd1cfa9d4,2026-07-01,785.587000,19120574.08,0.000000,0.000000,0.00,0.00,Bs As,Multibrand,"",2026-08-17 19:35:14.258063+00,2026-08-17 19:35:14.258066+00,57789e969e6538dc2b2abdf145ad06905f3e3b41463300bc1d1db806f16a5230
lw_propia,name:92bdb6f2429401361267ab7ee69b4540cecd84a0d0b52349f317b0890849207f,2026-01-01,206.168000,4692705.70,0.000000,0.000000,0.00,0.00,Bs As,Multibrand,"",2026-08-17 19:35:14.259088+00,2026-08-17 19:35:14.25909+00,57789e969e6538dc2b2abdf145ad06905f3e3b41463300bc1d1db806f16a5230
lw_propia,name:92bdb6f2429401361267ab7ee69b4540cecd84a0d0b52349f317b0890849207f,2026-02-01,488.086000,10748359.49,0.000000,0.000000,0.00,0.00,Bs As,Multibrand,"",2026-08-17 19:35:14.26007+00,2026-08-17 19:35:14.260072+00,57789e969e6538dc2b2abdf145ad06905f3e3b41463300bc1d1db806f16a5230
lw_propia,name:92bdb6f2429401361267ab7ee69b4540cecd84a0d0b52349f317b0890849207f,2026-03-01,300.332000,6452272.71,0.000000,0.000000,0.00,0.00,Bs As,Multibrand,"",2026-08-17 19:35:14.261154+00,2026-08-17 19:35:14.261156+00,57789e969e6538dc2b2abdf145ad06905f3e3b41463300bc1d1db806f16a5230
lw_propia,name:92bdb6f2429401361267ab7ee69b4540cecd84a0d0b52349f317b0890849207f,2026-04-01,159.420000,3669850.86,0.000000,0.000000,0.00,0.00,Bs As,Multibrand,"",2026-08-17 19:35:14.262135+00,2026-08-17 19:35:14.262138+00,57789e969e6538dc2b2abdf145ad06905f3e3b41463300bc1d1db806f16a5230
lw_propia,name:92bdb6f2429401361267ab7ee69b4540cecd84a0d0b52349f317b0890849207f,2026-05-01,78.252000,1771905.78,0.000000,0.000000,0.00,0.00,Bs As,Multibrand,"",2026-08-17 19:35:14.263138+00,2026-08-17 19:35:14.263141+00,57789e969e6538dc2b2abdf145ad06905f3e3b41463300bc1d1db806f16a5230
lw_propia,name:92bdb6f2429401361267ab7ee69b4540cecd84a0d0b52349f317b0890849207f,2026-06-01,46.667000,1157437.49,0.000000,0.000000,0.00,0.00,Bs As,Multibrand,"",2026-08-17 19:35:14.264167+00,2026-08-17 19:35:14.26417+00,57789e969e6538dc2b2abdf145ad06905f3e3b41463300bc1d1db806f16a5230
lw_propia,name:4422a174d3009c9a7a7da0fdeb216788e48e76e047928033e52bd9787c535fe4,2026-01-01,5.083000,120385.75,0.000000,0.000000,0.00,0.00,Bs As,Multibrand,"",2026-08-17 19:35:14.265198+00,2026-08-17 19:35:14.2652+00,57789e969e6538dc2b2abdf145ad06905f3e3b41463300bc1d1db806f16a5230
lw_propia,name:4422a174d3009c9a7a7da0fdeb216788e48e76e047928033e52bd9787c535fe4,2026-02-01,3.250000,64377.11,0.000000,0.000000,0.00,0.00,Bs As,Multibrand,"",2026-08-17 19:35:14.266273+00,2026-08-17 19:35:14.266276+00,57789e969e6538dc2b2abdf145ad06905f3e3b41463300bc1d1db806f16a5230
lw_propia,name:4422a174d3009c9a7a7da0fdeb216788e48e76e047928033e52bd9787c535fe4,2026-03-01,2.000000,41494.32,0.000000,0.000000,0.00,0.00,Bs As,Multibrand,"",2026-08-17 19:35:14.267246+00,2026-08-17 19:35:14.267248+00,57789e969e6538dc2b2abdf145ad06905f3e3b41463300bc1d1db806f16a5230
lw_propia,name:4422a174d3009c9a7a7da0fdeb216788e48e76e047928033e52bd9787c535fe4,2026-04-01,0.333000,26152.12,0.000000,0.000000,0.00,0.00,Bs As,Multibrand,"",2026-08-17 19:35:14.268307+00,2026-08-17 19:35:14.268309+00,57789e969e6538dc2b2abdf145ad06905f3e3b41463300bc1d1db806f16a5230
lw_propia,name:4422a174d3009c9a7a7da0fdeb216788e48e76e047928033e52bd9787c535fe4,2026-05-01,0.250000,12858.12,0.000000,0.000000,0.00,0.00,Bs As,Multibrand,"",2026-08-17 19:35:14.269259+00,2026-08-17 19:35:14.269261+00,57789e969e6538dc2b2abdf145ad06905f3e3b41463300bc1d1db806f16a5230
lw_propia,name:4422a174d3009c9a7a7da0fdeb216788e48e76e047928033e52bd9787c535fe4,2026-06-01,0.667000,27024.24,0.000000,0.000000,0.00,0.00,Bs As,Multibrand,"",2026-08-17 19:35:14.270265+00,2026-08-17 19:35:14.270268+00,57789e969e6538dc2b2abdf145ad06905f3e3b41463300bc1d1db806f16a5230
lw_propia,name:ea2da29612ade8a5121d1a439eaaaa9d7ab5476cacd75ae73a2cfe7c4c8ade61,2026-03-01,172.500000,4546827.87,0.000000,0.000000,0.00,0.00,Bs As,Multibrand,"",2026-08-17 19:35:14.271284+00,2026-08-17 19:35:14.271286+00,57789e969e6538dc2b2abdf145ad06905f3e3b41463300bc1d1db806f16a5230
lw_propia,name:ea2da29612ade8a5121d1a439eaaaa9d7ab5476cacd75ae73a2cfe7c4c8ade61,2026-05-01,147.000000,4071588.66,0.000000,0.000000,0.00,0.00,Bs As,Multibrand,"",2026-08-17 19:35:14.272277+00,2026-08-17 19:35:14.272279+00,57789e969e6538dc2b2abdf145ad06905f3e3b41463300bc1d1db806f16a5230
lw_propia,name:ea2da29612ade8a5121d1a439eaaaa9d7ab5476cacd75ae73a2cfe7c4c8ade61,2026-07-01,186.000000,5223202.98,0.000000,0.000000,0.00,0.00,Bs As,Multibrand,"",2026-08-17 19:35:14.273275+00,2026-08-17 19:35:14.273278+00,57789e969e6538dc2b2abdf145ad06905f3e3b41463300bc1d1db806f16a5230
lw_propia,name:0272646ede3b3b531ea72e4ea3437ecf454de799727a0484a9af0fbbb7e974d2,2026-04-01,192.000000,5205648.12,0.000000,0.000000,0.00,0.00,Bs As,Multibrand,"",2026-08-17 19:35:14.274289+00,2026-08-17 19:35:14.274292+00,57789e969e6538dc2b2abdf145ad06905f3e3b41463300bc1d1db806f16a5230
lw_propia,name:bf17b3c601c8f0fd19c1ea04086dd956d1c7efe31e946f343e2da5a970262b4b,2026-02-01,428.000000,9265185.54,0.000000,0.000000,0.00,0.00,Bs As,Multibrand,"",2026-08-17 19:35:14.275334+00,2026-08-17 19:35:14.275337+00,57789e969e6538dc2b2abdf145ad06905f3e3b41463300bc1d1db806f16a5230
lw_propia,name:bf17b3c601c8f0fd19c1ea04086dd956d1c7efe31e946f343e2da5a970262b4b,2026-03-01,678.000000,17808160.68,0.000000,0.000000,0.00,0.00,Bs As,Multibrand,"",2026-08-17 19:35:14.276388+00,2026-08-17 19:35:14.27639+00,57789e969e6538dc2b2abdf145ad06905f3e3b41463300bc1d1db806f16a5230
lw_propia,name:bf17b3c601c8f0fd19c1ea04086dd956d1c7efe31e946f343e2da5a970262b4b,2026-04-01,789.750000,21098831.22,0.000000,0.000000,0.00,0.00,Bs As,Multibrand,"",2026-08-17 19:35:14.277455+00,2026-08-17 19:35:14.277458+00,57789e969e6538dc2b2abdf145ad06905f3e3b41463300bc1d1db806f16a5230
lw_propia,name:4d8328270b47a6223d50deed04ee30cf57c32e84cff4d2904d581afe0f271900,2026-01-01,47.000000,1016050.18,0.000000,0.000000,0.00,0.00,Bs As,Multibrand,"",2026-08-17 19:35:14.278527+00,2026-08-17 19:35:14.27853+00,57789e969e6538dc2b2abdf145ad06905f3e3b41463300bc1d1db806f16a5230
lw_propia,name:4d8328270b47a6223d50deed04ee30cf57c32e84cff4d2904d581afe0f271900,2026-04-01,137.000000,3713281.95,0.000000,0.000000,0.00,0.00,Bs As,Multibrand,"",2026-08-17 19:35:14.27959+00,2026-08-17 19:35:14.279592+00,57789e969e6538dc2b2abdf145ad06905f3e3b41463300bc1d1db806f16a5230
lw_propia,name:8caa8a7a5a14507791c1a5501b8382b7b14fa16e5f811c9d304dcade474ce012,2026-06-01,34.000000,978396.00,0.000000,0.000000,0.00,0.00,Bs As,Multibrand,"",2026-08-17 19:35:14.280653+00,2026-08-17 19:35:14.280656+00,57789e969e6538dc2b2abdf145ad06905f3e3b41463300bc1d1db806f16a5230
lw_propia,name:b61735377913087469059dca8588342ccd11e3d6e4c1cc894603c74404a41d22,2026-07-01,20.000000,524269.20,0.000000,0.000000,0.00,0.00,Bs As,Multibrand,"",2026-08-17 19:35:14.28171+00,2026-08-17 19:35:14.281713+00,57789e969e6538dc2b2abdf145ad06905f3e3b41463300bc1d1db806f16a5230
lw_propia,name:9510d590d08bef146b9db6f8a33436933de605ea4ab64d85dac3bc599e306ed1,2026-02-01,1131.000000,22493181.27,0.000000,0.000000,0.00,0.00,Córdoba,Multibrand,"",2026-08-17 19:35:14.28276+00,2026-08-17 19:35:14.282763+00,57789e969e6538dc2b2abdf145ad06905f3e3b41463300bc1d1db806f16a5230
lw_propia,name:9510d590d08bef146b9db6f8a33436933de605ea4ab64d85dac3bc599e306ed1,2026-03-01,225.000000,4867293.13,0.000000,0.000000,0.00,0.00,Córdoba,Multibrand,"",2026-08-17 19:35:14.283815+00,2026-08-17 19:35:14.283818+00,57789e969e6538dc2b2abdf145ad06905f3e3b41463300bc1d1db806f16a5230
lw_propia,name:9510d590d08bef146b9db6f8a33436933de605ea4ab64d85dac3bc599e306ed1,2026-04-01,719.500000,14011887.85,0.000000,0.000000,0.00,0.00,Córdoba,Multibrand,"",2026-08-17 19:35:14.28488+00,2026-08-17 19:35:14.284883+00,57789e969e6538dc2b2abdf145ad06905f3e3b41463300bc1d1db806f16a5230
lw_propia,name:9510d590d08bef146b9db6f8a33436933de605ea4ab64d85dac3bc599e306ed1,2026-05-01,534.000000,10637664.66,0.000000,0.000000,0.00,0.00,Córdoba,Multibrand,"",2026-08-17 19:35:14.285933+00,2026-08-17 19:35:14.285936+00,57789e969e6538dc2b2abdf145ad06905f3e3b41463300bc1d1db806f16a5230
lw_propia,name:9510d590d08bef146b9db6f8a33436933de605ea4ab64d85dac3bc599e306ed1,2026-06-01,344.000000,8355588.06,0.000000,0.000000,0.00,0.00,Córdoba,Multibrand,"",2026-08-17 19:35:14.286993+00,2026-08-17 19:35:14.286996+00,57789e969e6538dc2b2abdf145ad06905f3e3b41463300bc1d1db806f16a5230
lw_propia,name:88b161814018b5e132b6581026cdba3b43a7815ea7b4906bffa2237be20911e6,2026-02-01,401.000000,9714765.78,0.000000,0.000000,0.00,0.00,Córdoba,Multibrand,"",2026-08-17 19:35:14.288042+00,2026-08-17 19:35:14.288044+00,57789e969e6538dc2b2abdf145ad06905f3e3b41463300bc1d1db806f16a5230
lw_propia,name:88b161814018b5e132b6581026cdba3b43a7815ea7b4906bffa2237be20911e6,2026-03-01,374.500000,9414705.60,0.000000,0.000000,0.00,0.00,Córdoba,Multibrand,"",2026-08-17 19:35:14.289087+00,2026-08-17 19:35:14.28909+00,57789e969e6538dc2b2abdf145ad06905f3e3b41463300bc1d1db806f16a5230
lw_propia,name:88b161814018b5e132b6581026cdba3b43a7815ea7b4906bffa2237be20911e6,2026-04-01,936.500000,26148164.58,0.000000,0.000000,0.00,0.00,Córdoba,Multibrand,"",2026-08-17 19:35:14.29015+00,2026-08-17 19:35:14.290152+00,57789e969e6538dc2b2abdf145ad06905f3e3b41463300bc1d1db806f16a5230
lw_propia,name:88b161814018b5e132b6581026cdba3b43a7815ea7b4906bffa2237be20911e6,2026-05-01,444.500000,9981292.50,0.000000,0.000000,0.00,0.00,Córdoba,Multibrand,"",2026-08-17 19:35:14.291199+00,2026-08-17 19:35:14.291202+00,57789e969e6538dc2b2abdf145ad06905f3e3b41463300bc1d1db806f16a5230
lw_propia,name:88b161814018b5e132b6581026cdba3b43a7815ea7b4906bffa2237be20911e6,2026-06-01,2036.000000,53707970.70,0.000000,0.000000,0.00,0.00,Córdoba,Multibrand,"",2026-08-17 19:35:14.292261+00,2026-08-17 19:35:14.292264+00,57789e969e6538dc2b2abdf145ad06905f3e3b41463300bc1d1db806f16a5230
lw_propia,name:88b161814018b5e132b6581026cdba3b43a7815ea7b4906bffa2237be20911e6,2026-07-01,903.500000,26714983.14,0.000000,0.000000,0.00,0.00,Córdoba,Multibrand,"",2026-08-17 19:35:14.293314+00,2026-08-17 19:35:14.293317+00,57789e969e6538dc2b2abdf145ad06905f3e3b41463300bc1d1db806f16a5230
lw_propia,name:7c2c345bfccc419bae2ac75b6755563f743da8159b5b16caec99f86b5f960944,2026-01-01,39.000000,1008540.00,0.000000,0.000000,0.00,0.00,Córdoba,Multibrand,"",2026-08-17 19:35:14.294361+00,2026-08-17 19:35:14.294364+00,57789e969e6538dc2b2abdf145ad06905f3e3b41463300bc1d1db806f16a5230
lw_propia,name:7c2c345bfccc419bae2ac75b6755563f743da8159b5b16caec99f86b5f960944,2026-04-01,33.500000,934399.20,0.000000,0.000000,0.00,0.00,Córdoba,Multibrand,"",2026-08-17 19:35:14.295427+00,2026-08-17 19:35:14.295429+00,57789e969e6538dc2b2abdf145ad06905f3e3b41463300bc1d1db806f16a5230
lw_propia,name:01aaf5ac8e7a621cfacf99f63bdd08704bb6ae5b1d75eb18e6ed7fdc5317d9a2,2026-04-01,1107.500000,28486298.16,0.000000,0.000000,0.00,0.00,Córdoba,Multibrand,"",2026-08-17 19:35:14.296473+00,2026-08-17 19:35:14.296475+00,57789e969e6538dc2b2abdf145ad06905f3e3b41463300bc1d1db806f16a5230
lw_propia,name:be2559893ef394f6c9bb94ba40c20ed8b405ec045d96b430285e9a19397547dd,2026-01-01,114.500000,2400541.32,0.000000,0.000000,0.00,0.00,Córdoba,Multibrand,"",2026-08-17 19:35:14.297527+00,2026-08-17 19:35:14.29753+00,57789e969e6538dc2b2abdf145ad06905f3e3b41463300bc1d1db806f16a5230
lw_propia,name:fb3239d8e4c7ccc52d050d78e9fffffd86c98de732bbfad56bd1102377305035,2026-02-01,82.000000,1692786.60,0.000000,0.000000,0.00,0.00,Córdoba,Multibrand,"",2026-08-17 19:35:14.298578+00,2026-08-17 19:35:14.29858+00,57789e969e6538dc2b2abdf145ad06905f3e3b41463300bc1d1db806f16a5230
lw_propia,name:fb3239d8e4c7ccc52d050d78e9fffffd86c98de732bbfad56bd1102377305035,2026-03-01,52.500000,1427896.20,0.000000,0.000000,0.00,0.00,Córdoba,Multibrand,"",2026-08-17 19:35:14.299635+00,2026-08-17 19:35:14.299637+00,57789e969e6538dc2b2abdf145ad06905f3e3b41463300bc1d1db806f16a5230
lw_propia,name:fb3239d8e4c7ccc52d050d78e9fffffd86c98de732bbfad56bd1102377305035,2026-04-01,42.500000,1235608.80,0.000000,0.000000,0.00,0.00,Córdoba,Multibrand,"",2026-08-17 19:35:14.300699+00,2026-08-17 19:35:14.300701+00,57789e969e6538dc2b2abdf145ad06905f3e3b41463300bc1d1db806f16a5230
lw_propia,name:fb3239d8e4c7ccc52d050d78e9fffffd86c98de732bbfad56bd1102377305035,2026-05-01,54.000000,1473738.00,0.000000,0.000000,0.00,0.00,Córdoba,Multibrand,"",2026-08-17 19:35:14.301732+00,2026-08-17 19:35:14.301735+00,57789e969e6538dc2b2abdf145ad06905f3e3b41463300bc1d1db806f16a5230
lw_propia,name:fb3239d8e4c7ccc52d050d78e9fffffd86c98de732bbfad56bd1102377305035,2026-06-01,28.000000,867633.60,0.000000,0.000000,0.00,0.00,Córdoba,Multibrand,"",2026-08-17 19:35:14.302776+00,2026-08-17 19:35:14.302779+00,57789e969e6538dc2b2abdf145ad06905f3e3b41463300bc1d1db806f16a5230
lw_propia,name:d48d12d40e2a0460e4af017de44d620ddff491dbd8a35aadeacb21872322d139,2026-04-01,34.500000,914092.20,0.000000,0.000000,0.00,0.00,Córdoba,Multibrand,"",2026-08-17 19:35:14.303836+00,2026-08-17 19:35:14.303838+00,57789e969e6538dc2b2abdf145ad06905f3e3b41463300bc1d1db806f16a5230
lw_propia,name:d37e3ec4c9876515bfd48cc38921660b468e7acd15d2f07c1e93e7fa25c9eba1,2026-02-01,80.000000,2400138.60,0.000000,0.000000,0.00,0.00,Córdoba,Multibrand,"",2026-08-17 19:35:14.304883+00,2026-08-17 19:35:14.304886+00,57789e969e6538dc2b2abdf145ad06905f3e3b41463300bc1d1db806f16a5230
lw_propia,name:d7b1903c7cf9be10a7c499e94826e4045c4f2c7a57a94731c6b8c948f0aefc3f,2026-02-01,18.000000,440582.40,0.000000,0.000000,0.00,0.00,Córdoba,Multibrand,"",2026-08-17 19:35:14.305933+00,2026-08-17 19:35:14.305935+00,57789e969e6538dc2b2abdf145ad06905f3e3b41463300bc1d1db806f16a5230
lw_propia,name:d7b1903c7cf9be10a7c499e94826e4045c4f2c7a57a94731c6b8c948f0aefc3f,2026-04-01,30.000000,786408.00,0.000000,0.000000,0.00,0.00,Córdoba,Multibrand,"",2026-08-17 19:35:14.30698+00,2026-08-17 19:35:14.306983+00,57789e969e6538dc2b2abdf145ad06905f3e3b41463300bc1d1db806f16a5230
lw_propia,name:d7b1903c7cf9be10a7c499e94826e4045c4f2c7a57a94731c6b8c948f0aefc3f,2026-07-01,27.000000,830714.40,0.000000,0.000000,0.00,0.00,Córdoba,Multibrand,"",2026-08-17 19:35:14.30812+00,2026-08-17 19:35:14.308123+00,57789e969e6538dc2b2abdf145ad06905f3e3b41463300bc1d1db806f16a5230
lw_propia,name:b8a78c48727e52ce4553578f3b4330ade35304379ccbb821624f293be530e55b,2026-01-01,-2.500000,-93843.60,0.000000,0.000000,0.00,0.00,Córdoba,Multibrand,"",2026-08-17 19:35:14.309391+00,2026-08-17 19:35:14.309394+00,57789e969e6538dc2b2abdf145ad06905f3e3b41463300bc1d1db806f16a5230
lw_propia,name:b8a78c48727e52ce4553578f3b4330ade35304379ccbb821624f293be530e55b,2026-02-01,12.000000,406744.20,0.000000,0.000000,0.00,0.00,Córdoba,Multibrand,"",2026-08-17 19:35:14.3105+00,2026-08-17 19:35:14.310503+00,57789e969e6538dc2b2abdf145ad06905f3e3b41463300bc1d1db806f16a5230
lw_propia,name:b8a78c48727e52ce4553578f3b4330ade35304379ccbb821624f293be530e55b,2026-06-01,10.500000,383055.00,0.000000,0.000000,0.00,0.00,Córdoba,Multibrand,"",2026-08-17 19:35:14.311589+00,2026-08-17 19:35:14.311592+00,57789e969e6538dc2b2abdf145ad06905f3e3b41463300bc1d1db806f16a5230
lw_propia,name:a5ab4359a52e2900d392375d0fe88b5313ad978889e01b49ae8f7537214c572b,2026-01-01,37.000000,776551.20,0.000000,0.000000,0.00,0.00,Córdoba,Multibrand,"",2026-08-17 19:35:14.312564+00,2026-08-17 19:35:14.312567+00,57789e969e6538dc2b2abdf145ad06905f3e3b41463300bc1d1db806f16a5230
lw_propia,name:a5ab4359a52e2900d392375d0fe88b5313ad978889e01b49ae8f7537214c572b,2026-07-01,9.000000,338439.60,0.000000,0.000000,0.00,0.00,Córdoba,Multibrand,"",2026-08-17 19:35:14.313581+00,2026-08-17 19:35:14.313584+00,57789e969e6538dc2b2abdf145ad06905f3e3b41463300bc1d1db806f16a5230
lw_propia,name:c770d7eb4d5ec05fde1047ed44f2ec067e05eeb5ac1f1d7b2def213737722e7f,2026-02-01,67.000000,1977509.40,0.000000,0.000000,0.00,0.00,Córdoba,Multibrand,"",2026-08-17 19:35:14.314566+00,2026-08-17 19:35:14.314569+00,57789e969e6538dc2b2abdf145ad06905f3e3b41463300bc1d1db806f16a5230
lw_propia,name:c770d7eb4d5ec05fde1047ed44f2ec067e05eeb5ac1f1d7b2def213737722e7f,2026-03-01,-1.000000,-98875.47,0.000000,0.000000,0.00,0.00,Córdoba,Multibrand,"",2026-08-17 19:35:14.315597+00,2026-08-17 19:35:14.3156+00,57789e969e6538dc2b2abdf145ad06905f3e3b41463300bc1d1db806f16a5230
lw_propia,name:c770d7eb4d5ec05fde1047ed44f2ec067e05eeb5ac1f1d7b2def213737722e7f,2026-06-01,59.000000,1724521.89,0.000000,0.000000,0.00,0.00,Córdoba,Multibrand,"",2026-08-17 19:35:14.316664+00,2026-08-17 19:35:14.316667+00,57789e969e6538dc2b2abdf145ad06905f3e3b41463300bc1d1db806f16a5230
lw_propia,name:dbc030b5d19a3df304151a205cb12853ef840650cc0e6750be1f42cb959b6a22,2026-03-01,28.000000,916546.20,0.000000,0.000000,0.00,0.00,Córdoba,Multibrand,"",2026-08-17 19:35:14.317718+00,2026-08-17 19:35:14.31772+00,57789e969e6538dc2b2abdf145ad06905f3e3b41463300bc1d1db806f16a5230
lw_propia,name:dbc030b5d19a3df304151a205cb12853ef840650cc0e6750be1f42cb959b6a22,2026-06-01,12.500000,498429.00,0.000000,0.000000,0.00,0.00,Córdoba,Multibrand,"",2026-08-17 19:35:14.318764+00,2026-08-17 19:35:14.318767+00,57789e969e6538dc2b2abdf145ad06905f3e3b41463300bc1d1db806f16a5230
puma_bw,name:7c57427645049551f675584eb40c88e974b35b5b37ce997eff6a7504dec4e689,2026-01-01,-14.000000,-137840.64,0.000000,0.000000,0.00,0.00,Cap Fed,Multibrand,"",2026-08-17 19:35:14.31983+00,2026-08-17 19:35:14.319833+00,461effb411df474f2040acb3a050405191b7a474405ac84b521c3b1d18a03d04
puma_bw,name:7c57427645049551f675584eb40c88e974b35b5b37ce997eff6a7504dec4e689,2026-02-01,1570.000000,15457843.20,0.000000,0.000000,0.00,0.00,Cap Fed,Multibrand,"",2026-08-17 19:35:14.320906+00,2026-08-17 19:35:14.320909+00,461effb411df474f2040acb3a050405191b7a474405ac84b521c3b1d18a03d04
puma_bw,name:7c57427645049551f675584eb40c88e974b35b5b37ce997eff6a7504dec4e689,2026-03-01,1475.000000,14522496.00,0.000000,0.000000,0.00,0.00,Cap Fed,Multibrand,"",2026-08-17 19:35:14.321963+00,2026-08-17 19:35:14.321966+00,461effb411df474f2040acb3a050405191b7a474405ac84b521c3b1d18a03d04
puma_bw,name:7c57427645049551f675584eb40c88e974b35b5b37ce997eff6a7504dec4e689,2026-04-01,1763.000000,17358074.88,0.000000,0.000000,0.00,0.00,Cap Fed,Multibrand,"",2026-08-17 19:35:14.32302+00,2026-08-17 19:35:14.323023+00,461effb411df474f2040acb3a050405191b7a474405ac84b521c3b1d18a03d04
puma_bw,name:7c57427645049551f675584eb40c88e974b35b5b37ce997eff6a7504dec4e689,2026-05-01,955.000000,9547105.28,0.000000,0.000000,0.00,0.00,Cap Fed,Multibrand,"",2026-08-17 19:35:14.324438+00,2026-08-17 19:35:14.324441+00,461effb411df474f2040acb3a050405191b7a474405ac84b521c3b1d18a03d04
puma_bw,name:7c57427645049551f675584eb40c88e974b35b5b37ce997eff6a7504dec4e689,2026-06-01,-3.000000,-30768.00,0.000000,0.000000,0.00,0.00,Cap Fed,Multibrand,"",2026-08-17 19:35:14.325729+00,2026-08-17 19:35:14.325732+00,461effb411df474f2040acb3a050405191b7a474405ac84b521c3b1d18a03d04
puma_bw,name:7c57427645049551f675584eb40c88e974b35b5b37ce997eff6a7504dec4e689,2026-07-01,91.000000,963654.88,0.000000,0.000000,0.00,0.00,Cap Fed,Multibrand,"",2026-08-17 19:35:14.32695+00,2026-08-17 19:35:14.326953+00,461effb411df474f2040acb3a050405191b7a474405ac84b521c3b1d18a03d04
puma_bw,name:bde9d5b98ce316909804a13b000c8310c2763e5e44244d6e54bd2980cd9652d0,2026-05-01,4646.000000,44819008.20,0.000000,0.000000,0.00,0.00,Cap Fed,Multibrand,"",2026-08-17 19:35:14.328097+00,2026-08-17 19:35:14.3281+00,461effb411df474f2040acb3a050405191b7a474405ac84b521c3b1d18a03d04
puma_bw,name:bde9d5b98ce316909804a13b000c8310c2763e5e44244d6e54bd2980cd9652d0,2026-06-01,-12.000000,-113072.40,0.000000,0.000000,0.00,0.00,Cap Fed,Multibrand,"",2026-08-17 19:35:14.329357+00,2026-08-17 19:35:14.32936+00,461effb411df474f2040acb3a050405191b7a474405ac84b521c3b1d18a03d04
puma_bw,name:d070d4e361effa9fae71614a70641926c13e4b7c15820b0b42d328c6e6383d19,2026-02-01,-6.000000,-85125.20,0.000000,0.000000,0.00,0.00,Cap Fed,Multibrand,"",2026-08-17 19:35:14.330471+00,2026-08-17 19:35:14.330474+00,461effb411df474f2040acb3a050405191b7a474405ac84b521c3b1d18a03d04
puma_bw,name:d070d4e361effa9fae71614a70641926c13e4b7c15820b0b42d328c6e6383d19,2026-04-01,44.000000,434854.56,0.000000,0.000000,0.00,0.00,Cap Fed,Multibrand,"",2026-08-17 19:35:14.331521+00,2026-08-17 19:35:14.331523+00,461effb411df474f2040acb3a050405191b7a474405ac84b521c3b1d18a03d04
puma_bw,name:d070d4e361effa9fae71614a70641926c13e4b7c15820b0b42d328c6e6383d19,2026-06-01,67.000000,746229.12,0.000000,0.000000,0.00,0.00,Cap Fed,Multibrand,"",2026-08-17 19:35:14.332559+00,2026-08-17 19:35:14.332562+00,461effb411df474f2040acb3a050405191b7a474405ac84b521c3b1d18a03d04
puma_bw,name:d070d4e361effa9fae71614a70641926c13e4b7c15820b0b42d328c6e6383d19,2026-07-01,130.000000,1371640.56,0.000000,0.000000,0.00,0.00,Cap Fed,Multibrand,"",2026-08-17 19:35:14.333601+00,2026-08-17 19:35:14.333604+00,461effb411df474f2040acb3a050405191b7a474405ac84b521c3b1d18a03d04
puma_bw,name:702007585cec1231261e2ca94ef8c153bb0201d88453d6473597e1af27b1745b,2026-02-01,20.000000,246144.00,0.000000,0.000000,0.00,0.00,Cap Fed,Multibrand,"",2026-08-17 19:35:14.334636+00,2026-08-17 19:35:14.334639+00,461effb411df474f2040acb3a050405191b7a474405ac84b521c3b1d18a03d04
puma_bw,name:702007585cec1231261e2ca94ef8c153bb0201d88453d6473597e1af27b1745b,2026-06-01,24.000000,301527.20,0.000000,0.000000,0.00,0.00,Cap Fed,Multibrand,"",2026-08-17 19:35:14.33568+00,2026-08-17 19:35:14.335683+00,461effb411df474f2040acb3a050405191b7a474405ac84b521c3b1d18a03d04
puma_bw,name:547dd133d037de59005c9ad82c13f298611c5353e8c60a75c31ce323aeab14d2,2026-01-01,35.000000,355993.40,0.000000,0.000000,0.00,0.00,Cap Fed,Multibrand,"",2026-08-17 19:35:14.336734+00,2026-08-17 19:35:14.336736+00,461effb411df474f2040acb3a050405191b7a474405ac84b521c3b1d18a03d04
puma_bw,name:547dd133d037de59005c9ad82c13f298611c5353e8c60a75c31ce323aeab14d2,2026-02-01,45.000000,457705.80,0.000000,0.000000,0.00,0.00,Cap Fed,Multibrand,"",2026-08-17 19:35:14.337805+00,2026-08-17 19:35:14.337808+00,461effb411df474f2040acb3a050405191b7a474405ac84b521c3b1d18a03d04
puma_bw,name:547dd133d037de59005c9ad82c13f298611c5353e8c60a75c31ce323aeab14d2,2026-03-01,115.000000,1169692.60,0.000000,0.000000,0.00,0.00,Cap Fed,Multibrand,"",2026-08-17 19:35:14.338883+00,2026-08-17 19:35:14.338886+00,461effb411df474f2040acb3a050405191b7a474405ac84b521c3b1d18a03d04
puma_bw,name:547dd133d037de59005c9ad82c13f298611c5353e8c60a75c31ce323aeab14d2,2026-04-01,116.000000,1179863.84,0.000000,0.000000,0.00,0.00,Cap Fed,Multibrand,"",2026-08-17 19:35:14.339936+00,2026-08-17 19:35:14.339939+00,461effb411df474f2040acb3a050405191b7a474405ac84b521c3b1d18a03d04
puma_bw,name:547dd133d037de59005c9ad82c13f298611c5353e8c60a75c31ce323aeab14d2,2026-05-01,6.000000,61027.44,0.000000,0.000000,0.00,0.00,Cap Fed,Multibrand,"",2026-08-17 19:35:14.341021+00,2026-08-17 19:35:14.341024+00,461effb411df474f2040acb3a050405191b7a474405ac84b521c3b1d18a03d04
puma_bw,name:547dd133d037de59005c9ad82c13f298611c5353e8c60a75c31ce323aeab14d2,2026-07-01,31.000000,315308.44,0.000000,0.000000,0.00,0.00,Cap Fed,Multibrand,"",2026-08-17 19:35:14.342075+00,2026-08-17 19:35:14.342078+00,461effb411df474f2040acb3a050405191b7a474405ac84b521c3b1d18a03d04
puma_bw,name:7f150894bb703ee85abe65cb24060738d9167f1e48eddc9658cb5382901e515b,2026-02-01,81.000000,1028007.17,0.000000,0.000000,0.00,0.00,Nea,Multibrand,"",2026-08-17 19:35:14.343161+00,2026-08-17 19:35:14.343164+00,461effb411df474f2040acb3a050405191b7a474405ac84b521c3b1d18a03d04
puma_bw,name:86016ef1164b37090299881d7f2e7a20f5250b75dd622feca8ad1ce2e46974f9,2026-04-01,8.000000,88611.84,0.000000,0.000000,0.00,0.00,GBA,Multibrand,"",2026-08-17 19:35:14.344257+00,2026-08-17 19:35:14.344259+00,461effb411df474f2040acb3a050405191b7a474405ac84b521c3b1d18a03d04
puma_bw,name:e3ef2411fed4a2a4847e2ceb367789f1275add167da4e011e1da3c9086af04c4,2026-02-01,683.000000,8097343.44,0.000000,0.000000,0.00,0.00,GBA,Multibrand,"",2026-08-17 19:35:14.34533+00,2026-08-17 19:35:14.345333+00,461effb411df474f2040acb3a050405191b7a474405ac84b521c3b1d18a03d04
puma_bw,name:e3ef2411fed4a2a4847e2ceb367789f1275add167da4e011e1da3c9086af04c4,2026-04-01,508.000000,5251728.38,0.000000,0.000000,0.00,0.00,GBA,Multibrand,"",2026-08-17 19:35:14.34642+00,2026-08-17 19:35:14.346423+00,461effb411df474f2040acb3a050405191b7a474405ac84b521c3b1d18a03d04
puma_bw,name:e3ef2411fed4a2a4847e2ceb367789f1275add167da4e011e1da3c9086af04c4,2026-06-01,2103.000000,23560936.22,0.000000,0.000000,0.00,0.00,GBA,Multibrand,"",2026-08-17 19:35:14.347547+00,2026-08-17 19:35:14.34755+00,461effb411df474f2040acb3a050405191b7a474405ac84b521c3b1d18a03d04
puma_bw,name:56636d268100f7ed249119448d2919f250dae0d7ab3a8d5d7f7dcd6c8e3c6fa4,2026-01-01,8.000000,98457.60,0.000000,0.000000,0.00,0.00,GBA,Multibrand,"",2026-08-17 19:35:14.348697+00,2026-08-17 19:35:14.3487+00,461effb411df474f2040acb3a050405191b7a474405ac84b521c3b1d18a03d04
puma_bw,name:a11c8373cd7d4c4fa6ed48e02d7ed1c17c6e20ede28493d47d7543e8e991b552,2026-02-01,10.000000,141534.00,0.000000,0.000000,0.00,0.00,GBA,Multibrand,"",2026-08-17 19:35:14.349849+00,2026-08-17 19:35:14.349852+00,461effb411df474f2040acb3a050405191b7a474405ac84b521c3b1d18a03d04
puma_bw,name:552ed3e291b7f02e487e92af56463b47ddba6d03bac3c43cd2b59e9a8a18934e,2026-01-01,141.000000,1547380.77,0.000000,0.000000,0.00,0.00,GBA,Multibrand,"",2026-08-17 19:35:14.35085+00,2026-08-17 19:35:14.350853+00,461effb411df474f2040acb3a050405191b7a474405ac84b521c3b1d18a03d04
puma_bw,name:552ed3e291b7f02e487e92af56463b47ddba6d03bac3c43cd2b59e9a8a18934e,2026-02-01,63.000000,696756.85,0.000000,0.000000,0.00,0.00,GBA,Multibrand,"",2026-08-17 19:35:14.351839+00,2026-08-17 19:35:14.351842+00,461effb411df474f2040acb3a050405191b7a474405ac84b521c3b1d18a03d04
puma_bw,name:552ed3e291b7f02e487e92af56463b47ddba6d03bac3c43cd2b59e9a8a18934e,2026-03-01,51.000000,551172.14,0.000000,0.000000,0.00,0.00,GBA,Multibrand,"",2026-08-17 19:35:14.352833+00,2026-08-17 19:35:14.352836+00,461effb411df474f2040acb3a050405191b7a474405ac84b521c3b1d18a03d04
puma_bw,name:552ed3e291b7f02e487e92af56463b47ddba6d03bac3c43cd2b59e9a8a18934e,2026-04-01,158.000000,1710179.04,0.000000,0.000000,0.00,0.00,GBA,Multibrand,"",2026-08-17 19:35:14.354024+00,2026-08-17 19:35:14.354028+00,461effb411df474f2040acb3a050405191b7a474405ac84b521c3b1d18a03d04
puma_bw,name:552ed3e291b7f02e487e92af56463b47ddba6d03bac3c43cd2b59e9a8a18934e,2026-05-01,237.000000,2571697.97,0.000000,0.000000,0.00,0.00,GBA,Multibrand,"",2026-08-17 19:35:14.355287+00,2026-08-17 19:35:14.355291+00,461effb411df474f2040acb3a050405191b7a474405ac84b521c3b1d18a03d04
puma_bw,name:552ed3e291b7f02e487e92af56463b47ddba6d03bac3c43cd2b59e9a8a18934e,2026-06-01,137.000000,1532558.04,0.000000,0.000000,0.00,0.00,GBA,Multibrand,"",2026-08-17 19:35:14.356411+00,2026-08-17 19:35:14.356415+00,461effb411df474f2040acb3a050405191b7a474405ac84b521c3b1d18a03d04
puma_bw,name:552ed3e291b7f02e487e92af56463b47ddba6d03bac3c43cd2b59e9a8a18934e,2026-07-01,239.000000,2316697.80,0.000000,0.000000,0.00,0.00,GBA,Multibrand,"",2026-08-17 19:35:14.357491+00,2026-08-17 19:35:14.357494+00,461effb411df474f2040acb3a050405191b7a474405ac84b521c3b1d18a03d04
puma_bw,name:45980aa4ed660394a1fe8269132d5dbad5ea7884cbb5a939e736e9fc11874fd8,2026-02-01,17.000000,226145.40,0.000000,0.000000,0.00,0.00,GBA,Multibrand,"",2026-08-17 19:35:14.358544+00,2026-08-17 19:35:14.358547+00,461effb411df474f2040acb3a050405191b7a474405ac84b521c3b1d18a03d04
puma_bw,name:f548f1b82291440cf3287128fc1dd3ff18ae8727cabe33123dfcf664c0bf5984,2026-04-01,97.000000,1193798.40,0.000000,0.000000,0.00,0.00,Sur,Multibrand,"",2026-08-17 19:35:14.359586+00,2026-08-17 19:35:14.359589+00,461effb411df474f2040acb3a050405191b7a474405ac84b521c3b1d18a03d04
puma_bw,name:bee97a48e1cfd3a6d227a3e388001817f27bd3bb85a9077096955d9c4a2ee2d7,2026-01-01,612.000000,6628165.62,0.000000,0.000000,0.00,0.00,Sur,Multibrand,"",2026-08-17 19:35:14.360673+00,2026-08-17 19:35:14.360676+00,461effb411df474f2040acb3a050405191b7a474405ac84b521c3b1d18a03d04
puma_bw,name:bee97a48e1cfd3a6d227a3e388001817f27bd3bb85a9077096955d9c4a2ee2d7,2026-03-01,528.000000,5718417.41,0.000000,0.000000,0.00,0.00,Sur,Multibrand,"",2026-08-17 19:35:14.361753+00,2026-08-17 19:35:14.361756+00,461effb411df474f2040acb3a050405191b7a474405ac84b521c3b1d18a03d04
puma_bw,name:bee97a48e1cfd3a6d227a3e388001817f27bd3bb85a9077096955d9c4a2ee2d7,2026-04-01,6.000000,64982.02,0.000000,0.000000,0.00,0.00,Sur,Multibrand,"",2026-08-17 19:35:14.362735+00,2026-08-17 19:35:14.362738+00,461effb411df474f2040acb3a050405191b7a474405ac84b521c3b1d18a03d04
puma_bw,name:bee97a48e1cfd3a6d227a3e388001817f27bd3bb85a9077096955d9c4a2ee2d7,2026-06-01,516.000000,5821305.60,0.000000,0.000000,0.00,0.00,Sur,Multibrand,"",2026-08-17 19:35:14.363748+00,2026-08-17 19:35:14.36375+00,461effb411df474f2040acb3a050405191b7a474405ac84b521c3b1d18a03d04
puma_bw,name:13fed2b7ecdc3556224151beb98649a2c3f1511362e38600bc91537bd8927713,2026-01-01,10.000000,123072.00,0.000000,0.000000,0.00,0.00,Sur,Multibrand,"",2026-08-17 19:35:14.364788+00,2026-08-17 19:35:14.364791+00,461effb411df474f2040acb3a050405191b7a474405ac84b521c3b1d18a03d04
puma_bw,name:13fed2b7ecdc3556224151beb98649a2c3f1511362e38600bc91537bd8927713,2026-07-01,50.000000,576386.00,0.000000,0.000000,0.00,0.00,Sur,Multibrand,"",2026-08-17 19:35:14.365823+00,2026-08-17 19:35:14.365826+00,461effb411df474f2040acb3a050405191b7a474405ac84b521c3b1d18a03d04
puma_bw,name:455ccd5df20f2e714ab9d1dcc48bd777c120b9ad51fbfdbbc81c400c90dfb7ce,2026-02-01,110.000000,1464564.00,0.000000,0.000000,0.00,0.00,Sur,Multibrand,"",2026-08-17 19:35:14.366892+00,2026-08-17 19:35:14.366895+00,461effb411df474f2040acb3a050405191b7a474405ac84b521c3b1d18a03d04
puma_bw,name:2fe2453af7de7c837829b3d8c4cc263643f6d770cb106b6cbc87473ebd2d52e9,2026-02-01,8.000000,98457.60,0.000000,0.000000,0.00,0.00,Sur,Multibrand,"",2026-08-17 19:35:14.367972+00,2026-08-17 19:35:14.367975+00,461effb411df474f2040acb3a050405191b7a474405ac84b521c3b1d18a03d04
puma_bw,name:2fe2453af7de7c837829b3d8c4cc263643f6d770cb106b6cbc87473ebd2d52e9,2026-05-01,23.000000,317937.80,0.000000,0.000000,0.00,0.00,Sur,Multibrand,"",2026-08-17 19:35:14.36906+00,2026-08-17 19:35:14.369062+00,461effb411df474f2040acb3a050405191b7a474405ac84b521c3b1d18a03d04
puma_bw,name:2fe2453af7de7c837829b3d8c4cc263643f6d770cb106b6cbc87473ebd2d52e9,2026-06-01,10.000000,128200.00,0.000000,0.000000,0.00,0.00,Sur,Multibrand,"",2026-08-17 19:35:14.370168+00,2026-08-17 19:35:14.370171+00,461effb411df474f2040acb3a050405191b7a474405ac84b521c3b1d18a03d04
puma_bw,name:000c5edbd725a5c206b226e070c25ea5bdc616607cd5c8611e05e0fdf8f299ca,2026-05-01,18.000000,221529.60,0.000000,0.000000,0.00,0.00,Sur,Multibrand,"",2026-08-17 19:35:14.371239+00,2026-08-17 19:35:14.371242+00,461effb411df474f2040acb3a050405191b7a474405ac84b521c3b1d18a03d04
puma_bw,name:b814b2cb58aeb8dff0710c2caaecfcb10d0ec76540cd0c0dc0a68fff59a4871f,2026-01-01,72.000000,936707.17,0.000000,0.000000,0.00,0.00,Noa,Multibrand,"",2026-08-17 19:35:14.372494+00,2026-08-17 19:35:14.372498+00,461effb411df474f2040acb3a050405191b7a474405ac84b521c3b1d18a03d04
puma_bw,name:b814b2cb58aeb8dff0710c2caaecfcb10d0ec76540cd0c0dc0a68fff59a4871f,2026-06-01,393.000000,4332903.60,0.000000,0.000000,0.00,0.00,Noa,Multibrand,"",2026-08-17 19:35:14.373555+00,2026-08-17 19:35:14.373559+00,461effb411df474f2040acb3a050405191b7a474405ac84b521c3b1d18a03d04
puma_bw,name:b814b2cb58aeb8dff0710c2caaecfcb10d0ec76540cd0c0dc0a68fff59a4871f,2026-07-01,-2.000000,-22050.40,0.000000,0.000000,0.00,0.00,Noa,Multibrand,"",2026-08-17 19:35:14.374636+00,2026-08-17 19:35:14.374638+00,461effb411df474f2040acb3a050405191b7a474405ac84b521c3b1d18a03d04
puma_bw,name:eca05905d9dcb56a6a180a4f293109ee2aa491d13f63d8e3640b5c41b0033003,2026-05-01,72.000000,876888.00,0.000000,0.000000,0.00,0.00,Noa,Multibrand,"",2026-08-17 19:35:14.375723+00,2026-08-17 19:35:14.375726+00,461effb411df474f2040acb3a050405191b7a474405ac84b521c3b1d18a03d04
puma_bw,name:559089af2e1446f587e0a1ef242137f0ab2094c578cae7a68ee0e6114c1b1a10,2026-06-01,72.000000,793814.40,0.000000,0.000000,0.00,0.00,Noa,Multibrand,"",2026-08-17 19:35:14.376788+00,2026-08-17 19:35:14.376791+00,461effb411df474f2040acb3a050405191b7a474405ac84b521c3b1d18a03d04
puma_bw,name:169f6a7a0fa5462dd514c37b1d2924a6fff8a42abc88cba2be4180e6cbe1ae3d,2026-01-01,130.000000,1374766.88,0.000000,0.000000,0.00,0.00,Bs As,Multibrand,"",2026-08-17 19:35:14.377819+00,2026-08-17 19:35:14.377822+00,461effb411df474f2040acb3a050405191b7a474405ac84b521c3b1d18a03d04
puma_bw,name:169f6a7a0fa5462dd514c37b1d2924a6fff8a42abc88cba2be4180e6cbe1ae3d,2026-02-01,72.000000,562477.85,0.000000,0.000000,0.00,0.00,Bs As,Multibrand,"",2026-08-17 19:35:14.378901+00,2026-08-17 19:35:14.378903+00,461effb411df474f2040acb3a050405191b7a474405ac84b521c3b1d18a03d04
puma_bw,name:169f6a7a0fa5462dd514c37b1d2924a6fff8a42abc88cba2be4180e6cbe1ae3d,2026-03-01,24.000000,-267174.10,0.000000,0.000000,0.00,0.00,Bs As,Multibrand,"",2026-08-17 19:35:14.379957+00,2026-08-17 19:35:14.37996+00,461effb411df474f2040acb3a050405191b7a474405ac84b521c3b1d18a03d04
puma_bw,name:169f6a7a0fa5462dd514c37b1d2924a6fff8a42abc88cba2be4180e6cbe1ae3d,2026-04-01,8.000000,-66875.40,0.000000,0.000000,0.00,0.00,Bs As,Multibrand,"",2026-08-17 19:35:14.381044+00,2026-08-17 19:35:14.381047+00,461effb411df474f2040acb3a050405191b7a474405ac84b521c3b1d18a03d04
puma_bw,name:169f6a7a0fa5462dd514c37b1d2924a6fff8a42abc88cba2be4180e6cbe1ae3d,2026-05-01,4.000000,-9606.11,0.000000,0.000000,0.00,0.00,Bs As,Multibrand,"",2026-08-17 19:35:14.382075+00,2026-08-17 19:35:14.382078+00,461effb411df474f2040acb3a050405191b7a474405ac84b521c3b1d18a03d04
puma_bw,name:169f6a7a0fa5462dd514c37b1d2924a6fff8a42abc88cba2be4180e6cbe1ae3d,2026-06-01,6.000000,30981.69,0.000000,0.000000,0.00,0.00,Bs As,Multibrand,"",2026-08-17 19:35:14.383143+00,2026-08-17 19:35:14.383146+00,461effb411df474f2040acb3a050405191b7a474405ac84b521c3b1d18a03d04
puma_bw,name:169f6a7a0fa5462dd514c37b1d2924a6fff8a42abc88cba2be4180e6cbe1ae3d,2026-07-01,39.000000,503447.52,0.000000,0.000000,0.00,0.00,Bs As,Multibrand,"",2026-08-17 19:35:14.384212+00,2026-08-17 19:35:14.384215+00,461effb411df474f2040acb3a050405191b7a474405ac84b521c3b1d18a03d04
puma_bw,name:e675c104408a5b45fbf4332be03c3237e2d4f65c7aa002ec611b2070898d5c29,2026-01-01,61.000000,683463.82,0.000000,0.000000,0.00,0.00,Bs As,Multibrand,"",2026-08-17 19:35:14.385273+00,2026-08-17 19:35:14.385276+00,461effb411df474f2040acb3a050405191b7a474405ac84b521c3b1d18a03d04
puma_bw,name:e675c104408a5b45fbf4332be03c3237e2d4f65c7aa002ec611b2070898d5c29,2026-02-01,93.000000,1006013.96,0.000000,0.000000,0.00,0.00,Bs As,Multibrand,"",2026-08-17 19:35:14.386334+00,2026-08-17 19:35:14.386337+00,461effb411df474f2040acb3a050405191b7a474405ac84b521c3b1d18a03d04
puma_bw,name:e675c104408a5b45fbf4332be03c3237e2d4f65c7aa002ec611b2070898d5c29,2026-03-01,78.000000,887457.76,0.000000,0.000000,0.00,0.00,Bs As,Multibrand,"",2026-08-17 19:35:14.387313+00,2026-08-17 19:35:14.387316+00,461effb411df474f2040acb3a050405191b7a474405ac84b521c3b1d18a03d04
puma_bw,name:e675c104408a5b45fbf4332be03c3237e2d4f65c7aa002ec611b2070898d5c29,2026-04-01,190.000000,2013768.10,0.000000,0.000000,0.00,0.00,Bs As,Multibrand,"",2026-08-17 19:35:14.38834+00,2026-08-17 19:35:14.388343+00,461effb411df474f2040acb3a050405191b7a474405ac84b521c3b1d18a03d04
puma_bw,name:e675c104408a5b45fbf4332be03c3237e2d4f65c7aa002ec611b2070898d5c29,2026-05-01,335.000000,3560273.50,0.000000,0.000000,0.00,0.00,Bs As,Multibrand,"",2026-08-17 19:35:14.389355+00,2026-08-17 19:35:14.389358+00,461effb411df474f2040acb3a050405191b7a474405ac84b521c3b1d18a03d04
puma_bw,name:e675c104408a5b45fbf4332be03c3237e2d4f65c7aa002ec611b2070898d5c29,2026-06-01,171.000000,1903492.70,0.000000,0.000000,0.00,0.00,Bs As,Multibrand,"",2026-08-17 19:35:14.390412+00,2026-08-17 19:35:14.390415+00,461effb411df474f2040acb3a050405191b7a474405ac84b521c3b1d18a03d04
puma_bw,name:ae5bad45161098a66df44dbe3a585584b051327f4e36bda04b8204b1c960270a,2026-03-01,52.000000,607975.68,0.000000,0.000000,0.00,0.00,Bs As,Multibrand,"",2026-08-17 19:35:14.391493+00,2026-08-17 19:35:14.391496+00,461effb411df474f2040acb3a050405191b7a474405ac84b521c3b1d18a03d04
puma_bw,name:ae5bad45161098a66df44dbe3a585584b051327f4e36bda04b8204b1c960270a,2026-07-01,71.000000,656685.78,0.000000,0.000000,0.00,0.00,Bs As,Multibrand,"",2026-08-17 19:35:14.392533+00,2026-08-17 19:35:14.392535+00,461effb411df474f2040acb3a050405191b7a474405ac84b521c3b1d18a03d04
puma_bw,name:e5fbee767a4e60147522c0bfb76d02b921a566f101134f432dfa29c142832599,2026-04-01,11.000000,138087.05,0.000000,0.000000,0.00,0.00,Bs As,Multibrand,"",2026-08-17 19:35:14.393591+00,2026-08-17 19:35:14.393594+00,461effb411df474f2040acb3a050405191b7a474405ac84b521c3b1d18a03d04
puma_bw,name:dd9536c1606af49d67dd32a6bb907925a7881327d62d30b66dd76ea90724ed56,2026-04-01,82.000000,809172.83,0.000000,0.000000,0.00,0.00,Córdoba,Multibrand,"",2026-08-17 19:35:14.394671+00,2026-08-17 19:35:14.394674+00,461effb411df474f2040acb3a050405191b7a474405ac84b521c3b1d18a03d04
puma_bw,name:dd9536c1606af49d67dd32a6bb907925a7881327d62d30b66dd76ea90724ed56,2026-06-01,160.000000,2040806.47,0.000000,0.000000,0.00,0.00,Córdoba,Multibrand,"",2026-08-17 19:35:14.395732+00,2026-08-17 19:35:14.395735+00,461effb411df474f2040acb3a050405191b7a474405ac84b521c3b1d18a03d04
puma_bw,name:554c8b57583656af2607cb91f6d559f67e38348f21a4f98f7e19d9b2a882ec13,2026-01-01,21.000000,258451.20,0.000000,0.000000,0.00,0.00,Córdoba,Multibrand,"",2026-08-17 19:35:14.396811+00,2026-08-17 19:35:14.396815+00,461effb411df474f2040acb3a050405191b7a474405ac84b521c3b1d18a03d04
puma_bw,name:61233c84d04dcfa1af7f8d3a6635ef78c09a26d39a337a4c3441eadc07ba4e89,2026-02-01,278.000000,3429115.38,0.000000,0.000000,0.00,0.00,Córdoba,Multibrand,"",2026-08-17 19:35:14.397874+00,2026-08-17 19:35:14.397877+00,461effb411df474f2040acb3a050405191b7a474405ac84b521c3b1d18a03d04
puma_bw,name:61233c84d04dcfa1af7f8d3a6635ef78c09a26d39a337a4c3441eadc07ba4e89,2026-03-01,-12.000000,-132917.76,0.000000,0.000000,0.00,0.00,Córdoba,Multibrand,"",2026-08-17 19:35:14.398943+00,2026-08-17 19:35:14.398947+00,461effb411df474f2040acb3a050405191b7a474405ac84b521c3b1d18a03d04
puma_bw,name:61233c84d04dcfa1af7f8d3a6635ef78c09a26d39a337a4c3441eadc07ba4e89,2026-04-01,117.000000,1295948.16,0.000000,0.000000,0.00,0.00,Córdoba,Multibrand,"",2026-08-17 19:35:14.400011+00,2026-08-17 19:35:14.400015+00,461effb411df474f2040acb3a050405191b7a474405ac84b521c3b1d18a03d04
puma_bw,name:3fbc28e278cb387dac9a342f9811a26181ea5f4d920cdd5c9cbb084dfe267d8c,2026-03-01,4.000000,49228.80,0.000000,0.000000,0.00,0.00,Córdoba,Multibrand,"",2026-08-17 19:35:14.401068+00,2026-08-17 19:35:14.401071+00,461effb411df474f2040acb3a050405191b7a474405ac84b521c3b1d18a03d04
puma_bw,name:b60b77e94596490eb1df33f110b33b600ba751720a71e3d9dd7ed43439b8681a,2026-03-01,-18.000000,-203070.24,0.000000,0.000000,0.00,0.00,Cap Fed,Multibrand,"",2026-08-17 19:35:14.402148+00,2026-08-17 19:35:14.402151+00,461effb411df474f2040acb3a050405191b7a474405ac84b521c3b1d18a03d04
puma_bw,name:42f5bedb919512ff212260a604cb20176a7fffe7fb8a85cc21515053fc87bd85,2026-06-01,6.000000,71382.24,0.000000,0.000000,0.00,0.00,Cap Fed,Multibrand,"",2026-08-17 19:35:14.403204+00,2026-08-17 19:35:14.403207+00,461effb411df474f2040acb3a050405191b7a474405ac84b521c3b1d18a03d04
puma_bw,name:42f5bedb919512ff212260a604cb20176a7fffe7fb8a85cc21515053fc87bd85,2026-07-01,3.000000,36922.08,0.000000,0.000000,0.00,0.00,Cap Fed,Multibrand,"",2026-08-17 19:35:14.404279+00,2026-08-17 19:35:14.404283+00,461effb411df474f2040acb3a050405191b7a474405ac84b521c3b1d18a03d04
puma_bw,name:51a44e49e837412a3d2c513ec8705c1a1a0f753f6d6da633df01c2fefbd554cc,2026-06-01,32.000000,422548.80,0.000000,0.000000,0.00,0.00,Cap Fed,Multibrand,"",2026-08-17 19:35:14.405782+00,2026-08-17 19:35:14.405785+00,461effb411df474f2040acb3a050405191b7a474405ac84b521c3b1d18a03d04
puma_bw,name:694cf37f260916a9d5d8e1451732eec099e699f74b6a3273a2432673cac31dfb,2026-01-01,23.000000,268056.49,0.000000,0.000000,0.00,0.00,Cap Fed,Multibrand,"",2026-08-17 19:35:14.407134+00,2026-08-17 19:35:14.407137+00,461effb411df474f2040acb3a050405191b7a474405ac84b521c3b1d18a03d04
puma_bw,name:694cf37f260916a9d5d8e1451732eec099e699f74b6a3273a2432673cac31dfb,2026-04-01,157.000000,1865802.63,0.000000,0.000000,0.00,0.00,Cap Fed,Multibrand,"",2026-08-17 19:35:14.408834+00,2026-08-17 19:35:14.408837+00,461effb411df474f2040acb3a050405191b7a474405ac84b521c3b1d18a03d04
puma_bw,name:694cf37f260916a9d5d8e1451732eec099e699f74b6a3273a2432673cac31dfb,2026-05-01,-22.000000,-292427.58,0.000000,0.000000,0.00,0.00,Cap Fed,Multibrand,"",2026-08-17 19:35:14.410378+00,2026-08-17 19:35:14.410381+00,461effb411df474f2040acb3a050405191b7a474405ac84b521c3b1d18a03d04
puma_bw,name:694cf37f260916a9d5d8e1451732eec099e699f74b6a3273a2432673cac31dfb,2026-07-01,11.000000,139856.31,0.000000,0.000000,0.00,0.00,Cap Fed,Multibrand,"",2026-08-17 19:35:14.411547+00,2026-08-17 19:35:14.411551+00,461effb411df474f2040acb3a050405191b7a474405ac84b521c3b1d18a03d04
puma_bw,name:495bac50df6e07b376de94f554e7cca5fb19e2fa3b165998d0a3ec150cdf461f,2026-02-01,104.000000,1231959.47,0.000000,0.000000,0.00,0.00,GBA,Multibrand,"",2026-08-17 19:35:14.412684+00,2026-08-17 19:35:14.41269+00,461effb411df474f2040acb3a050405191b7a474405ac84b521c3b1d18a03d04
puma_bw,name:495bac50df6e07b376de94f554e7cca5fb19e2fa3b165998d0a3ec150cdf461f,2026-04-01,181.000000,2144083.28,0.000000,0.000000,0.00,0.00,GBA,Multibrand,"",2026-08-17 19:35:14.413922+00,2026-08-17 19:35:14.413925+00,461effb411df474f2040acb3a050405191b7a474405ac84b521c3b1d18a03d04
puma_bw,name:c2e17c604cb4efad0a4e2eb773c752769cf7fbec44088c1906e58b29a53d23d8,2026-02-01,22.000000,338452.40,0.000000,0.000000,0.00,0.00,Sur,Multibrand,"",2026-08-17 19:35:14.415414+00,2026-08-17 19:35:14.415421+00,461effb411df474f2040acb3a050405191b7a474405ac84b521c3b1d18a03d04
puma_bw,name:c2e17c604cb4efad0a4e2eb773c752769cf7fbec44088c1906e58b29a53d23d8,2026-06-01,23.000000,381014.80,0.000000,0.000000,0.00,0.00,Sur,Multibrand,"",2026-08-17 19:35:14.416989+00,2026-08-17 19:35:14.416996+00,461effb411df474f2040acb3a050405191b7a474405ac84b521c3b1d18a03d04
puma_bw,name:fb3a0e63c3fb6345a0ac46987dea6ad1d3dd67f4afc0a0a39421584f69686883,2026-05-01,5.000000,70510.50,0.000000,0.000000,0.00,0.00,Sur,Multibrand,"",2026-08-17 19:35:14.419287+00,2026-08-17 19:35:14.419292+00,461effb411df474f2040acb3a050405191b7a474405ac84b521c3b1d18a03d04
puma_bw,name:f46f1741623c9c15eb4c93eab9afe5298c9df88a282068e615f6ed185f0e14b0,2026-01-01,66.000000,800435.18,0.000000,0.000000,0.00,0.00,Noa,Multibrand,"",2026-08-17 19:35:14.420687+00,2026-08-17 19:35:14.42069+00,461effb411df474f2040acb3a050405191b7a474405ac84b521c3b1d18a03d04
puma_bw,name:e06ebbd5f7414420dade87f8fb77b9d2d2dbb712c71b165eceaf843c55358a3e,2026-04-01,1.000000,11986.78,0.000000,0.000000,0.00,0.00,Bs As,Multibrand,"",2026-08-17 19:35:14.421785+00,2026-08-17 19:35:14.421788+00,461effb411df474f2040acb3a050405191b7a474405ac84b521c3b1d18a03d04
puma_bw,name:e06ebbd5f7414420dade87f8fb77b9d2d2dbb712c71b165eceaf843c55358a3e,2026-06-01,68.000000,818806.36,0.000000,0.000000,0.00,0.00,Bs As,Multibrand,"",2026-08-17 19:35:14.422898+00,2026-08-17 19:35:14.422901+00,461effb411df474f2040acb3a050405191b7a474405ac84b521c3b1d18a03d04
puma_bw,name:e06ebbd5f7414420dade87f8fb77b9d2d2dbb712c71b165eceaf843c55358a3e,2026-07-01,91.000000,1232027.74,0.000000,0.000000,0.00,0.00,Bs As,Multibrand,"",2026-08-17 19:35:14.423986+00,2026-08-17 19:35:14.423989+00,461effb411df474f2040acb3a050405191b7a474405ac84b521c3b1d18a03d04
puma_bw,name:5aa938522193b28affd6ac3f2b9e7753b7e964cfa48f3073c36d65680043a2c3,2026-01-01,4.000000,52306.28,0.000000,0.000000,0.00,0.00,Bs As,Multibrand,"",2026-08-17 19:35:14.425084+00,2026-08-17 19:35:14.425087+00,461effb411df474f2040acb3a050405191b7a474405ac84b521c3b1d18a03d04
puma_bw,name:5aa938522193b28affd6ac3f2b9e7753b7e964cfa48f3073c36d65680043a2c3,2026-02-01,9.000000,117689.13,0.000000,0.000000,0.00,0.00,Bs As,Multibrand,"",2026-08-17 19:35:14.426473+00,2026-08-17 19:35:14.426476+00,461effb411df474f2040acb3a050405191b7a474405ac84b521c3b1d18a03d04
puma_bw,name:5aa938522193b28affd6ac3f2b9e7753b7e964cfa48f3073c36d65680043a2c3,2026-03-01,7.000000,91535.99,0.000000,0.000000,0.00,0.00,Bs As,Multibrand,"",2026-08-17 19:35:14.428268+00,2026-08-17 19:35:14.428271+00,461effb411df474f2040acb3a050405191b7a474405ac84b521c3b1d18a03d04
puma_bw,name:5aa938522193b28affd6ac3f2b9e7753b7e964cfa48f3073c36d65680043a2c3,2026-04-01,3.000000,39229.71,0.000000,0.000000,0.00,0.00,Bs As,Multibrand,"",2026-08-17 19:35:14.4295+00,2026-08-17 19:35:14.429503+00,461effb411df474f2040acb3a050405191b7a474405ac84b521c3b1d18a03d04
puma_bw,name:5aa938522193b28affd6ac3f2b9e7753b7e964cfa48f3073c36d65680043a2c3,2026-05-01,4.000000,52306.28,0.000000,0.000000,0.00,0.00,Bs As,Multibrand,"",2026-08-17 19:35:14.430496+00,2026-08-17 19:35:14.430499+00,461effb411df474f2040acb3a050405191b7a474405ac84b521c3b1d18a03d04
puma_bw,name:5aa938522193b28affd6ac3f2b9e7753b7e964cfa48f3073c36d65680043a2c3,2026-06-01,8.000000,104612.56,0.000000,0.000000,0.00,0.00,Bs As,Multibrand,"",2026-08-17 19:35:14.4315+00,2026-08-17 19:35:14.431502+00,461effb411df474f2040acb3a050405191b7a474405ac84b521c3b1d18a03d04
puma_bw,name:5d2a8e683aaa433450be0a6882b5b5f169b4bb2f5533a2822f444ea434d4496c,2026-06-01,3.000000,42306.30,0.000000,0.000000,0.00,0.00,Bs As,Multibrand,"",2026-08-17 19:35:14.432581+00,2026-08-17 19:35:14.432584+00,461effb411df474f2040acb3a050405191b7a474405ac84b521c3b1d18a03d04
puma_bw,name:4839689748b66a3365a1a9ad704cdc397f9278ba0771d0e810d2742ff6348dad,2026-04-01,106.000000,1144851.53,0.000000,0.000000,0.00,0.00,Córdoba,Multibrand,"",2026-08-17 19:35:14.433664+00,2026-08-17 19:35:14.433666+00,461effb411df474f2040acb3a050405191b7a474405ac84b521c3b1d18a03d04
puma_bw,name:4839689748b66a3365a1a9ad704cdc397f9278ba0771d0e810d2742ff6348dad,2026-05-01,-35.000000,-389027.96,0.000000,0.000000,0.00,0.00,Córdoba,Multibrand,"",2026-08-17 19:35:14.434745+00,2026-08-17 19:35:14.434748+00,461effb411df474f2040acb3a050405191b7a474405ac84b521c3b1d18a03d04
puma_bw,name:4839689748b66a3365a1a9ad704cdc397f9278ba0771d0e810d2742ff6348dad,2026-06-01,22.000000,263709.27,0.000000,0.000000,0.00,0.00,Córdoba,Multibrand,"",2026-08-17 19:35:14.435865+00,2026-08-17 19:35:14.435868+00,461effb411df474f2040acb3a050405191b7a474405ac84b521c3b1d18a03d04
puma_bw,name:1354d9890becf29cf15930f81ff7d3f9aeb9b5f98f51edec2f78709aceddc8ff,2026-03-01,8.000000,123073.60,0.000000,0.000000,0.00,0.00,Córdoba,Multibrand,"",2026-08-17 19:35:14.437043+00,2026-08-17 19:35:14.437046+00,461effb411df474f2040acb3a050405191b7a474405ac84b521c3b1d18a03d04
puma_sw,name:782a9b6d7a28f1247c2d3cb4296c9058de816cd83b07257ae78720c9437c865e,2026-03-01,-14.000000,-269943.52,0.000000,0.000000,0.00,0.00,Cap Fed,"","",2026-08-17 19:35:14.43816+00,2026-08-17 19:35:14.438163+00,507dc76ca0403084b980a4936477ccad53f088e6b672723eb826efb60d65eda3
puma_sw,name:50657a065382c47cb05a08cb7fc37f110b4770dc6203fa8cfe14d6634bf9be40,2026-01-01,-2.000000,-33845.40,0.000000,0.000000,0.00,0.00,Cap Fed,"","",2026-08-17 19:35:14.439288+00,2026-08-17 19:35:14.439291+00,507dc76ca0403084b980a4936477ccad53f088e6b672723eb826efb60d65eda3
puma_sw,name:50657a065382c47cb05a08cb7fc37f110b4770dc6203fa8cfe14d6634bf9be40,2026-02-01,-7.000000,-118458.90,0.000000,0.000000,0.00,0.00,Cap Fed,"","",2026-08-17 19:35:14.440408+00,2026-08-17 19:35:14.440411+00,507dc76ca0403084b980a4936477ccad53f088e6b672723eb826efb60d65eda3
puma_sw,name:076c65cc4494f854b0253ecab206e3e8eeb23d328a2f07020f7d01d5d545fe6a,2026-03-01,363.000000,6060749.81,0.000000,0.000000,0.00,0.00,Cap Fed,"","",2026-08-17 19:35:14.441549+00,2026-08-17 19:35:14.441552+00,507dc76ca0403084b980a4936477ccad53f088e6b672723eb826efb60d65eda3
puma_sw,name:076c65cc4494f854b0253ecab206e3e8eeb23d328a2f07020f7d01d5d545fe6a,2026-06-01,2.000000,36101.76,0.000000,0.000000,0.00,0.00,Cap Fed,"","",2026-08-17 19:35:14.44271+00,2026-08-17 19:35:14.442713+00,507dc76ca0403084b980a4936477ccad53f088e6b672723eb826efb60d65eda3
puma_sw,name:076c65cc4494f854b0253ecab206e3e8eeb23d328a2f07020f7d01d5d545fe6a,2026-07-01,91.000000,1809688.70,0.000000,0.000000,0.00,0.00,Cap Fed,"","",2026-08-17 19:35:14.443834+00,2026-08-17 19:35:14.443837+00,507dc76ca0403084b980a4936477ccad53f088e6b672723eb826efb60d65eda3
puma_sw,name:a431981bd78aef25ae08ec53f7568fbc58ee351218ccbf8f5e26d308aa42a803,2026-02-01,26.000000,413357.56,0.000000,0.000000,0.00,0.00,GBA,"","",2026-08-17 19:35:14.444966+00,2026-08-17 19:35:14.444969+00,507dc76ca0403084b980a4936477ccad53f088e6b672723eb826efb60d65eda3
puma_sw,name:0c43709eb4e28e3a7ebf8cef952753e20d5714dc915127913f4f9d8fdd8215ad,2026-01-01,1.000000,10896.91,0.000000,0.000000,0.00,0.00,GBA,"","",2026-08-17 19:35:14.446085+00,2026-08-17 19:35:14.446088+00,507dc76ca0403084b980a4936477ccad53f088e6b672723eb826efb60d65eda3
puma_sw,name:0c43709eb4e28e3a7ebf8cef952753e20d5714dc915127913f4f9d8fdd8215ad,2026-02-01,1.000000,10896.91,0.000000,0.000000,0.00,0.00,GBA,"","",2026-08-17 19:35:14.447201+00,2026-08-17 19:35:14.447204+00,507dc76ca0403084b980a4936477ccad53f088e6b672723eb826efb60d65eda3
puma_sw,name:0c43709eb4e28e3a7ebf8cef952753e20d5714dc915127913f4f9d8fdd8215ad,2026-03-01,2.000000,21793.82,0.000000,0.000000,0.00,0.00,GBA,"","",2026-08-17 19:35:14.448308+00,2026-08-17 19:35:14.448311+00,507dc76ca0403084b980a4936477ccad53f088e6b672723eb826efb60d65eda3
puma_sw,name:0c43709eb4e28e3a7ebf8cef952753e20d5714dc915127913f4f9d8fdd8215ad,2026-06-01,1.000000,14994.31,0.000000,0.000000,0.00,0.00,GBA,"","",2026-08-17 19:35:14.4494+00,2026-08-17 19:35:14.449403+00,507dc76ca0403084b980a4936477ccad53f088e6b672723eb826efb60d65eda3
puma_sw,name:10e71ef7a370ab258963b46a86618cf80b7e96b796254efe24bff9b3945e5dcf,2026-01-01,16.000000,201021.60,0.000000,0.000000,0.00,0.00,Sur,"","",2026-08-17 19:35:14.450531+00,2026-08-17 19:35:14.450534+00,507dc76ca0403084b980a4936477ccad53f088e6b672723eb826efb60d65eda3
puma_sw,name:3973d3d5b68c6be011e38bb7186f304135fcfeea7071b7d7790b7242d46e5df9,2026-01-01,168.000000,3222082.08,0.000000,0.000000,0.00,0.00,Cuyo,"","",2026-08-17 19:35:14.45167+00,2026-08-17 19:35:14.451673+00,507dc76ca0403084b980a4936477ccad53f088e6b672723eb826efb60d65eda3
puma_sw,name:43a9fc99cce0a72867aa5216478bd22ccbd1c09d67524913cc3b71c7d7c44276,2026-06-01,-1.000000,-6538.50,0.000000,0.000000,0.00,0.00,Bs As,"","",2026-08-17 19:35:14.452778+00,2026-08-17 19:35:14.452781+00,507dc76ca0403084b980a4936477ccad53f088e6b672723eb826efb60d65eda3
puma_sw,name:43a9fc99cce0a72867aa5216478bd22ccbd1c09d67524913cc3b71c7d7c44276,2026-07-01,4.000000,85434.17,0.000000,0.000000,0.00,0.00,Bs As,"","",2026-08-17 19:35:14.453894+00,2026-08-17 19:35:14.453896+00,507dc76ca0403084b980a4936477ccad53f088e6b672723eb826efb60d65eda3
